[29-07-24 00:12:22] local.ERROR: syntax error, unexpected 'COURSES' (T_STRING), expecting ')' (View: C:\xampp\htdocs\language\resources\views\frontend\pages\index.blade.php) {"view":{"view":"C:\\xampp\\htdocs\\language\\resources\\views/frontend/pages/index.blade.php","data":{"slides":"<pre class=sf-dump id=sf-dump-517085559 data-indent-pad=\"  \"><span class=sf-dump-note>Illuminate\\Database\\Eloquent\\Collection</span> {<a class=sf-dump-ref>#1724</a><samp data-depth=1 class=sf-dump-expanded>
  #<span class=sf-dump-protected title=\"Protected property\">items</span>: <span class=sf-dump-note>array:3</span> [<samp data-depth=2 class=sf-dump-compact>
    <span class=sf-dump-index>0</span> => <span class=sf-dump-note title=\"App\\Models\\Slider
\"><span class=\"sf-dump-ellipsis sf-dump-ellipsis-note\">App\\Models</span><span class=\"sf-dump-ellipsis sf-dump-ellipsis-note\">\\</span>Slider</span> {<a class=sf-dump-ref>#1723</a><samp data-depth=3 class=sf-dump-compact>
      #<span class=sf-dump-protected title=\"Protected property\">guarded</span>: []
      #<span class=sf-dump-protected title=\"Protected property\">connection</span>: \"<span class=sf-dump-str title=\"5 characters\">mysql</span>\"
      #<span class=sf-dump-protected title=\"Protected property\">table</span>: \"<span class=sf-dump-str title=\"7 characters\">sliders</span>\"
      #<span class=sf-dump-protected title=\"Protected property\">primaryKey</span>: \"<span class=sf-dump-str title=\"2 characters\">id</span>\"
      #<span class=sf-dump-protected title=\"Protected property\">keyType</span>: \"<span class=sf-dump-str title=\"3 characters\">int</span>\"
      +<span class=sf-dump-public title=\"Public property\">incrementing</span>: <span class=sf-dump-const>true</span>
      #<span class=sf-dump-protected title=\"Protected property\">with</span>: []
      #<span class=sf-dump-protected title=\"Protected property\">withCount</span>: []
      +<span class=sf-dump-public title=\"Public property\">preventsLazyLoading</span>: <span class=sf-dump-const>false</span>
      #<span class=sf-dump-protected title=\"Protected property\">perPage</span>: <span class=sf-dump-num>15</span>
      +<span class=sf-dump-public title=\"Public property\">exists</span>: <span class=sf-dump-const>true</span>
      +<span class=sf-dump-public title=\"Public property\">wasRecentlyCreated</span>: <span class=sf-dump-const>false</span>
      #<span class=sf-dump-protected title=\"Protected property\">escapeWhenCastingToString</span>: <span class=sf-dump-const>false</span>
      #<span class=sf-dump-protected title=\"Protected property\">attributes</span>: <span class=sf-dump-note>array:9</span> [ &#8230;9]
      #<span class=sf-dump-protected title=\"Protected property\">original</span>: <span class=sf-dump-note>array:9</span> [ &#8230;9]
      #<span class=sf-dump-protected title=\"Protected property\">changes</span>: []
      #<span class=sf-dump-protected title=\"Protected property\">casts</span>: []
      #<span class=sf-dump-protected title=\"Protected property\">classCastCache</span>: []
      #<span class=sf-dump-protected title=\"Protected property\">attributeCastCache</span>: []
      #<span class=sf-dump-protected title=\"Protected property\">dates</span>: []
      #<span class=sf-dump-protected title=\"Protected property\">dateFormat</span>: <span class=sf-dump-const>null</span>
      #<span class=sf-dump-protected title=\"Protected property\">appends</span>: []
      #<span class=sf-dump-protected title=\"Protected property\">dispatchesEvents</span>: []
      #<span class=sf-dump-protected title=\"Protected property\">observables</span>: []
      #<span class=sf-dump-protected title=\"Protected property\">relations</span>: []
      #<span class=sf-dump-protected title=\"Protected property\">touches</span>: []
      +<span class=sf-dump-public title=\"Public property\">timestamps</span>: <span class=sf-dump-const>true</span>
      #<span class=sf-dump-protected title=\"Protected property\">hidden</span>: []
      #<span class=sf-dump-protected title=\"Protected property\">visible</span>: []
      #<span class=sf-dump-protected title=\"Protected property\">fillable</span>: []
    </samp>}
    <span class=sf-dump-index>1</span> => <span class=sf-dump-note title=\"App\\Models\\Slider
\"><span class=\"sf-dump-ellipsis sf-dump-ellipsis-note\">App\\Models</span><span class=\"sf-dump-ellipsis sf-dump-ellipsis-note\">\\</span>Slider</span> {<a class=sf-dump-ref>#1722</a><samp data-depth=3 class=sf-dump-compact>
      #<span class=sf-dump-protected title=\"Protected property\">guarded</span>: []
      #<span class=sf-dump-protected title=\"Protected property\">connection</span>: \"<span class=sf-dump-str title=\"5 characters\">mysql</span>\"
      #<span class=sf-dump-protected title=\"Protected property\">table</span>: \"<span class=sf-dump-str title=\"7 characters\">sliders</span>\"
      #<span class=sf-dump-protected title=\"Protected property\">primaryKey</span>: \"<span class=sf-dump-str title=\"2 characters\">id</span>\"
      #<span class=sf-dump-protected title=\"Protected property\">keyType</span>: \"<span class=sf-dump-str title=\"3 characters\">int</span>\"
      +<span class=sf-dump-public title=\"Public property\">incrementing</span>: <span class=sf-dump-const>true</span>
      #<span class=sf-dump-protected title=\"Protected property\">with</span>: []
      #<span class=sf-dump-protected title=\"Protected property\">withCount</span>: []
      +<span class=sf-dump-public title=\"Public property\">preventsLazyLoading</span>: <span class=sf-dump-const>false</span>
      #<span class=sf-dump-protected title=\"Protected property\">perPage</span>: <span class=sf-dump-num>15</span>
      +<span class=sf-dump-public title=\"Public property\">exists</span>: <span class=sf-dump-const>true</span>
      +<span class=sf-dump-public title=\"Public property\">wasRecentlyCreated</span>: <span class=sf-dump-const>false</span>
      #<span class=sf-dump-protected title=\"Protected property\">escapeWhenCastingToString</span>: <span class=sf-dump-const>false</span>
      #<span class=sf-dump-protected title=\"Protected property\">attributes</span>: <span class=sf-dump-note>array:9</span> [ &#8230;9]
      #<span class=sf-dump-protected title=\"Protected property\">original</span>: <span class=sf-dump-note>array:9</span> [ &#8230;9]
      #<span class=sf-dump-protected title=\"Protected property\">changes</span>: []
      #<span class=sf-dump-protected title=\"Protected property\">casts</span>: []
      #<span class=sf-dump-protected title=\"Protected property\">classCastCache</span>: []
      #<span class=sf-dump-protected title=\"Protected property\">attributeCastCache</span>: []
      #<span class=sf-dump-protected title=\"Protected property\">dates</span>: []
      #<span class=sf-dump-protected title=\"Protected property\">dateFormat</span>: <span class=sf-dump-const>null</span>
      #<span class=sf-dump-protected title=\"Protected property\">appends</span>: []
      #<span class=sf-dump-protected title=\"Protected property\">dispatchesEvents</span>: []
      #<span class=sf-dump-protected title=\"Protected property\">observables</span>: []
      #<span class=sf-dump-protected title=\"Protected property\">relations</span>: []
      #<span class=sf-dump-protected title=\"Protected property\">touches</span>: []
      +<span class=sf-dump-public title=\"Public property\">timestamps</span>: <span class=sf-dump-const>true</span>
      #<span class=sf-dump-protected title=\"Protected property\">hidden</span>: []
      #<span class=sf-dump-protected title=\"Protected property\">visible</span>: []
      #<span class=sf-dump-protected title=\"Protected property\">fillable</span>: []
    </samp>}
    <span class=sf-dump-index>2</span> => <span class=sf-dump-note title=\"App\\Models\\Slider
\"><span class=\"sf-dump-ellipsis sf-dump-ellipsis-note\">App\\Models</span><span class=\"sf-dump-ellipsis sf-dump-ellipsis-note\">\\</span>Slider</span> {<a class=sf-dump-ref>#1721</a><samp data-depth=3 class=sf-dump-compact>
      #<span class=sf-dump-protected title=\"Protected property\">guarded</span>: []
      #<span class=sf-dump-protected title=\"Protected property\">connection</span>: \"<span class=sf-dump-str title=\"5 characters\">mysql</span>\"
      #<span class=sf-dump-protected title=\"Protected property\">table</span>: \"<span class=sf-dump-str title=\"7 characters\">sliders</span>\"
      #<span class=sf-dump-protected title=\"Protected property\">primaryKey</span>: \"<span class=sf-dump-str title=\"2 characters\">id</span>\"
      #<span class=sf-dump-protected title=\"Protected property\">keyType</span>: \"<span class=sf-dump-str title=\"3 characters\">int</span>\"
      +<span class=sf-dump-public title=\"Public property\">incrementing</span>: <span class=sf-dump-const>true</span>
      #<span class=sf-dump-protected title=\"Protected property\">with</span>: []
      #<span class=sf-dump-protected title=\"Protected property\">withCount</span>: []
      +<span class=sf-dump-public title=\"Public property\">preventsLazyLoading</span>: <span class=sf-dump-const>false</span>
      #<span class=sf-dump-protected title=\"Protected property\">perPage</span>: <span class=sf-dump-num>15</span>
      +<span class=sf-dump-public title=\"Public property\">exists</span>: <span class=sf-dump-const>true</span>
      +<span class=sf-dump-public title=\"Public property\">wasRecentlyCreated</span>: <span class=sf-dump-const>false</span>
      #<span class=sf-dump-protected title=\"Protected property\">escapeWhenCastingToString</span>: <span class=sf-dump-const>false</span>
      #<span class=sf-dump-protected title=\"Protected property\">attributes</span>: <span class=sf-dump-note>array:9</span> [ &#8230;9]
      #<span class=sf-dump-protected title=\"Protected property\">original</span>: <span class=sf-dump-note>array:9</span> [ &#8230;9]
      #<span class=sf-dump-protected title=\"Protected property\">changes</span>: []
      #<span class=sf-dump-protected title=\"Protected property\">casts</span>: []
      #<span class=sf-dump-protected title=\"Protected property\">classCastCache</span>: []
      #<span class=sf-dump-protected title=\"Protected property\">attributeCastCache</span>: []
      #<span class=sf-dump-protected title=\"Protected property\">dates</span>: []
      #<span class=sf-dump-protected title=\"Protected property\">dateFormat</span>: <span class=sf-dump-const>null</span>
      #<span class=sf-dump-protected title=\"Protected property\">appends</span>: []
      #<span class=sf-dump-protected title=\"Protected property\">dispatchesEvents</span>: []
      #<span class=sf-dump-protected title=\"Protected property\">observables</span>: []
      #<span class=sf-dump-protected title=\"Protected property\">relations</span>: []
      #<span class=sf-dump-protected title=\"Protected property\">touches</span>: []
      +<span class=sf-dump-public title=\"Public property\">timestamps</span>: <span class=sf-dump-const>true</span>
      #<span class=sf-dump-protected title=\"Protected property\">hidden</span>: []
      #<span class=sf-dump-protected title=\"Protected property\">visible</span>: []
      #<span class=sf-dump-protected title=\"Protected property\">fillable</span>: []
    </samp>}
  </samp>]
  #<span class=sf-dump-protected title=\"Protected property\">escapeWhenCastingToString</span>: <span class=sf-dump-const>false</span>
</samp>}
</pre><script>Sfdump(\"sf-dump-517085559\", {\"maxDepth\":3,\"maxStringLength\":160})</script>
","custom_menus":"<pre class=sf-dump id=sf-dump-115318095 data-indent-pad=\"  \"><span class=sf-dump-note>array:6</span> [<samp data-depth=1 class=sf-dump-expanded>
  <span class=sf-dump-index>0</span> => <span class=sf-dump-note title=\"Harimayco\\Menu\\Models\\MenuItems
\"><span class=\"sf-dump-ellipsis sf-dump-ellipsis-note\">Harimayco\\Menu\\Models</span><span class=\"sf-dump-ellipsis sf-dump-ellipsis-note\">\\</span>MenuItems</span> {<a class=sf-dump-ref>#1714</a><samp data-depth=2 class=sf-dump-compact>
    #<span class=sf-dump-protected title=\"Protected property\">table</span>: \"<span class=sf-dump-str title=\"16 characters\">admin_menu_items</span>\"
    #<span class=sf-dump-protected title=\"Protected property\">fillable</span>: <span class=sf-dump-note>array:8</span> [<samp data-depth=3 class=sf-dump-compact>
      <span class=sf-dump-index>0</span> => \"<span class=sf-dump-str title=\"5 characters\">label</span>\"
      <span class=sf-dump-index>1</span> => \"<span class=sf-dump-str title=\"4 characters\">link</span>\"
      <span class=sf-dump-index>2</span> => \"<span class=sf-dump-str title=\"6 characters\">parent</span>\"
      <span class=sf-dump-index>3</span> => \"<span class=sf-dump-str title=\"4 characters\">sort</span>\"
      <span class=sf-dump-index>4</span> => \"<span class=sf-dump-str title=\"5 characters\">class</span>\"
      <span class=sf-dump-index>5</span> => \"<span class=sf-dump-str title=\"4 characters\">menu</span>\"
      <span class=sf-dump-index>6</span> => \"<span class=sf-dump-str title=\"5 characters\">depth</span>\"
      <span class=sf-dump-index>7</span> => \"<span class=sf-dump-str title=\"7 characters\">role_id</span>\"
    </samp>]
    #<span class=sf-dump-protected title=\"Protected property\">connection</span>: \"<span class=sf-dump-str title=\"5 characters\">mysql</span>\"
    #<span class=sf-dump-protected title=\"Protected property\">primaryKey</span>: \"<span class=sf-dump-str title=\"2 characters\">id</span>\"
    #<span class=sf-dump-protected title=\"Protected property\">keyType</span>: \"<span class=sf-dump-str title=\"3 characters\">int</span>\"
    +<span class=sf-dump-public title=\"Public property\">incrementing</span>: <span class=sf-dump-const>true</span>
    #<span class=sf-dump-protected title=\"Protected property\">with</span>: []
    #<span class=sf-dump-protected title=\"Protected property\">withCount</span>: []
    +<span class=sf-dump-public title=\"Public property\">preventsLazyLoading</span>: <span class=sf-dump-const>false</span>
    #<span class=sf-dump-protected title=\"Protected property\">perPage</span>: <span class=sf-dump-num>15</span>
    +<span class=sf-dump-public title=\"Public property\">exists</span>: <span class=sf-dump-const>true</span>
    +<span class=sf-dump-public title=\"Public property\">wasRecentlyCreated</span>: <span class=sf-dump-const>false</span>
    #<span class=sf-dump-protected title=\"Protected property\">escapeWhenCastingToString</span>: <span class=sf-dump-const>false</span>
    #<span class=sf-dump-protected title=\"Protected property\">attributes</span>: <span class=sf-dump-note>array:11</span> [<samp data-depth=3 class=sf-dump-compact>
      \"<span class=sf-dump-key>id</span>\" => <span class=sf-dump-num>20</span>
      \"<span class=sf-dump-key>label</span>\" => \"<span class=sf-dump-str title=\"13 characters\">About Margies</span>\"
      \"<span class=sf-dump-key>link</span>\" => \"<span class=sf-dump-str title=\"13 characters\">about-margies</span>\"
      \"<span class=sf-dump-key>parent</span>\" => <span class=sf-dump-num>20</span>
      \"<span class=sf-dump-key>sort</span>\" => <span class=sf-dump-num>0</span>
      \"<span class=sf-dump-key>class</span>\" => <span class=sf-dump-const>null</span>
      \"<span class=sf-dump-key>menu</span>\" => <span class=sf-dump-num>1</span>
      \"<span class=sf-dump-key>depth</span>\" => <span class=sf-dump-num>0</span>
      \"<span class=sf-dump-key>created_at</span>\" => \"<span class=sf-dump-str title=\"19 characters\">2028-07-24 23:38:41</span>\"
      \"<span class=sf-dump-key>updated_at</span>\" => \"<span class=sf-dump-str title=\"19 characters\">2028-07-24 23:39:04</span>\"
      \"<span class=sf-dump-key>subs</span>\" => []
    </samp>]
    #<span class=sf-dump-protected title=\"Protected property\">original</span>: <span class=sf-dump-note>array:10</span> [<samp data-depth=3 class=sf-dump-compact>
      \"<span class=sf-dump-key>id</span>\" => <span class=sf-dump-num>20</span>
      \"<span class=sf-dump-key>label</span>\" => \"<span class=sf-dump-str title=\"13 characters\">About Margies</span>\"
      \"<span class=sf-dump-key>link</span>\" => \"<span class=sf-dump-str title=\"13 characters\">about-margies</span>\"
      \"<span class=sf-dump-key>parent</span>\" => <span class=sf-dump-num>20</span>
      \"<span class=sf-dump-key>sort</span>\" => <span class=sf-dump-num>0</span>
      \"<span class=sf-dump-key>class</span>\" => <span class=sf-dump-const>null</span>
      \"<span class=sf-dump-key>menu</span>\" => <span class=sf-dump-num>1</span>
      \"<span class=sf-dump-key>depth</span>\" => <span class=sf-dump-num>0</span>
      \"<span class=sf-dump-key>created_at</span>\" => \"<span class=sf-dump-str title=\"19 characters\">2028-07-24 23:38:41</span>\"
      \"<span class=sf-dump-key>updated_at</span>\" => \"<span class=sf-dump-str title=\"19 characters\">2028-07-24 23:39:04</span>\"
    </samp>]
    #<span class=sf-dump-protected title=\"Protected property\">changes</span>: []
    #<span class=sf-dump-protected title=\"Protected property\">casts</span>: []
    #<span class=sf-dump-protected title=\"Protected property\">classCastCache</span>: []
    #<span class=sf-dump-protected title=\"Protected property\">attributeCastCache</span>: []
    #<span class=sf-dump-protected title=\"Protected property\">dates</span>: []
    #<span class=sf-dump-protected title=\"Protected property\">dateFormat</span>: <span class=sf-dump-const>null</span>
    #<span class=sf-dump-protected title=\"Protected property\">appends</span>: []
    #<span class=sf-dump-protected title=\"Protected property\">dispatchesEvents</span>: []
    #<span class=sf-dump-protected title=\"Protected property\">observables</span>: []
    #<span class=sf-dump-protected title=\"Protected property\">relations</span>: []
    #<span class=sf-dump-protected title=\"Protected property\">touches</span>: []
    +<span class=sf-dump-public title=\"Public property\">timestamps</span>: <span class=sf-dump-const>true</span>
    #<span class=sf-dump-protected title=\"Protected property\">hidden</span>: []
    #<span class=sf-dump-protected title=\"Protected property\">visible</span>: []
    #<span class=sf-dump-protected title=\"Protected property\">guarded</span>: <span class=sf-dump-note>array:1</span> [<samp data-depth=3 class=sf-dump-compact>
      <span class=sf-dump-index>0</span> => \"<span class=sf-dump-str>*</span>\"
    </samp>]
  </samp>}
  <span class=sf-dump-index>1</span> => <span class=sf-dump-note title=\"Harimayco\\Menu\\Models\\MenuItems
\"><span class=\"sf-dump-ellipsis sf-dump-ellipsis-note\">Harimayco\\Menu\\Models</span><span class=\"sf-dump-ellipsis sf-dump-ellipsis-note\">\\</span>MenuItems</span> {<a class=sf-dump-ref>#1713</a><samp data-depth=2 class=sf-dump-compact>
    #<span class=sf-dump-protected title=\"Protected property\">table</span>: \"<span class=sf-dump-str title=\"16 characters\">admin_menu_items</span>\"
    #<span class=sf-dump-protected title=\"Protected property\">fillable</span>: <span class=sf-dump-note>array:8</span> [<samp data-depth=3 class=sf-dump-compact>
      <span class=sf-dump-index>0</span> => \"<span class=sf-dump-str title=\"5 characters\">label</span>\"
      <span class=sf-dump-index>1</span> => \"<span class=sf-dump-str title=\"4 characters\">link</span>\"
      <span class=sf-dump-index>2</span> => \"<span class=sf-dump-str title=\"6 characters\">parent</span>\"
      <span class=sf-dump-index>3</span> => \"<span class=sf-dump-str title=\"4 characters\">sort</span>\"
      <span class=sf-dump-index>4</span> => \"<span class=sf-dump-str title=\"5 characters\">class</span>\"
      <span class=sf-dump-index>5</span> => \"<span class=sf-dump-str title=\"4 characters\">menu</span>\"
      <span class=sf-dump-index>6</span> => \"<span class=sf-dump-str title=\"5 characters\">depth</span>\"
      <span class=sf-dump-index>7</span> => \"<span class=sf-dump-str title=\"7 characters\">role_id</span>\"
    </samp>]
    #<span class=sf-dump-protected title=\"Protected property\">connection</span>: \"<span class=sf-dump-str title=\"5 characters\">mysql</span>\"
    #<span class=sf-dump-protected title=\"Protected property\">primaryKey</span>: \"<span class=sf-dump-str title=\"2 characters\">id</span>\"
    #<span class=sf-dump-protected title=\"Protected property\">keyType</span>: \"<span class=sf-dump-str title=\"3 characters\">int</span>\"
    +<span class=sf-dump-public title=\"Public property\">incrementing</span>: <span class=sf-dump-const>true</span>
    #<span class=sf-dump-protected title=\"Protected property\">with</span>: []
    #<span class=sf-dump-protected title=\"Protected property\">withCount</span>: []
    +<span class=sf-dump-public title=\"Public property\">preventsLazyLoading</span>: <span class=sf-dump-const>false</span>
    #<span class=sf-dump-protected title=\"Protected property\">perPage</span>: <span class=sf-dump-num>15</span>
    +<span class=sf-dump-public title=\"Public property\">exists</span>: <span class=sf-dump-const>true</span>
    +<span class=sf-dump-public title=\"Public property\">wasRecentlyCreated</span>: <span class=sf-dump-const>false</span>
    #<span class=sf-dump-protected title=\"Protected property\">escapeWhenCastingToString</span>: <span class=sf-dump-const>false</span>
    #<span class=sf-dump-protected title=\"Protected property\">attributes</span>: <span class=sf-dump-note>array:11</span> [<samp data-depth=3 class=sf-dump-compact>
      \"<span class=sf-dump-key>id</span>\" => <span class=sf-dump-num>1</span>
      \"<span class=sf-dump-key>label</span>\" => \"<span class=sf-dump-str title=\"17 characters\">Courses &amp; Lessons</span>\"
      \"<span class=sf-dump-key>link</span>\" => \"<span class=sf-dump-str title=\"15 characters\">courses-lessons</span>\"
      \"<span class=sf-dump-key>parent</span>\" => <span class=sf-dump-num>1</span>
      \"<span class=sf-dump-key>sort</span>\" => <span class=sf-dump-num>1</span>
      \"<span class=sf-dump-key>class</span>\" => <span class=sf-dump-const>null</span>
      \"<span class=sf-dump-key>menu</span>\" => <span class=sf-dump-num>1</span>
      \"<span class=sf-dump-key>depth</span>\" => <span class=sf-dump-num>0</span>
      \"<span class=sf-dump-key>created_at</span>\" => \"<span class=sf-dump-str title=\"19 characters\">2024-02-06 14:46:24</span>\"
      \"<span class=sf-dump-key>updated_at</span>\" => \"<span class=sf-dump-str title=\"19 characters\">2028-07-24 23:41:49</span>\"
      \"<span class=sf-dump-key>subs</span>\" => []
    </samp>]
    #<span class=sf-dump-protected title=\"Protected property\">original</span>: <span class=sf-dump-note>array:10</span> [<samp data-depth=3 class=sf-dump-compact>
      \"<span class=sf-dump-key>id</span>\" => <span class=sf-dump-num>1</span>
      \"<span class=sf-dump-key>label</span>\" => \"<span class=sf-dump-str title=\"17 characters\">Courses &amp; Lessons</span>\"
      \"<span class=sf-dump-key>link</span>\" => \"<span class=sf-dump-str title=\"15 characters\">courses-lessons</span>\"
      \"<span class=sf-dump-key>parent</span>\" => <span class=sf-dump-num>1</span>
      \"<span class=sf-dump-key>sort</span>\" => <span class=sf-dump-num>1</span>
      \"<span class=sf-dump-key>class</span>\" => <span class=sf-dump-const>null</span>
      \"<span class=sf-dump-key>menu</span>\" => <span class=sf-dump-num>1</span>
      \"<span class=sf-dump-key>depth</span>\" => <span class=sf-dump-num>0</span>
      \"<span class=sf-dump-key>created_at</span>\" => \"<span class=sf-dump-str title=\"19 characters\">2024-02-06 14:46:24</span>\"
      \"<span class=sf-dump-key>updated_at</span>\" => \"<span class=sf-dump-str title=\"19 characters\">2028-07-24 23:41:49</span>\"
    </samp>]
    #<span class=sf-dump-protected title=\"Protected property\">changes</span>: []
    #<span class=sf-dump-protected title=\"Protected property\">casts</span>: []
    #<span class=sf-dump-protected title=\"Protected property\">classCastCache</span>: []
    #<span class=sf-dump-protected title=\"Protected property\">attributeCastCache</span>: []
    #<span class=sf-dump-protected title=\"Protected property\">dates</span>: []
    #<span class=sf-dump-protected title=\"Protected property\">dateFormat</span>: <span class=sf-dump-const>null</span>
    #<span class=sf-dump-protected title=\"Protected property\">appends</span>: []
    #<span class=sf-dump-protected title=\"Protected property\">dispatchesEvents</span>: []
    #<span class=sf-dump-protected title=\"Protected property\">observables</span>: []
    #<span class=sf-dump-protected title=\"Protected property\">relations</span>: []
    #<span class=sf-dump-protected title=\"Protected property\">touches</span>: []
    +<span class=sf-dump-public title=\"Public property\">timestamps</span>: <span class=sf-dump-const>true</span>
    #<span class=sf-dump-protected title=\"Protected property\">hidden</span>: []
    #<span class=sf-dump-protected title=\"Protected property\">visible</span>: []
    #<span class=sf-dump-protected title=\"Protected property\">guarded</span>: <span class=sf-dump-note>array:1</span> [<samp data-depth=3 class=sf-dump-compact>
      <span class=sf-dump-index>0</span> => \"<span class=sf-dump-str>*</span>\"
    </samp>]
  </samp>}
  <span class=sf-dump-index>2</span> => <span class=sf-dump-note title=\"Harimayco\\Menu\\Models\\MenuItems
\"><span class=\"sf-dump-ellipsis sf-dump-ellipsis-note\">Harimayco\\Menu\\Models</span><span class=\"sf-dump-ellipsis sf-dump-ellipsis-note\">\\</span>MenuItems</span> {<a class=sf-dump-ref>#1712</a><samp data-depth=2 class=sf-dump-compact>
    #<span class=sf-dump-protected title=\"Protected property\">table</span>: \"<span class=sf-dump-str title=\"16 characters\">admin_menu_items</span>\"
    #<span class=sf-dump-protected title=\"Protected property\">fillable</span>: <span class=sf-dump-note>array:8</span> [<samp data-depth=3 class=sf-dump-compact>
      <span class=sf-dump-index>0</span> => \"<span class=sf-dump-str title=\"5 characters\">label</span>\"
      <span class=sf-dump-index>1</span> => \"<span class=sf-dump-str title=\"4 characters\">link</span>\"
      <span class=sf-dump-index>2</span> => \"<span class=sf-dump-str title=\"6 characters\">parent</span>\"
      <span class=sf-dump-index>3</span> => \"<span class=sf-dump-str title=\"4 characters\">sort</span>\"
      <span class=sf-dump-index>4</span> => \"<span class=sf-dump-str title=\"5 characters\">class</span>\"
      <span class=sf-dump-index>5</span> => \"<span class=sf-dump-str title=\"4 characters\">menu</span>\"
      <span class=sf-dump-index>6</span> => \"<span class=sf-dump-str title=\"5 characters\">depth</span>\"
      <span class=sf-dump-index>7</span> => \"<span class=sf-dump-str title=\"7 characters\">role_id</span>\"
    </samp>]
    #<span class=sf-dump-protected title=\"Protected property\">connection</span>: \"<span class=sf-dump-str title=\"5 characters\">mysql</span>\"
    #<span class=sf-dump-protected title=\"Protected property\">primaryKey</span>: \"<span class=sf-dump-str title=\"2 characters\">id</span>\"
    #<span class=sf-dump-protected title=\"Protected property\">keyType</span>: \"<span class=sf-dump-str title=\"3 characters\">int</span>\"
    +<span class=sf-dump-public title=\"Public property\">incrementing</span>: <span class=sf-dump-const>true</span>
    #<span class=sf-dump-protected title=\"Protected property\">with</span>: []
    #<span class=sf-dump-protected title=\"Protected property\">withCount</span>: []
    +<span class=sf-dump-public title=\"Public property\">preventsLazyLoading</span>: <span class=sf-dump-const>false</span>
    #<span class=sf-dump-protected title=\"Protected property\">perPage</span>: <span class=sf-dump-num>15</span>
    +<span class=sf-dump-public title=\"Public property\">exists</span>: <span class=sf-dump-const>true</span>
    +<span class=sf-dump-public title=\"Public property\">wasRecentlyCreated</span>: <span class=sf-dump-const>false</span>
    #<span class=sf-dump-protected title=\"Protected property\">escapeWhenCastingToString</span>: <span class=sf-dump-const>false</span>
    #<span class=sf-dump-protected title=\"Protected property\">attributes</span>: <span class=sf-dump-note>array:11</span> [<samp data-depth=3 class=sf-dump-compact>
      \"<span class=sf-dump-key>id</span>\" => <span class=sf-dump-num>2</span>
      \"<span class=sf-dump-key>label</span>\" => \"<span class=sf-dump-str title=\"11 characters\">BUY COURSES</span>\"
      \"<span class=sf-dump-key>link</span>\" => \"<span class=sf-dump-str title=\"7 characters\">courses</span>\"
      \"<span class=sf-dump-key>parent</span>\" => <span class=sf-dump-num>2</span>
      \"<span class=sf-dump-key>sort</span>\" => <span class=sf-dump-num>2</span>
      \"<span class=sf-dump-key>class</span>\" => <span class=sf-dump-const>null</span>
      \"<span class=sf-dump-key>menu</span>\" => <span class=sf-dump-num>1</span>
      \"<span class=sf-dump-key>depth</span>\" => <span class=sf-dump-num>0</span>
      \"<span class=sf-dump-key>created_at</span>\" => \"<span class=sf-dump-str title=\"19 characters\">2024-02-06 14:46:24</span>\"
      \"<span class=sf-dump-key>updated_at</span>\" => \"<span class=sf-dump-str title=\"19 characters\">2028-07-24 22:05:59</span>\"
      \"<span class=sf-dump-key>subs</span>\" => []
    </samp>]
    #<span class=sf-dump-protected title=\"Protected property\">original</span>: <span class=sf-dump-note>array:10</span> [<samp data-depth=3 class=sf-dump-compact>
      \"<span class=sf-dump-key>id</span>\" => <span class=sf-dump-num>2</span>
      \"<span class=sf-dump-key>label</span>\" => \"<span class=sf-dump-str title=\"11 characters\">BUY COURSES</span>\"
      \"<span class=sf-dump-key>link</span>\" => \"<span class=sf-dump-str title=\"7 characters\">courses</span>\"
      \"<span class=sf-dump-key>parent</span>\" => <span class=sf-dump-num>2</span>
      \"<span class=sf-dump-key>sort</span>\" => <span class=sf-dump-num>2</span>
      \"<span class=sf-dump-key>class</span>\" => <span class=sf-dump-const>null</span>
      \"<span class=sf-dump-key>menu</span>\" => <span class=sf-dump-num>1</span>
      \"<span class=sf-dump-key>depth</span>\" => <span class=sf-dump-num>0</span>
      \"<span class=sf-dump-key>created_at</span>\" => \"<span class=sf-dump-str title=\"19 characters\">2024-02-06 14:46:24</span>\"
      \"<span class=sf-dump-key>updated_at</span>\" => \"<span class=sf-dump-str title=\"19 characters\">2028-07-24 22:05:59</span>\"
    </samp>]
    #<span class=sf-dump-protected title=\"Protected property\">changes</span>: []
    #<span class=sf-dump-protected title=\"Protected property\">casts</span>: []
    #<span class=sf-dump-protected title=\"Protected property\">classCastCache</span>: []
    #<span class=sf-dump-protected title=\"Protected property\">attributeCastCache</span>: []
    #<span class=sf-dump-protected title=\"Protected property\">dates</span>: []
    #<span class=sf-dump-protected title=\"Protected property\">dateFormat</span>: <span class=sf-dump-const>null</span>
    #<span class=sf-dump-protected title=\"Protected property\">appends</span>: []
    #<span class=sf-dump-protected title=\"Protected property\">dispatchesEvents</span>: []
    #<span class=sf-dump-protected title=\"Protected property\">observables</span>: []
    #<span class=sf-dump-protected title=\"Protected property\">relations</span>: []
    #<span class=sf-dump-protected title=\"Protected property\">touches</span>: []
    +<span class=sf-dump-public title=\"Public property\">timestamps</span>: <span class=sf-dump-const>true</span>
    #<span class=sf-dump-protected title=\"Protected property\">hidden</span>: []
    #<span class=sf-dump-protected title=\"Protected property\">visible</span>: []
    #<span class=sf-dump-protected title=\"Protected property\">guarded</span>: <span class=sf-dump-note>array:1</span> [<samp data-depth=3 class=sf-dump-compact>
      <span class=sf-dump-index>0</span> => \"<span class=sf-dump-str>*</span>\"
    </samp>]
  </samp>}
  <span class=sf-dump-index>3</span> => <span class=sf-dump-note title=\"Harimayco\\Menu\\Models\\MenuItems
\"><span class=\"sf-dump-ellipsis sf-dump-ellipsis-note\">Harimayco\\Menu\\Models</span><span class=\"sf-dump-ellipsis sf-dump-ellipsis-note\">\\</span>MenuItems</span> {<a class=sf-dump-ref>#1711</a><samp data-depth=2 class=sf-dump-compact>
    #<span class=sf-dump-protected title=\"Protected property\">table</span>: \"<span class=sf-dump-str title=\"16 characters\">admin_menu_items</span>\"
    #<span class=sf-dump-protected title=\"Protected property\">fillable</span>: <span class=sf-dump-note>array:8</span> [<samp data-depth=3 class=sf-dump-compact>
      <span class=sf-dump-index>0</span> => \"<span class=sf-dump-str title=\"5 characters\">label</span>\"
      <span class=sf-dump-index>1</span> => \"<span class=sf-dump-str title=\"4 characters\">link</span>\"
      <span class=sf-dump-index>2</span> => \"<span class=sf-dump-str title=\"6 characters\">parent</span>\"
      <span class=sf-dump-index>3</span> => \"<span class=sf-dump-str title=\"4 characters\">sort</span>\"
      <span class=sf-dump-index>4</span> => \"<span class=sf-dump-str title=\"5 characters\">class</span>\"
      <span class=sf-dump-index>5</span> => \"<span class=sf-dump-str title=\"4 characters\">menu</span>\"
      <span class=sf-dump-index>6</span> => \"<span class=sf-dump-str title=\"5 characters\">depth</span>\"
      <span class=sf-dump-index>7</span> => \"<span class=sf-dump-str title=\"7 characters\">role_id</span>\"
    </samp>]
    #<span class=sf-dump-protected title=\"Protected property\">connection</span>: \"<span class=sf-dump-str title=\"5 characters\">mysql</span>\"
    #<span class=sf-dump-protected title=\"Protected property\">primaryKey</span>: \"<span class=sf-dump-str title=\"2 characters\">id</span>\"
    #<span class=sf-dump-protected title=\"Protected property\">keyType</span>: \"<span class=sf-dump-str title=\"3 characters\">int</span>\"
    +<span class=sf-dump-public title=\"Public property\">incrementing</span>: <span class=sf-dump-const>true</span>
    #<span class=sf-dump-protected title=\"Protected property\">with</span>: []
    #<span class=sf-dump-protected title=\"Protected property\">withCount</span>: []
    +<span class=sf-dump-public title=\"Public property\">preventsLazyLoading</span>: <span class=sf-dump-const>false</span>
    #<span class=sf-dump-protected title=\"Protected property\">perPage</span>: <span class=sf-dump-num>15</span>
    +<span class=sf-dump-public title=\"Public property\">exists</span>: <span class=sf-dump-const>true</span>
    +<span class=sf-dump-public title=\"Public property\">wasRecentlyCreated</span>: <span class=sf-dump-const>false</span>
    #<span class=sf-dump-protected title=\"Protected property\">escapeWhenCastingToString</span>: <span class=sf-dump-const>false</span>
    #<span class=sf-dump-protected title=\"Protected property\">attributes</span>: <span class=sf-dump-note>array:11</span> [<samp data-depth=3 class=sf-dump-compact>
      \"<span class=sf-dump-key>id</span>\" => <span class=sf-dump-num>5</span>
      \"<span class=sf-dump-key>label</span>\" => \"<span class=sf-dump-str title=\"7 characters\">Contact</span>\"
      \"<span class=sf-dump-key>link</span>\" => \"<span class=sf-dump-str title=\"7 characters\">contact</span>\"
      \"<span class=sf-dump-key>parent</span>\" => <span class=sf-dump-num>5</span>
      \"<span class=sf-dump-key>sort</span>\" => <span class=sf-dump-num>3</span>
      \"<span class=sf-dump-key>class</span>\" => <span class=sf-dump-const>null</span>
      \"<span class=sf-dump-key>menu</span>\" => <span class=sf-dump-num>1</span>
      \"<span class=sf-dump-key>depth</span>\" => <span class=sf-dump-num>0</span>
      \"<span class=sf-dump-key>created_at</span>\" => \"<span class=sf-dump-str title=\"19 characters\">2024-02-06 14:46:24</span>\"
      \"<span class=sf-dump-key>updated_at</span>\" => \"<span class=sf-dump-str title=\"19 characters\">2028-07-24 23:44:17</span>\"
      \"<span class=sf-dump-key>subs</span>\" => []
    </samp>]
    #<span class=sf-dump-protected title=\"Protected property\">original</span>: <span class=sf-dump-note>array:10</span> [<samp data-depth=3 class=sf-dump-compact>
      \"<span class=sf-dump-key>id</span>\" => <span class=sf-dump-num>5</span>
      \"<span class=sf-dump-key>label</span>\" => \"<span class=sf-dump-str title=\"7 characters\">Contact</span>\"
      \"<span class=sf-dump-key>link</span>\" => \"<span class=sf-dump-str title=\"7 characters\">contact</span>\"
      \"<span class=sf-dump-key>parent</span>\" => <span class=sf-dump-num>5</span>
      \"<span class=sf-dump-key>sort</span>\" => <span class=sf-dump-num>3</span>
      \"<span class=sf-dump-key>class</span>\" => <span class=sf-dump-const>null</span>
      \"<span class=sf-dump-key>menu</span>\" => <span class=sf-dump-num>1</span>
      \"<span class=sf-dump-key>depth</span>\" => <span class=sf-dump-num>0</span>
      \"<span class=sf-dump-key>created_at</span>\" => \"<span class=sf-dump-str title=\"19 characters\">2024-02-06 14:46:24</span>\"
      \"<span class=sf-dump-key>updated_at</span>\" => \"<span class=sf-dump-str title=\"19 characters\">2028-07-24 23:44:17</span>\"
    </samp>]
    #<span class=sf-dump-protected title=\"Protected property\">changes</span>: []
    #<span class=sf-dump-protected title=\"Protected property\">casts</span>: []
    #<span class=sf-dump-protected title=\"Protected property\">classCastCache</span>: []
    #<span class=sf-dump-protected title=\"Protected property\">attributeCastCache</span>: []
    #<span class=sf-dump-protected title=\"Protected property\">dates</span>: []
    #<span class=sf-dump-protected title=\"Protected property\">dateFormat</span>: <span class=sf-dump-const>null</span>
    #<span class=sf-dump-protected title=\"Protected property\">appends</span>: []
    #<span class=sf-dump-protected title=\"Protected property\">dispatchesEvents</span>: []
    #<span class=sf-dump-protected title=\"Protected property\">observables</span>: []
    #<span class=sf-dump-protected title=\"Protected property\">relations</span>: []
    #<span class=sf-dump-protected title=\"Protected property\">touches</span>: []
    +<span class=sf-dump-public title=\"Public property\">timestamps</span>: <span class=sf-dump-const>true</span>
    #<span class=sf-dump-protected title=\"Protected property\">hidden</span>: []
    #<span class=sf-dump-protected title=\"Protected property\">visible</span>: []
    #<span class=sf-dump-protected title=\"Protected property\">guarded</span>: <span class=sf-dump-note>array:1</span> [<samp data-depth=3 class=sf-dump-compact>
      <span class=sf-dump-index>0</span> => \"<span class=sf-dump-str>*</span>\"
    </samp>]
  </samp>}
  <span class=sf-dump-index>4</span> => <span class=sf-dump-note title=\"Harimayco\\Menu\\Models\\MenuItems
\"><span class=\"sf-dump-ellipsis sf-dump-ellipsis-note\">Harimayco\\Menu\\Models</span><span class=\"sf-dump-ellipsis sf-dump-ellipsis-note\">\\</span>MenuItems</span> {<a class=sf-dump-ref>#1710</a><samp data-depth=2 class=sf-dump-compact>
    #<span class=sf-dump-protected title=\"Protected property\">table</span>: \"<span class=sf-dump-str title=\"16 characters\">admin_menu_items</span>\"
    #<span class=sf-dump-protected title=\"Protected property\">fillable</span>: <span class=sf-dump-note>array:8</span> [<samp data-depth=3 class=sf-dump-compact>
      <span class=sf-dump-index>0</span> => \"<span class=sf-dump-str title=\"5 characters\">label</span>\"
      <span class=sf-dump-index>1</span> => \"<span class=sf-dump-str title=\"4 characters\">link</span>\"
      <span class=sf-dump-index>2</span> => \"<span class=sf-dump-str title=\"6 characters\">parent</span>\"
      <span class=sf-dump-index>3</span> => \"<span class=sf-dump-str title=\"4 characters\">sort</span>\"
      <span class=sf-dump-index>4</span> => \"<span class=sf-dump-str title=\"5 characters\">class</span>\"
      <span class=sf-dump-index>5</span> => \"<span class=sf-dump-str title=\"4 characters\">menu</span>\"
      <span class=sf-dump-index>6</span> => \"<span class=sf-dump-str title=\"5 characters\">depth</span>\"
      <span class=sf-dump-index>7</span> => \"<span class=sf-dump-str title=\"7 characters\">role_id</span>\"
    </samp>]
    #<span class=sf-dump-protected title=\"Protected property\">connection</span>: \"<span class=sf-dump-str title=\"5 characters\">mysql</span>\"
    #<span class=sf-dump-protected title=\"Protected property\">primaryKey</span>: \"<span class=sf-dump-str title=\"2 characters\">id</span>\"
    #<span class=sf-dump-protected title=\"Protected property\">keyType</span>: \"<span class=sf-dump-str title=\"3 characters\">int</span>\"
    +<span class=sf-dump-public title=\"Public property\">incrementing</span>: <span class=sf-dump-const>true</span>
    #<span class=sf-dump-protected title=\"Protected property\">with</span>: []
    #<span class=sf-dump-protected title=\"Protected property\">withCount</span>: []
    +<span class=sf-dump-public title=\"Public property\">preventsLazyLoading</span>: <span class=sf-dump-const>false</span>
    #<span class=sf-dump-protected title=\"Protected property\">perPage</span>: <span class=sf-dump-num>15</span>
    +<span class=sf-dump-public title=\"Public property\">exists</span>: <span class=sf-dump-const>true</span>
    +<span class=sf-dump-public title=\"Public property\">wasRecentlyCreated</span>: <span class=sf-dump-const>false</span>
    #<span class=sf-dump-protected title=\"Protected property\">escapeWhenCastingToString</span>: <span class=sf-dump-const>false</span>
    #<span class=sf-dump-protected title=\"Protected property\">attributes</span>: <span class=sf-dump-note>array:11</span> [<samp data-depth=3 class=sf-dump-compact>
      \"<span class=sf-dump-key>id</span>\" => <span class=sf-dump-num>4</span>
      \"<span class=sf-dump-key>label</span>\" => \"<span class=sf-dump-str title=\"6 characters\">Forums</span>\"
      \"<span class=sf-dump-key>link</span>\" => \"<span class=sf-dump-str title=\"6 characters\">forums</span>\"
      \"<span class=sf-dump-key>parent</span>\" => <span class=sf-dump-num>4</span>
      \"<span class=sf-dump-key>sort</span>\" => <span class=sf-dump-num>4</span>
      \"<span class=sf-dump-key>class</span>\" => <span class=sf-dump-const>null</span>
      \"<span class=sf-dump-key>menu</span>\" => <span class=sf-dump-num>1</span>
      \"<span class=sf-dump-key>depth</span>\" => <span class=sf-dump-num>0</span>
      \"<span class=sf-dump-key>created_at</span>\" => \"<span class=sf-dump-str title=\"19 characters\">2024-02-06 14:46:24</span>\"
      \"<span class=sf-dump-key>updated_at</span>\" => \"<span class=sf-dump-str title=\"19 characters\">2028-07-24 23:44:18</span>\"
      \"<span class=sf-dump-key>subs</span>\" => []
    </samp>]
    #<span class=sf-dump-protected title=\"Protected property\">original</span>: <span class=sf-dump-note>array:10</span> [<samp data-depth=3 class=sf-dump-compact>
      \"<span class=sf-dump-key>id</span>\" => <span class=sf-dump-num>4</span>
      \"<span class=sf-dump-key>label</span>\" => \"<span class=sf-dump-str title=\"6 characters\">Forums</span>\"
      \"<span class=sf-dump-key>link</span>\" => \"<span class=sf-dump-str title=\"6 characters\">forums</span>\"
      \"<span class=sf-dump-key>parent</span>\" => <span class=sf-dump-num>4</span>
      \"<span class=sf-dump-key>sort</span>\" => <span class=sf-dump-num>4</span>
      \"<span class=sf-dump-key>class</span>\" => <span class=sf-dump-const>null</span>
      \"<span class=sf-dump-key>menu</span>\" => <span class=sf-dump-num>1</span>
      \"<span class=sf-dump-key>depth</span>\" => <span class=sf-dump-num>0</span>
      \"<span class=sf-dump-key>created_at</span>\" => \"<span class=sf-dump-str title=\"19 characters\">2024-02-06 14:46:24</span>\"
      \"<span class=sf-dump-key>updated_at</span>\" => \"<span class=sf-dump-str title=\"19 characters\">2028-07-24 23:44:18</span>\"
    </samp>]
    #<span class=sf-dump-protected title=\"Protected property\">changes</span>: []
    #<span class=sf-dump-protected title=\"Protected property\">casts</span>: []
    #<span class=sf-dump-protected title=\"Protected property\">classCastCache</span>: []
    #<span class=sf-dump-protected title=\"Protected property\">attributeCastCache</span>: []
    #<span class=sf-dump-protected title=\"Protected property\">dates</span>: []
    #<span class=sf-dump-protected title=\"Protected property\">dateFormat</span>: <span class=sf-dump-const>null</span>
    #<span class=sf-dump-protected title=\"Protected property\">appends</span>: []
    #<span class=sf-dump-protected title=\"Protected property\">dispatchesEvents</span>: []
    #<span class=sf-dump-protected title=\"Protected property\">observables</span>: []
    #<span class=sf-dump-protected title=\"Protected property\">relations</span>: []
    #<span class=sf-dump-protected title=\"Protected property\">touches</span>: []
    +<span class=sf-dump-public title=\"Public property\">timestamps</span>: <span class=sf-dump-const>true</span>
    #<span class=sf-dump-protected title=\"Protected property\">hidden</span>: []
    #<span class=sf-dump-protected title=\"Protected property\">visible</span>: []
    #<span class=sf-dump-protected title=\"Protected property\">guarded</span>: <span class=sf-dump-note>array:1</span> [<samp data-depth=3 class=sf-dump-compact>
      <span class=sf-dump-index>0</span> => \"<span class=sf-dump-str>*</span>\"
    </samp>]
  </samp>}
  <span class=sf-dump-index>5</span> => <span class=sf-dump-note title=\"Harimayco\\Menu\\Models\\MenuItems
\"><span class=\"sf-dump-ellipsis sf-dump-ellipsis-note\">Harimayco\\Menu\\Models</span><span class=\"sf-dump-ellipsis sf-dump-ellipsis-note\">\\</span>MenuItems</span> {<a class=sf-dump-ref>#1709</a><samp data-depth=2 class=sf-dump-compact>
    #<span class=sf-dump-protected title=\"Protected property\">table</span>: \"<span class=sf-dump-str title=\"16 characters\">admin_menu_items</span>\"
    #<span class=sf-dump-protected title=\"Protected property\">fillable</span>: <span class=sf-dump-note>array:8</span> [<samp data-depth=3 class=sf-dump-compact>
      <span class=sf-dump-index>0</span> => \"<span class=sf-dump-str title=\"5 characters\">label</span>\"
      <span class=sf-dump-index>1</span> => \"<span class=sf-dump-str title=\"4 characters\">link</span>\"
      <span class=sf-dump-index>2</span> => \"<span class=sf-dump-str title=\"6 characters\">parent</span>\"
      <span class=sf-dump-index>3</span> => \"<span class=sf-dump-str title=\"4 characters\">sort</span>\"
      <span class=sf-dump-index>4</span> => \"<span class=sf-dump-str title=\"5 characters\">class</span>\"
      <span class=sf-dump-index>5</span> => \"<span class=sf-dump-str title=\"4 characters\">menu</span>\"
      <span class=sf-dump-index>6</span> => \"<span class=sf-dump-str title=\"5 characters\">depth</span>\"
      <span class=sf-dump-index>7</span> => \"<span class=sf-dump-str title=\"7 characters\">role_id</span>\"
    </samp>]
    #<span class=sf-dump-protected title=\"Protected property\">connection</span>: \"<span class=sf-dump-str title=\"5 characters\">mysql</span>\"
    #<span class=sf-dump-protected title=\"Protected property\">primaryKey</span>: \"<span class=sf-dump-str title=\"2 characters\">id</span>\"
    #<span class=sf-dump-protected title=\"Protected property\">keyType</span>: \"<span class=sf-dump-str title=\"3 characters\">int</span>\"
    +<span class=sf-dump-public title=\"Public property\">incrementing</span>: <span class=sf-dump-const>true</span>
    #<span class=sf-dump-protected title=\"Protected property\">with</span>: []
    #<span class=sf-dump-protected title=\"Protected property\">withCount</span>: []
    +<span class=sf-dump-public title=\"Public property\">preventsLazyLoading</span>: <span class=sf-dump-const>false</span>
    #<span class=sf-dump-protected title=\"Protected property\">perPage</span>: <span class=sf-dump-num>15</span>
    +<span class=sf-dump-public title=\"Public property\">exists</span>: <span class=sf-dump-const>true</span>
    +<span class=sf-dump-public title=\"Public property\">wasRecentlyCreated</span>: <span class=sf-dump-const>false</span>
    #<span class=sf-dump-protected title=\"Protected property\">escapeWhenCastingToString</span>: <span class=sf-dump-const>false</span>
    #<span class=sf-dump-protected title=\"Protected property\">attributes</span>: <span class=sf-dump-note>array:11</span> [<samp data-depth=3 class=sf-dump-compact>
      \"<span class=sf-dump-key>id</span>\" => <span class=sf-dump-num>21</span>
      \"<span class=sf-dump-key>label</span>\" => \"<span class=sf-dump-str title=\"5 characters\">Blogs</span>\"
      \"<span class=sf-dump-key>link</span>\" => \"<span class=sf-dump-str title=\"5 characters\">blogs</span>\"
      \"<span class=sf-dump-key>parent</span>\" => <span class=sf-dump-num>21</span>
      \"<span class=sf-dump-key>sort</span>\" => <span class=sf-dump-num>5</span>
      \"<span class=sf-dump-key>class</span>\" => <span class=sf-dump-const>null</span>
      \"<span class=sf-dump-key>menu</span>\" => <span class=sf-dump-num>1</span>
      \"<span class=sf-dump-key>depth</span>\" => <span class=sf-dump-num>0</span>
      \"<span class=sf-dump-key>created_at</span>\" => \"<span class=sf-dump-str title=\"19 characters\">2028-07-24 23:45:40</span>\"
      \"<span class=sf-dump-key>updated_at</span>\" => \"<span class=sf-dump-str title=\"19 characters\">2028-07-24 23:46:29</span>\"
      \"<span class=sf-dump-key>subs</span>\" => []
    </samp>]
    #<span class=sf-dump-protected title=\"Protected property\">original</span>: <span class=sf-dump-note>array:10</span> [<samp data-depth=3 class=sf-dump-compact>
      \"<span class=sf-dump-key>id</span>\" => <span class=sf-dump-num>21</span>
      \"<span class=sf-dump-key>label</span>\" => \"<span class=sf-dump-str title=\"5 characters\">Blogs</span>\"
      \"<span class=sf-dump-key>link</span>\" => \"<span class=sf-dump-str title=\"5 characters\">blogs</span>\"
      \"<span class=sf-dump-key>parent</span>\" => <span class=sf-dump-num>21</span>
      \"<span class=sf-dump-key>sort</span>\" => <span class=sf-dump-num>5</span>
      \"<span class=sf-dump-key>class</span>\" => <span class=sf-dump-const>null</span>
      \"<span class=sf-dump-key>menu</span>\" => <span class=sf-dump-num>1</span>
      \"<span class=sf-dump-key>depth</span>\" => <span class=sf-dump-num>0</span>
      \"<span class=sf-dump-key>created_at</span>\" => \"<span class=sf-dump-str title=\"19 characters\">2028-07-24 23:45:40</span>\"
      \"<span class=sf-dump-key>updated_at</span>\" => \"<span class=sf-dump-str title=\"19 characters\">2028-07-24 23:46:29</span>\"
    </samp>]
    #<span class=sf-dump-protected title=\"Protected property\">changes</span>: []
    #<span class=sf-dump-protected title=\"Protected property\">casts</span>: []
    #<span class=sf-dump-protected title=\"Protected property\">classCastCache</span>: []
    #<span class=sf-dump-protected title=\"Protected property\">attributeCastCache</span>: []
    #<span class=sf-dump-protected title=\"Protected property\">dates</span>: []
    #<span class=sf-dump-protected title=\"Protected property\">dateFormat</span>: <span class=sf-dump-const>null</span>
    #<span class=sf-dump-protected title=\"Protected property\">appends</span>: []
    #<span class=sf-dump-protected title=\"Protected property\">dispatchesEvents</span>: []
    #<span class=sf-dump-protected title=\"Protected property\">observables</span>: []
    #<span class=sf-dump-protected title=\"Protected property\">relations</span>: []
    #<span class=sf-dump-protected title=\"Protected property\">touches</span>: []
    +<span class=sf-dump-public title=\"Public property\">timestamps</span>: <span class=sf-dump-const>true</span>
    #<span class=sf-dump-protected title=\"Protected property\">hidden</span>: []
    #<span class=sf-dump-protected title=\"Protected property\">visible</span>: []
    #<span class=sf-dump-protected title=\"Protected property\">guarded</span>: <span class=sf-dump-note>array:1</span> [<samp data-depth=3 class=sf-dump-compact>
      <span class=sf-dump-index>0</span> => \"<span class=sf-dump-str>*</span>\"
    </samp>]
  </samp>}
</samp>]
</pre><script>Sfdump(\"sf-dump-115318095\", {\"maxDepth\":3,\"maxStringLength\":160})</script>
","max_depth":"<pre class=sf-dump id=sf-dump-2108052118 data-indent-pad=\"  \"><span class=sf-dump-num>0</span>
</pre><script>Sfdump(\"sf-dump-2108052118\", {\"maxDepth\":3,\"maxStringLength\":160})</script>
","menu_name":"<pre class=sf-dump id=sf-dump-1324978755 data-indent-pad=\"  \">\"\"
</pre><script>Sfdump(\"sf-dump-1324978755\", {\"maxDepth\":3,\"maxStringLength\":160})</script>
","recent_news":"<pre class=sf-dump id=sf-dump-1034619975 data-indent-pad=\"  \"><span class=sf-dump-note>Illuminate\\Database\\Eloquent\\Collection</span> {<a class=sf-dump-ref>#1689</a><samp data-depth=1 class=sf-dump-expanded>
  #<span class=sf-dump-protected title=\"Protected property\">items</span>: <span class=sf-dump-note>array:2</span> [<samp data-depth=2 class=sf-dump-compact>
    <span class=sf-dump-index>0</span> => <span class=sf-dump-note title=\"App\\Models\\Blog
\"><span class=\"sf-dump-ellipsis sf-dump-ellipsis-note\">App\\Models</span><span class=\"sf-dump-ellipsis sf-dump-ellipsis-note\">\\</span>Blog</span> {<a class=sf-dump-ref>#1695</a><samp data-depth=3 class=sf-dump-compact>
      #<span class=sf-dump-protected title=\"Protected property\">dates</span>: <span class=sf-dump-note>array:1</span> [ &#8230;1]
      #<span class=sf-dump-protected title=\"Protected property\">appends</span>: <span class=sf-dump-note>array:3</span> [ &#8230;3]
      #<span class=sf-dump-protected title=\"Protected property\">table</span>: \"<span class=sf-dump-str title=\"5 characters\">blogs</span>\"
      #<span class=sf-dump-protected title=\"Protected property\">guarded</span>: <span class=sf-dump-note>array:1</span> [ &#8230;1]
      #<span class=sf-dump-protected title=\"Protected property\">connection</span>: \"<span class=sf-dump-str title=\"5 characters\">mysql</span>\"
      #<span class=sf-dump-protected title=\"Protected property\">primaryKey</span>: \"<span class=sf-dump-str title=\"2 characters\">id</span>\"
      #<span class=sf-dump-protected title=\"Protected property\">keyType</span>: \"<span class=sf-dump-str title=\"3 characters\">int</span>\"
      +<span class=sf-dump-public title=\"Public property\">incrementing</span>: <span class=sf-dump-const>true</span>
      #<span class=sf-dump-protected title=\"Protected property\">with</span>: []
      #<span class=sf-dump-protected title=\"Protected property\">withCount</span>: []
      +<span class=sf-dump-public title=\"Public property\">preventsLazyLoading</span>: <span class=sf-dump-const>false</span>
      #<span class=sf-dump-protected title=\"Protected property\">perPage</span>: <span class=sf-dump-num>15</span>
      +<span class=sf-dump-public title=\"Public property\">exists</span>: <span class=sf-dump-const>true</span>
      +<span class=sf-dump-public title=\"Public property\">wasRecentlyCreated</span>: <span class=sf-dump-const>false</span>
      #<span class=sf-dump-protected title=\"Protected property\">escapeWhenCastingToString</span>: <span class=sf-dump-const>false</span>
      #<span class=sf-dump-protected title=\"Protected property\">attributes</span>: <span class=sf-dump-note>array:14</span> [ &#8230;14]
      #<span class=sf-dump-protected title=\"Protected property\">original</span>: <span class=sf-dump-note>array:14</span> [ &#8230;14]
      #<span class=sf-dump-protected title=\"Protected property\">changes</span>: []
      #<span class=sf-dump-protected title=\"Protected property\">casts</span>: []
      #<span class=sf-dump-protected title=\"Protected property\">classCastCache</span>: []
      #<span class=sf-dump-protected title=\"Protected property\">attributeCastCache</span>: []
      #<span class=sf-dump-protected title=\"Protected property\">dateFormat</span>: <span class=sf-dump-const>null</span>
      #<span class=sf-dump-protected title=\"Protected property\">dispatchesEvents</span>: []
      #<span class=sf-dump-protected title=\"Protected property\">observables</span>: []
      #<span class=sf-dump-protected title=\"Protected property\">relations</span>: []
      #<span class=sf-dump-protected title=\"Protected property\">touches</span>: []
      +<span class=sf-dump-public title=\"Public property\">timestamps</span>: <span class=sf-dump-const>true</span>
      #<span class=sf-dump-protected title=\"Protected property\">hidden</span>: []
      #<span class=sf-dump-protected title=\"Protected property\">visible</span>: []
      #<span class=sf-dump-protected title=\"Protected property\">fillable</span>: []
    </samp>}
    <span class=sf-dump-index>1</span> => <span class=sf-dump-note title=\"App\\Models\\Blog
\"><span class=\"sf-dump-ellipsis sf-dump-ellipsis-note\">App\\Models</span><span class=\"sf-dump-ellipsis sf-dump-ellipsis-note\">\\</span>Blog</span> {<a class=sf-dump-ref>#1683</a><samp data-depth=3 class=sf-dump-compact>
      #<span class=sf-dump-protected title=\"Protected property\">dates</span>: <span class=sf-dump-note>array:1</span> [ &#8230;1]
      #<span class=sf-dump-protected title=\"Protected property\">appends</span>: <span class=sf-dump-note>array:3</span> [ &#8230;3]
      #<span class=sf-dump-protected title=\"Protected property\">table</span>: \"<span class=sf-dump-str title=\"5 characters\">blogs</span>\"
      #<span class=sf-dump-protected title=\"Protected property\">guarded</span>: <span class=sf-dump-note>array:1</span> [ &#8230;1]
      #<span class=sf-dump-protected title=\"Protected property\">connection</span>: \"<span class=sf-dump-str title=\"5 characters\">mysql</span>\"
      #<span class=sf-dump-protected title=\"Protected property\">primaryKey</span>: \"<span class=sf-dump-str title=\"2 characters\">id</span>\"
      #<span class=sf-dump-protected title=\"Protected property\">keyType</span>: \"<span class=sf-dump-str title=\"3 characters\">int</span>\"
      +<span class=sf-dump-public title=\"Public property\">incrementing</span>: <span class=sf-dump-const>true</span>
      #<span class=sf-dump-protected title=\"Protected property\">with</span>: []
      #<span class=sf-dump-protected title=\"Protected property\">withCount</span>: []
      +<span class=sf-dump-public title=\"Public property\">preventsLazyLoading</span>: <span class=sf-dump-const>false</span>
      #<span class=sf-dump-protected title=\"Protected property\">perPage</span>: <span class=sf-dump-num>15</span>
      +<span class=sf-dump-public title=\"Public property\">exists</span>: <span class=sf-dump-const>true</span>
      +<span class=sf-dump-public title=\"Public property\">wasRecentlyCreated</span>: <span class=sf-dump-const>false</span>
      #<span class=sf-dump-protected title=\"Protected property\">escapeWhenCastingToString</span>: <span class=sf-dump-const>false</span>
      #<span class=sf-dump-protected title=\"Protected property\">attributes</span>: <span class=sf-dump-note>array:14</span> [ &#8230;14]
      #<span class=sf-dump-protected title=\"Protected property\">original</span>: <span class=sf-dump-note>array:14</span> [ &#8230;14]
      #<span class=sf-dump-protected title=\"Protected property\">changes</span>: []
      #<span class=sf-dump-protected title=\"Protected property\">casts</span>: []
      #<span class=sf-dump-protected title=\"Protected property\">classCastCache</span>: []
      #<span class=sf-dump-protected title=\"Protected property\">attributeCastCache</span>: []
      #<span class=sf-dump-protected title=\"Protected property\">dateFormat</span>: <span class=sf-dump-const>null</span>
      #<span class=sf-dump-protected title=\"Protected property\">dispatchesEvents</span>: []
      #<span class=sf-dump-protected title=\"Protected property\">observables</span>: []
      #<span class=sf-dump-protected title=\"Protected property\">relations</span>: []
      #<span class=sf-dump-protected title=\"Protected property\">touches</span>: []
      +<span class=sf-dump-public title=\"Public property\">timestamps</span>: <span class=sf-dump-const>true</span>
      #<span class=sf-dump-protected title=\"Protected property\">hidden</span>: []
      #<span class=sf-dump-protected title=\"Protected property\">visible</span>: []
      #<span class=sf-dump-protected title=\"Protected property\">fillable</span>: []
    </samp>}
  </samp>]
  #<span class=sf-dump-protected title=\"Protected property\">escapeWhenCastingToString</span>: <span class=sf-dump-const>false</span>
</samp>}
</pre><script>Sfdump(\"sf-dump-1034619975\", {\"maxDepth\":3,\"maxStringLength\":160})</script>
","global_featured_course":"<pre class=sf-dump id=sf-dump-1492111930 data-indent-pad=\"  \"><span class=sf-dump-note>App\\Models\\Course</span> {<a class=sf-dump-ref>#1665</a><samp data-depth=1 class=sf-dump-expanded>
  #<span class=sf-dump-protected title=\"Protected property\">fillable</span>: <span class=sf-dump-note>array:19</span> [<samp data-depth=2 class=sf-dump-compact>
    <span class=sf-dump-index>0</span> => \"<span class=sf-dump-str title=\"11 characters\">category_id</span>\"
    <span class=sf-dump-index>1</span> => \"<span class=sf-dump-str title=\"5 characters\">title</span>\"
    <span class=sf-dump-index>2</span> => \"<span class=sf-dump-str title=\"4 characters\">slug</span>\"
    <span class=sf-dump-index>3</span> => \"<span class=sf-dump-str title=\"11 characters\">description</span>\"
    <span class=sf-dump-index>4</span> => \"<span class=sf-dump-str title=\"5 characters\">price</span>\"
    <span class=sf-dump-index>5</span> => \"<span class=sf-dump-str title=\"9 characters\">stripe_id</span>\"
    <span class=sf-dump-index>6</span> => \"<span class=sf-dump-str title=\"12 characters\">course_image</span>\"
    <span class=sf-dump-index>7</span> => \"<span class=sf-dump-str title=\"12 characters\">course_video</span>\"
    <span class=sf-dump-index>8</span> => \"<span class=sf-dump-str title=\"10 characters\">start_date</span>\"
    <span class=sf-dump-index>9</span> => \"<span class=sf-dump-str title=\"9 characters\">published</span>\"
    <span class=sf-dump-index>10</span> => \"<span class=sf-dump-str title=\"4 characters\">free</span>\"
    <span class=sf-dump-index>11</span> => \"<span class=sf-dump-str title=\"8 characters\">featured</span>\"
    <span class=sf-dump-index>12</span> => \"<span class=sf-dump-str title=\"8 characters\">trending</span>\"
    <span class=sf-dump-index>13</span> => \"<span class=sf-dump-str title=\"7 characters\">popular</span>\"
    <span class=sf-dump-index>14</span> => \"<span class=sf-dump-str title=\"10 characters\">meta_title</span>\"
    <span class=sf-dump-index>15</span> => \"<span class=sf-dump-str title=\"16 characters\">meta_description</span>\"
    <span class=sf-dump-index>16</span> => \"<span class=sf-dump-str title=\"13 characters\">meta_keywords</span>\"
    <span class=sf-dump-index>17</span> => \"<span class=sf-dump-str title=\"9 characters\">expire_at</span>\"
    <span class=sf-dump-index>18</span> => \"<span class=sf-dump-str title=\"6 characters\">strike</span>\"
  </samp>]
  #<span class=sf-dump-protected title=\"Protected property\">appends</span>: <span class=sf-dump-note>array:1</span> [<samp data-depth=2 class=sf-dump-compact>
    <span class=sf-dump-index>0</span> => \"<span class=sf-dump-str title=\"5 characters\">image</span>\"
  </samp>]
  #<span class=sf-dump-protected title=\"Protected property\">connection</span>: \"<span class=sf-dump-str title=\"5 characters\">mysql</span>\"
  #<span class=sf-dump-protected title=\"Protected property\">table</span>: \"<span class=sf-dump-str title=\"7 characters\">courses</span>\"
  #<span class=sf-dump-protected title=\"Protected property\">primaryKey</span>: \"<span class=sf-dump-str title=\"2 characters\">id</span>\"
  #<span class=sf-dump-protected title=\"Protected property\">keyType</span>: \"<span class=sf-dump-str title=\"3 characters\">int</span>\"
  +<span class=sf-dump-public title=\"Public property\">incrementing</span>: <span class=sf-dump-const>true</span>
  #<span class=sf-dump-protected title=\"Protected property\">with</span>: []
  #<span class=sf-dump-protected title=\"Protected property\">withCount</span>: []
  +<span class=sf-dump-public title=\"Public property\">preventsLazyLoading</span>: <span class=sf-dump-const>false</span>
  #<span class=sf-dump-protected title=\"Protected property\">perPage</span>: <span class=sf-dump-num>15</span>
  +<span class=sf-dump-public title=\"Public property\">exists</span>: <span class=sf-dump-const>true</span>
  +<span class=sf-dump-public title=\"Public property\">wasRecentlyCreated</span>: <span class=sf-dump-const>false</span>
  #<span class=sf-dump-protected title=\"Protected property\">escapeWhenCastingToString</span>: <span class=sf-dump-const>false</span>
  #<span class=sf-dump-protected title=\"Protected property\">attributes</span>: <span class=sf-dump-note>array:22</span> [<samp data-depth=2 class=sf-dump-compact>
    \"<span class=sf-dump-key>id</span>\" => <span class=sf-dump-num>37</span>
    \"<span class=sf-dump-key>category_id</span>\" => <span class=sf-dump-num>1</span>
    \"<span class=sf-dump-key>title</span>\" => \"<span class=sf-dump-str title=\"39 characters\">Deleniti et enim atque ut est delectus.</span>\"
    \"<span class=sf-dump-key>slug</span>\" => \"<span class=sf-dump-str title=\"38 characters\">deleniti-et-enim-atque-ut-est-delectus</span>\"
    \"<span class=sf-dump-key>description</span>\" => \"<span class=sf-dump-str title=\"172 characters\">&lt;p&gt;Numquam dolorem iusto odio saepe optio non sint. Voluptatem exercitationem vel et impedit rerum nisi. Explicabo tempore distinctio voluptatum voluptatem deserunt et.&lt;/p&gt;</span>\"
    \"<span class=sf-dump-key>price</span>\" => \"<span class=sf-dump-str title=\"5 characters\">20.41</span>\"
    \"<span class=sf-dump-key>strike</span>\" => <span class=sf-dump-const>null</span>
    \"<span class=sf-dump-key>stripe_id</span>\" => <span class=sf-dump-const>null</span>
    \"<span class=sf-dump-key>course_image</span>\" => \"<span class=sf-dump-str title=\"21 characters\">1709706255-bird1.jpeg</span>\"
    \"<span class=sf-dump-key>start_date</span>\" => <span class=sf-dump-const>null</span>
    \"<span class=sf-dump-key>featured</span>\" => <span class=sf-dump-num>1</span>
    \"<span class=sf-dump-key>trending</span>\" => <span class=sf-dump-num>1</span>
    \"<span class=sf-dump-key>popular</span>\" => <span class=sf-dump-num>0</span>
    \"<span class=sf-dump-key>meta_title</span>\" => <span class=sf-dump-const>null</span>
    \"<span class=sf-dump-key>meta_description</span>\" => <span class=sf-dump-const>null</span>
    \"<span class=sf-dump-key>meta_keywords</span>\" => <span class=sf-dump-const>null</span>
    \"<span class=sf-dump-key>published</span>\" => <span class=sf-dump-num>1</span>
    \"<span class=sf-dump-key>free</span>\" => <span class=sf-dump-num>1</span>
    \"<span class=sf-dump-key>expire_at</span>\" => <span class=sf-dump-const>null</span>
    \"<span class=sf-dump-key>created_at</span>\" => \"<span class=sf-dump-str title=\"19 characters\">2024-02-06 14:50:08</span>\"
    \"<span class=sf-dump-key>updated_at</span>\" => \"<span class=sf-dump-str title=\"19 characters\">2006-03-24 17:24:15</span>\"
    \"<span class=sf-dump-key>deleted_at</span>\" => <span class=sf-dump-const>null</span>
  </samp>]
  #<span class=sf-dump-protected title=\"Protected property\">original</span>: <span class=sf-dump-note>array:22</span> [<samp data-depth=2 class=sf-dump-compact>
    \"<span class=sf-dump-key>id</span>\" => <span class=sf-dump-num>37</span>
    \"<span class=sf-dump-key>category_id</span>\" => <span class=sf-dump-num>1</span>
    \"<span class=sf-dump-key>title</span>\" => \"<span class=sf-dump-str title=\"39 characters\">Deleniti et enim atque ut est delectus.</span>\"
    \"<span class=sf-dump-key>slug</span>\" => \"<span class=sf-dump-str title=\"38 characters\">deleniti-et-enim-atque-ut-est-delectus</span>\"
    \"<span class=sf-dump-key>description</span>\" => \"<span class=sf-dump-str title=\"172 characters\">&lt;p&gt;Numquam dolorem iusto odio saepe optio non sint. Voluptatem exercitationem vel et impedit rerum nisi. Explicabo tempore distinctio voluptatum voluptatem deserunt et.&lt;/p&gt;</span>\"
    \"<span class=sf-dump-key>price</span>\" => \"<span class=sf-dump-str title=\"5 characters\">20.41</span>\"
    \"<span class=sf-dump-key>strike</span>\" => <span class=sf-dump-const>null</span>
    \"<span class=sf-dump-key>stripe_id</span>\" => <span class=sf-dump-const>null</span>
    \"<span class=sf-dump-key>course_image</span>\" => \"<span class=sf-dump-str title=\"21 characters\">1709706255-bird1.jpeg</span>\"
    \"<span class=sf-dump-key>start_date</span>\" => <span class=sf-dump-const>null</span>
    \"<span class=sf-dump-key>featured</span>\" => <span class=sf-dump-num>1</span>
    \"<span class=sf-dump-key>trending</span>\" => <span class=sf-dump-num>1</span>
    \"<span class=sf-dump-key>popular</span>\" => <span class=sf-dump-num>0</span>
    \"<span class=sf-dump-key>meta_title</span>\" => <span class=sf-dump-const>null</span>
    \"<span class=sf-dump-key>meta_description</span>\" => <span class=sf-dump-const>null</span>
    \"<span class=sf-dump-key>meta_keywords</span>\" => <span class=sf-dump-const>null</span>
    \"<span class=sf-dump-key>published</span>\" => <span class=sf-dump-num>1</span>
    \"<span class=sf-dump-key>free</span>\" => <span class=sf-dump-num>1</span>
    \"<span class=sf-dump-key>expire_at</span>\" => <span class=sf-dump-const>null</span>
    \"<span class=sf-dump-key>created_at</span>\" => \"<span class=sf-dump-str title=\"19 characters\">2024-02-06 14:50:08</span>\"
    \"<span class=sf-dump-key>updated_at</span>\" => \"<span class=sf-dump-str title=\"19 characters\">2006-03-24 17:24:15</span>\"
    \"<span class=sf-dump-key>deleted_at</span>\" => <span class=sf-dump-const>null</span>
  </samp>]
  #<span class=sf-dump-protected title=\"Protected property\">changes</span>: []
  #<span class=sf-dump-protected title=\"Protected property\">casts</span>: <span class=sf-dump-note>array:1</span> [<samp data-depth=2 class=sf-dump-compact>
    \"<span class=sf-dump-key>deleted_at</span>\" => \"<span class=sf-dump-str title=\"8 characters\">datetime</span>\"
  </samp>]
  #<span class=sf-dump-protected title=\"Protected property\">classCastCache</span>: []
  #<span class=sf-dump-protected title=\"Protected property\">attributeCastCache</span>: []
  #<span class=sf-dump-protected title=\"Protected property\">dates</span>: []
  #<span class=sf-dump-protected title=\"Protected property\">dateFormat</span>: <span class=sf-dump-const>null</span>
  #<span class=sf-dump-protected title=\"Protected property\">dispatchesEvents</span>: []
  #<span class=sf-dump-protected title=\"Protected property\">observables</span>: []
  #<span class=sf-dump-protected title=\"Protected property\">relations</span>: []
  #<span class=sf-dump-protected title=\"Protected property\">touches</span>: []
  +<span class=sf-dump-public title=\"Public property\">timestamps</span>: <span class=sf-dump-const>true</span>
  #<span class=sf-dump-protected title=\"Protected property\">hidden</span>: []
  #<span class=sf-dump-protected title=\"Protected property\">visible</span>: []
  #<span class=sf-dump-protected title=\"Protected property\">guarded</span>: <span class=sf-dump-note>array:1</span> [<samp data-depth=2 class=sf-dump-compact>
    <span class=sf-dump-index>0</span> => \"<span class=sf-dump-str>*</span>\"
  </samp>]
  #<span class=sf-dump-protected title=\"Protected property\">forceDeleting</span>: <span class=sf-dump-const>false</span>
</samp>}
</pre><script>Sfdump(\"sf-dump-1492111930\", {\"maxDepth\":3,\"maxStringLength\":160})</script>
","featured_courses":"<pre class=sf-dump id=sf-dump-952878555 data-indent-pad=\"  \"><span class=sf-dump-note>Illuminate\\Database\\Eloquent\\Collection</span> {<a class=sf-dump-ref>#1647</a><samp data-depth=1 class=sf-dump-expanded>
  #<span class=sf-dump-protected title=\"Protected property\">items</span>: <span class=sf-dump-note>array:8</span> [<samp data-depth=2 class=sf-dump-compact>
    <span class=sf-dump-index>0</span> => <span class=sf-dump-note title=\"App\\Models\\Course
\"><span class=\"sf-dump-ellipsis sf-dump-ellipsis-note\">App\\Models</span><span class=\"sf-dump-ellipsis sf-dump-ellipsis-note\">\\</span>Course</span> {<a class=sf-dump-ref>#1646</a><samp data-depth=3 class=sf-dump-compact>
      #<span class=sf-dump-protected title=\"Protected property\">fillable</span>: <span class=sf-dump-note>array:19</span> [ &#8230;19]
      #<span class=sf-dump-protected title=\"Protected property\">appends</span>: <span class=sf-dump-note>array:1</span> [ &#8230;1]
      #<span class=sf-dump-protected title=\"Protected property\">connection</span>: \"<span class=sf-dump-str title=\"5 characters\">mysql</span>\"
      #<span class=sf-dump-protected title=\"Protected property\">table</span>: \"<span class=sf-dump-str title=\"7 characters\">courses</span>\"
      #<span class=sf-dump-protected title=\"Protected property\">primaryKey</span>: \"<span class=sf-dump-str title=\"2 characters\">id</span>\"
      #<span class=sf-dump-protected title=\"Protected property\">keyType</span>: \"<span class=sf-dump-str title=\"3 characters\">int</span>\"
      +<span class=sf-dump-public title=\"Public property\">incrementing</span>: <span class=sf-dump-const>true</span>
      #<span class=sf-dump-protected title=\"Protected property\">with</span>: []
      #<span class=sf-dump-protected title=\"Protected property\">withCount</span>: []
      +<span class=sf-dump-public title=\"Public property\">preventsLazyLoading</span>: <span class=sf-dump-const>false</span>
      #<span class=sf-dump-protected title=\"Protected property\">perPage</span>: <span class=sf-dump-num>15</span>
      +<span class=sf-dump-public title=\"Public property\">exists</span>: <span class=sf-dump-const>true</span>
      +<span class=sf-dump-public title=\"Public property\">wasRecentlyCreated</span>: <span class=sf-dump-const>false</span>
      #<span class=sf-dump-protected title=\"Protected property\">escapeWhenCastingToString</span>: <span class=sf-dump-const>false</span>
      #<span class=sf-dump-protected title=\"Protected property\">attributes</span>: <span class=sf-dump-note>array:22</span> [ &#8230;22]
      #<span class=sf-dump-protected title=\"Protected property\">original</span>: <span class=sf-dump-note>array:22</span> [ &#8230;22]
      #<span class=sf-dump-protected title=\"Protected property\">changes</span>: []
      #<span class=sf-dump-protected title=\"Protected property\">casts</span>: <span class=sf-dump-note>array:1</span> [ &#8230;1]
      #<span class=sf-dump-protected title=\"Protected property\">classCastCache</span>: []
      #<span class=sf-dump-protected title=\"Protected property\">attributeCastCache</span>: []
      #<span class=sf-dump-protected title=\"Protected property\">dates</span>: []
      #<span class=sf-dump-protected title=\"Protected property\">dateFormat</span>: <span class=sf-dump-const>null</span>
      #<span class=sf-dump-protected title=\"Protected property\">dispatchesEvents</span>: []
      #<span class=sf-dump-protected title=\"Protected property\">observables</span>: []
      #<span class=sf-dump-protected title=\"Protected property\">relations</span>: []
      #<span class=sf-dump-protected title=\"Protected property\">touches</span>: []
      +<span class=sf-dump-public title=\"Public property\">timestamps</span>: <span class=sf-dump-const>true</span>
      #<span class=sf-dump-protected title=\"Protected property\">hidden</span>: []
      #<span class=sf-dump-protected title=\"Protected property\">visible</span>: []
      #<span class=sf-dump-protected title=\"Protected property\">guarded</span>: <span class=sf-dump-note>array:1</span> [ &#8230;1]
      #<span class=sf-dump-protected title=\"Protected property\">forceDeleting</span>: <span class=sf-dump-const>false</span>
    </samp>}
    <span class=sf-dump-index>1</span> => <span class=sf-dump-note title=\"App\\Models\\Course
\"><span class=\"sf-dump-ellipsis sf-dump-ellipsis-note\">App\\Models</span><span class=\"sf-dump-ellipsis sf-dump-ellipsis-note\">\\</span>Course</span> {<a class=sf-dump-ref>#1645</a><samp data-depth=3 class=sf-dump-compact>
      #<span class=sf-dump-protected title=\"Protected property\">fillable</span>: <span class=sf-dump-note>array:19</span> [ &#8230;19]
      #<span class=sf-dump-protected title=\"Protected property\">appends</span>: <span class=sf-dump-note>array:1</span> [ &#8230;1]
      #<span class=sf-dump-protected title=\"Protected property\">connection</span>: \"<span class=sf-dump-str title=\"5 characters\">mysql</span>\"
      #<span class=sf-dump-protected title=\"Protected property\">table</span>: \"<span class=sf-dump-str title=\"7 characters\">courses</span>\"
      #<span class=sf-dump-protected title=\"Protected property\">primaryKey</span>: \"<span class=sf-dump-str title=\"2 characters\">id</span>\"
      #<span class=sf-dump-protected title=\"Protected property\">keyType</span>: \"<span class=sf-dump-str title=\"3 characters\">int</span>\"
      +<span class=sf-dump-public title=\"Public property\">incrementing</span>: <span class=sf-dump-const>true</span>
      #<span class=sf-dump-protected title=\"Protected property\">with</span>: []
      #<span class=sf-dump-protected title=\"Protected property\">withCount</span>: []
      +<span class=sf-dump-public title=\"Public property\">preventsLazyLoading</span>: <span class=sf-dump-const>false</span>
      #<span class=sf-dump-protected title=\"Protected property\">perPage</span>: <span class=sf-dump-num>15</span>
      +<span class=sf-dump-public title=\"Public property\">exists</span>: <span class=sf-dump-const>true</span>
      +<span class=sf-dump-public title=\"Public property\">wasRecentlyCreated</span>: <span class=sf-dump-const>false</span>
      #<span class=sf-dump-protected title=\"Protected property\">escapeWhenCastingToString</span>: <span class=sf-dump-const>false</span>
      #<span class=sf-dump-protected title=\"Protected property\">attributes</span>: <span class=sf-dump-note>array:22</span> [ &#8230;22]
      #<span class=sf-dump-protected title=\"Protected property\">original</span>: <span class=sf-dump-note>array:22</span> [ &#8230;22]
      #<span class=sf-dump-protected title=\"Protected property\">changes</span>: []
      #<span class=sf-dump-protected title=\"Protected property\">casts</span>: <span class=sf-dump-note>array:1</span> [ &#8230;1]
      #<span class=sf-dump-protected title=\"Protected property\">classCastCache</span>: []
      #<span class=sf-dump-protected title=\"Protected property\">attributeCastCache</span>: []
      #<span class=sf-dump-protected title=\"Protected property\">dates</span>: []
      #<span class=sf-dump-protected title=\"Protected property\">dateFormat</span>: <span class=sf-dump-const>null</span>
      #<span class=sf-dump-protected title=\"Protected property\">dispatchesEvents</span>: []
      #<span class=sf-dump-protected title=\"Protected property\">observables</span>: []
      #<span class=sf-dump-protected title=\"Protected property\">relations</span>: []
      #<span class=sf-dump-protected title=\"Protected property\">touches</span>: []
      +<span class=sf-dump-public title=\"Public property\">timestamps</span>: <span class=sf-dump-const>true</span>
      #<span class=sf-dump-protected title=\"Protected property\">hidden</span>: []
      #<span class=sf-dump-protected title=\"Protected property\">visible</span>: []
      #<span class=sf-dump-protected title=\"Protected property\">guarded</span>: <span class=sf-dump-note>array:1</span> [ &#8230;1]
      #<span class=sf-dump-protected title=\"Protected property\">forceDeleting</span>: <span class=sf-dump-const>false</span>
    </samp>}
    <span class=sf-dump-index>2</span> => <span class=sf-dump-note title=\"App\\Models\\Course
\"><span class=\"sf-dump-ellipsis sf-dump-ellipsis-note\">App\\Models</span><span class=\"sf-dump-ellipsis sf-dump-ellipsis-note\">\\</span>Course</span> {<a class=sf-dump-ref>#1644</a><samp data-depth=3 class=sf-dump-compact>
      #<span class=sf-dump-protected title=\"Protected property\">fillable</span>: <span class=sf-dump-note>array:19</span> [ &#8230;19]
      #<span class=sf-dump-protected title=\"Protected property\">appends</span>: <span class=sf-dump-note>array:1</span> [ &#8230;1]
      #<span class=sf-dump-protected title=\"Protected property\">connection</span>: \"<span class=sf-dump-str title=\"5 characters\">mysql</span>\"
      #<span class=sf-dump-protected title=\"Protected property\">table</span>: \"<span class=sf-dump-str title=\"7 characters\">courses</span>\"
      #<span class=sf-dump-protected title=\"Protected property\">primaryKey</span>: \"<span class=sf-dump-str title=\"2 characters\">id</span>\"
      #<span class=sf-dump-protected title=\"Protected property\">keyType</span>: \"<span class=sf-dump-str title=\"3 characters\">int</span>\"
      +<span class=sf-dump-public title=\"Public property\">incrementing</span>: <span class=sf-dump-const>true</span>
      #<span class=sf-dump-protected title=\"Protected property\">with</span>: []
      #<span class=sf-dump-protected title=\"Protected property\">withCount</span>: []
      +<span class=sf-dump-public title=\"Public property\">preventsLazyLoading</span>: <span class=sf-dump-const>false</span>
      #<span class=sf-dump-protected title=\"Protected property\">perPage</span>: <span class=sf-dump-num>15</span>
      +<span class=sf-dump-public title=\"Public property\">exists</span>: <span class=sf-dump-const>true</span>
      +<span class=sf-dump-public title=\"Public property\">wasRecentlyCreated</span>: <span class=sf-dump-const>false</span>
      #<span class=sf-dump-protected title=\"Protected property\">escapeWhenCastingToString</span>: <span class=sf-dump-const>false</span>
      #<span class=sf-dump-protected title=\"Protected property\">attributes</span>: <span class=sf-dump-note>array:22</span> [ &#8230;22]
      #<span class=sf-dump-protected title=\"Protected property\">original</span>: <span class=sf-dump-note>array:22</span> [ &#8230;22]
      #<span class=sf-dump-protected title=\"Protected property\">changes</span>: []
      #<span class=sf-dump-protected title=\"Protected property\">casts</span>: <span class=sf-dump-note>array:1</span> [ &#8230;1]
      #<span class=sf-dump-protected title=\"Protected property\">classCastCache</span>: []
      #<span class=sf-dump-protected title=\"Protected property\">attributeCastCache</span>: []
      #<span class=sf-dump-protected title=\"Protected property\">dates</span>: []
      #<span class=sf-dump-protected title=\"Protected property\">dateFormat</span>: <span class=sf-dump-const>null</span>
      #<span class=sf-dump-protected title=\"Protected property\">dispatchesEvents</span>: []
      #<span class=sf-dump-protected title=\"Protected property\">observables</span>: []
      #<span class=sf-dump-protected title=\"Protected property\">relations</span>: []
      #<span class=sf-dump-protected title=\"Protected property\">touches</span>: []
      +<span class=sf-dump-public title=\"Public property\">timestamps</span>: <span class=sf-dump-const>true</span>
      #<span class=sf-dump-protected title=\"Protected property\">hidden</span>: []
      #<span class=sf-dump-protected title=\"Protected property\">visible</span>: []
      #<span class=sf-dump-protected title=\"Protected property\">guarded</span>: <span class=sf-dump-note>array:1</span> [ &#8230;1]
      #<span class=sf-dump-protected title=\"Protected property\">forceDeleting</span>: <span class=sf-dump-const>false</span>
    </samp>}
    <span class=sf-dump-index>3</span> => <span class=sf-dump-note title=\"App\\Models\\Course
\"><span class=\"sf-dump-ellipsis sf-dump-ellipsis-note\">App\\Models</span><span class=\"sf-dump-ellipsis sf-dump-ellipsis-note\">\\</span>Course</span> {<a class=sf-dump-ref>#1643</a><samp data-depth=3 class=sf-dump-compact>
      #<span class=sf-dump-protected title=\"Protected property\">fillable</span>: <span class=sf-dump-note>array:19</span> [ &#8230;19]
      #<span class=sf-dump-protected title=\"Protected property\">appends</span>: <span class=sf-dump-note>array:1</span> [ &#8230;1]
      #<span class=sf-dump-protected title=\"Protected property\">connection</span>: \"<span class=sf-dump-str title=\"5 characters\">mysql</span>\"
      #<span class=sf-dump-protected title=\"Protected property\">table</span>: \"<span class=sf-dump-str title=\"7 characters\">courses</span>\"
      #<span class=sf-dump-protected title=\"Protected property\">primaryKey</span>: \"<span class=sf-dump-str title=\"2 characters\">id</span>\"
      #<span class=sf-dump-protected title=\"Protected property\">keyType</span>: \"<span class=sf-dump-str title=\"3 characters\">int</span>\"
      +<span class=sf-dump-public title=\"Public property\">incrementing</span>: <span class=sf-dump-const>true</span>
      #<span class=sf-dump-protected title=\"Protected property\">with</span>: []
      #<span class=sf-dump-protected title=\"Protected property\">withCount</span>: []
      +<span class=sf-dump-public title=\"Public property\">preventsLazyLoading</span>: <span class=sf-dump-const>false</span>
      #<span class=sf-dump-protected title=\"Protected property\">perPage</span>: <span class=sf-dump-num>15</span>
      +<span class=sf-dump-public title=\"Public property\">exists</span>: <span class=sf-dump-const>true</span>
      +<span class=sf-dump-public title=\"Public property\">wasRecentlyCreated</span>: <span class=sf-dump-const>false</span>
      #<span class=sf-dump-protected title=\"Protected property\">escapeWhenCastingToString</span>: <span class=sf-dump-const>false</span>
      #<span class=sf-dump-protected title=\"Protected property\">attributes</span>: <span class=sf-dump-note>array:22</span> [ &#8230;22]
      #<span class=sf-dump-protected title=\"Protected property\">original</span>: <span class=sf-dump-note>array:22</span> [ &#8230;22]
      #<span class=sf-dump-protected title=\"Protected property\">changes</span>: []
      #<span class=sf-dump-protected title=\"Protected property\">casts</span>: <span class=sf-dump-note>array:1</span> [ &#8230;1]
      #<span class=sf-dump-protected title=\"Protected property\">classCastCache</span>: []
      #<span class=sf-dump-protected title=\"Protected property\">attributeCastCache</span>: []
      #<span class=sf-dump-protected title=\"Protected property\">dates</span>: []
      #<span class=sf-dump-protected title=\"Protected property\">dateFormat</span>: <span class=sf-dump-const>null</span>
      #<span class=sf-dump-protected title=\"Protected property\">dispatchesEvents</span>: []
      #<span class=sf-dump-protected title=\"Protected property\">observables</span>: []
      #<span class=sf-dump-protected title=\"Protected property\">relations</span>: []
      #<span class=sf-dump-protected title=\"Protected property\">touches</span>: []
      +<span class=sf-dump-public title=\"Public property\">timestamps</span>: <span class=sf-dump-const>true</span>
      #<span class=sf-dump-protected title=\"Protected property\">hidden</span>: []
      #<span class=sf-dump-protected title=\"Protected property\">visible</span>: []
      #<span class=sf-dump-protected title=\"Protected property\">guarded</span>: <span class=sf-dump-note>array:1</span> [ &#8230;1]
      #<span class=sf-dump-protected title=\"Protected property\">forceDeleting</span>: <span class=sf-dump-const>false</span>
    </samp>}
    <span class=sf-dump-index>4</span> => <span class=sf-dump-note title=\"App\\Models\\Course
\"><span class=\"sf-dump-ellipsis sf-dump-ellipsis-note\">App\\Models</span><span class=\"sf-dump-ellipsis sf-dump-ellipsis-note\">\\</span>Course</span> {<a class=sf-dump-ref>#1642</a><samp data-depth=3 class=sf-dump-compact>
      #<span class=sf-dump-protected title=\"Protected property\">fillable</span>: <span class=sf-dump-note>array:19</span> [ &#8230;19]
      #<span class=sf-dump-protected title=\"Protected property\">appends</span>: <span class=sf-dump-note>array:1</span> [ &#8230;1]
      #<span class=sf-dump-protected title=\"Protected property\">connection</span>: \"<span class=sf-dump-str title=\"5 characters\">mysql</span>\"
      #<span class=sf-dump-protected title=\"Protected property\">table</span>: \"<span class=sf-dump-str title=\"7 characters\">courses</span>\"
      #<span class=sf-dump-protected title=\"Protected property\">primaryKey</span>: \"<span class=sf-dump-str title=\"2 characters\">id</span>\"
      #<span class=sf-dump-protected title=\"Protected property\">keyType</span>: \"<span class=sf-dump-str title=\"3 characters\">int</span>\"
      +<span class=sf-dump-public title=\"Public property\">incrementing</span>: <span class=sf-dump-const>true</span>
      #<span class=sf-dump-protected title=\"Protected property\">with</span>: []
      #<span class=sf-dump-protected title=\"Protected property\">withCount</span>: []
      +<span class=sf-dump-public title=\"Public property\">preventsLazyLoading</span>: <span class=sf-dump-const>false</span>
      #<span class=sf-dump-protected title=\"Protected property\">perPage</span>: <span class=sf-dump-num>15</span>
      +<span class=sf-dump-public title=\"Public property\">exists</span>: <span class=sf-dump-const>true</span>
      +<span class=sf-dump-public title=\"Public property\">wasRecentlyCreated</span>: <span class=sf-dump-const>false</span>
      #<span class=sf-dump-protected title=\"Protected property\">escapeWhenCastingToString</span>: <span class=sf-dump-const>false</span>
      #<span class=sf-dump-protected title=\"Protected property\">attributes</span>: <span class=sf-dump-note>array:22</span> [ &#8230;22]
      #<span class=sf-dump-protected title=\"Protected property\">original</span>: <span class=sf-dump-note>array:22</span> [ &#8230;22]
      #<span class=sf-dump-protected title=\"Protected property\">changes</span>: []
      #<span class=sf-dump-protected title=\"Protected property\">casts</span>: <span class=sf-dump-note>array:1</span> [ &#8230;1]
      #<span class=sf-dump-protected title=\"Protected property\">classCastCache</span>: []
      #<span class=sf-dump-protected title=\"Protected property\">attributeCastCache</span>: []
      #<span class=sf-dump-protected title=\"Protected property\">dates</span>: []
      #<span class=sf-dump-protected title=\"Protected property\">dateFormat</span>: <span class=sf-dump-const>null</span>
      #<span class=sf-dump-protected title=\"Protected property\">dispatchesEvents</span>: []
      #<span class=sf-dump-protected title=\"Protected property\">observables</span>: []
      #<span class=sf-dump-protected title=\"Protected property\">relations</span>: []
      #<span class=sf-dump-protected title=\"Protected property\">touches</span>: []
      +<span class=sf-dump-public title=\"Public property\">timestamps</span>: <span class=sf-dump-const>true</span>
      #<span class=sf-dump-protected title=\"Protected property\">hidden</span>: []
      #<span class=sf-dump-protected title=\"Protected property\">visible</span>: []
      #<span class=sf-dump-protected title=\"Protected property\">guarded</span>: <span class=sf-dump-note>array:1</span> [ &#8230;1]
      #<span class=sf-dump-protected title=\"Protected property\">forceDeleting</span>: <span class=sf-dump-const>false</span>
    </samp>}
    <span class=sf-dump-index>5</span> => <span class=sf-dump-note title=\"App\\Models\\Course
\"><span class=\"sf-dump-ellipsis sf-dump-ellipsis-note\">App\\Models</span><span class=\"sf-dump-ellipsis sf-dump-ellipsis-note\">\\</span>Course</span> {<a class=sf-dump-ref>#1641</a><samp data-depth=3 class=sf-dump-compact>
      #<span class=sf-dump-protected title=\"Protected property\">fillable</span>: <span class=sf-dump-note>array:19</span> [ &#8230;19]
      #<span class=sf-dump-protected title=\"Protected property\">appends</span>: <span class=sf-dump-note>array:1</span> [ &#8230;1]
      #<span class=sf-dump-protected title=\"Protected property\">connection</span>: \"<span class=sf-dump-str title=\"5 characters\">mysql</span>\"
      #<span class=sf-dump-protected title=\"Protected property\">table</span>: \"<span class=sf-dump-str title=\"7 characters\">courses</span>\"
      #<span class=sf-dump-protected title=\"Protected property\">primaryKey</span>: \"<span class=sf-dump-str title=\"2 characters\">id</span>\"
      #<span class=sf-dump-protected title=\"Protected property\">keyType</span>: \"<span class=sf-dump-str title=\"3 characters\">int</span>\"
      +<span class=sf-dump-public title=\"Public property\">incrementing</span>: <span class=sf-dump-const>true</span>
      #<span class=sf-dump-protected title=\"Protected property\">with</span>: []
      #<span class=sf-dump-protected title=\"Protected property\">withCount</span>: []
      +<span class=sf-dump-public title=\"Public property\">preventsLazyLoading</span>: <span class=sf-dump-const>false</span>
      #<span class=sf-dump-protected title=\"Protected property\">perPage</span>: <span class=sf-dump-num>15</span>
      +<span class=sf-dump-public title=\"Public property\">exists</span>: <span class=sf-dump-const>true</span>
      +<span class=sf-dump-public title=\"Public property\">wasRecentlyCreated</span>: <span class=sf-dump-const>false</span>
      #<span class=sf-dump-protected title=\"Protected property\">escapeWhenCastingToString</span>: <span class=sf-dump-const>false</span>
      #<span class=sf-dump-protected title=\"Protected property\">attributes</span>: <span class=sf-dump-note>array:22</span> [ &#8230;22]
      #<span class=sf-dump-protected title=\"Protected property\">original</span>: <span class=sf-dump-note>array:22</span> [ &#8230;22]
      #<span class=sf-dump-protected title=\"Protected property\">changes</span>: []
      #<span class=sf-dump-protected title=\"Protected property\">casts</span>: <span class=sf-dump-note>array:1</span> [ &#8230;1]
      #<span class=sf-dump-protected title=\"Protected property\">classCastCache</span>: []
      #<span class=sf-dump-protected title=\"Protected property\">attributeCastCache</span>: []
      #<span class=sf-dump-protected title=\"Protected property\">dates</span>: []
      #<span class=sf-dump-protected title=\"Protected property\">dateFormat</span>: <span class=sf-dump-const>null</span>
      #<span class=sf-dump-protected title=\"Protected property\">dispatchesEvents</span>: []
      #<span class=sf-dump-protected title=\"Protected property\">observables</span>: []
      #<span class=sf-dump-protected title=\"Protected property\">relations</span>: []
      #<span class=sf-dump-protected title=\"Protected property\">touches</span>: []
      +<span class=sf-dump-public title=\"Public property\">timestamps</span>: <span class=sf-dump-const>true</span>
      #<span class=sf-dump-protected title=\"Protected property\">hidden</span>: []
      #<span class=sf-dump-protected title=\"Protected property\">visible</span>: []
      #<span class=sf-dump-protected title=\"Protected property\">guarded</span>: <span class=sf-dump-note>array:1</span> [ &#8230;1]
      #<span class=sf-dump-protected title=\"Protected property\">forceDeleting</span>: <span class=sf-dump-const>false</span>
    </samp>}
    <span class=sf-dump-index>6</span> => <span class=sf-dump-note title=\"App\\Models\\Course
\"><span class=\"sf-dump-ellipsis sf-dump-ellipsis-note\">App\\Models</span><span class=\"sf-dump-ellipsis sf-dump-ellipsis-note\">\\</span>Course</span> {<a class=sf-dump-ref>#1640</a><samp data-depth=3 class=sf-dump-compact>
      #<span class=sf-dump-protected title=\"Protected property\">fillable</span>: <span class=sf-dump-note>array:19</span> [ &#8230;19]
      #<span class=sf-dump-protected title=\"Protected property\">appends</span>: <span class=sf-dump-note>array:1</span> [ &#8230;1]
      #<span class=sf-dump-protected title=\"Protected property\">connection</span>: \"<span class=sf-dump-str title=\"5 characters\">mysql</span>\"
      #<span class=sf-dump-protected title=\"Protected property\">table</span>: \"<span class=sf-dump-str title=\"7 characters\">courses</span>\"
      #<span class=sf-dump-protected title=\"Protected property\">primaryKey</span>: \"<span class=sf-dump-str title=\"2 characters\">id</span>\"
      #<span class=sf-dump-protected title=\"Protected property\">keyType</span>: \"<span class=sf-dump-str title=\"3 characters\">int</span>\"
      +<span class=sf-dump-public title=\"Public property\">incrementing</span>: <span class=sf-dump-const>true</span>
      #<span class=sf-dump-protected title=\"Protected property\">with</span>: []
      #<span class=sf-dump-protected title=\"Protected property\">withCount</span>: []
      +<span class=sf-dump-public title=\"Public property\">preventsLazyLoading</span>: <span class=sf-dump-const>false</span>
      #<span class=sf-dump-protected title=\"Protected property\">perPage</span>: <span class=sf-dump-num>15</span>
      +<span class=sf-dump-public title=\"Public property\">exists</span>: <span class=sf-dump-const>true</span>
      +<span class=sf-dump-public title=\"Public property\">wasRecentlyCreated</span>: <span class=sf-dump-const>false</span>
      #<span class=sf-dump-protected title=\"Protected property\">escapeWhenCastingToString</span>: <span class=sf-dump-const>false</span>
      #<span class=sf-dump-protected title=\"Protected property\">attributes</span>: <span class=sf-dump-note>array:22</span> [ &#8230;22]
      #<span class=sf-dump-protected title=\"Protected property\">original</span>: <span class=sf-dump-note>array:22</span> [ &#8230;22]
      #<span class=sf-dump-protected title=\"Protected property\">changes</span>: []
      #<span class=sf-dump-protected title=\"Protected property\">casts</span>: <span class=sf-dump-note>array:1</span> [ &#8230;1]
      #<span class=sf-dump-protected title=\"Protected property\">classCastCache</span>: []
      #<span class=sf-dump-protected title=\"Protected property\">attributeCastCache</span>: []
      #<span class=sf-dump-protected title=\"Protected property\">dates</span>: []
      #<span class=sf-dump-protected title=\"Protected property\">dateFormat</span>: <span class=sf-dump-const>null</span>
      #<span class=sf-dump-protected title=\"Protected property\">dispatchesEvents</span>: []
      #<span class=sf-dump-protected title=\"Protected property\">observables</span>: []
      #<span class=sf-dump-protected title=\"Protected property\">relations</span>: []
      #<span class=sf-dump-protected title=\"Protected property\">touches</span>: []
      +<span class=sf-dump-public title=\"Public property\">timestamps</span>: <span class=sf-dump-const>true</span>
      #<span class=sf-dump-protected title=\"Protected property\">hidden</span>: []
      #<span class=sf-dump-protected title=\"Protected property\">visible</span>: []
      #<span class=sf-dump-protected title=\"Protected property\">guarded</span>: <span class=sf-dump-note>array:1</span> [ &#8230;1]
      #<span class=sf-dump-protected title=\"Protected property\">forceDeleting</span>: <span class=sf-dump-const>false</span>
    </samp>}
    <span class=sf-dump-index>7</span> => <span class=sf-dump-note title=\"App\\Models\\Course
\"><span class=\"sf-dump-ellipsis sf-dump-ellipsis-note\">App\\Models</span><span class=\"sf-dump-ellipsis sf-dump-ellipsis-note\">\\</span>Course</span> {<a class=sf-dump-ref>#1639</a><samp data-depth=3 class=sf-dump-compact>
      #<span class=sf-dump-protected title=\"Protected property\">fillable</span>: <span class=sf-dump-note>array:19</span> [ &#8230;19]
      #<span class=sf-dump-protected title=\"Protected property\">appends</span>: <span class=sf-dump-note>array:1</span> [ &#8230;1]
      #<span class=sf-dump-protected title=\"Protected property\">connection</span>: \"<span class=sf-dump-str title=\"5 characters\">mysql</span>\"
      #<span class=sf-dump-protected title=\"Protected property\">table</span>: \"<span class=sf-dump-str title=\"7 characters\">courses</span>\"
      #<span class=sf-dump-protected title=\"Protected property\">primaryKey</span>: \"<span class=sf-dump-str title=\"2 characters\">id</span>\"
      #<span class=sf-dump-protected title=\"Protected property\">keyType</span>: \"<span class=sf-dump-str title=\"3 characters\">int</span>\"
      +<span class=sf-dump-public title=\"Public property\">incrementing</span>: <span class=sf-dump-const>true</span>
      #<span class=sf-dump-protected title=\"Protected property\">with</span>: []
      #<span class=sf-dump-protected title=\"Protected property\">withCount</span>: []
      +<span class=sf-dump-public title=\"Public property\">preventsLazyLoading</span>: <span class=sf-dump-const>false</span>
      #<span class=sf-dump-protected title=\"Protected property\">perPage</span>: <span class=sf-dump-num>15</span>
      +<span class=sf-dump-public title=\"Public property\">exists</span>: <span class=sf-dump-const>true</span>
      +<span class=sf-dump-public title=\"Public property\">wasRecentlyCreated</span>: <span class=sf-dump-const>false</span>
      #<span class=sf-dump-protected title=\"Protected property\">escapeWhenCastingToString</span>: <span class=sf-dump-const>false</span>
      #<span class=sf-dump-protected title=\"Protected property\">attributes</span>: <span class=sf-dump-note>array:22</span> [ &#8230;22]
      #<span class=sf-dump-protected title=\"Protected property\">original</span>: <span class=sf-dump-note>array:22</span> [ &#8230;22]
      #<span class=sf-dump-protected title=\"Protected property\">changes</span>: []
      #<span class=sf-dump-protected title=\"Protected property\">casts</span>: <span class=sf-dump-note>array:1</span> [ &#8230;1]
      #<span class=sf-dump-protected title=\"Protected property\">classCastCache</span>: []
      #<span class=sf-dump-protected title=\"Protected property\">attributeCastCache</span>: []
      #<span class=sf-dump-protected title=\"Protected property\">dates</span>: []
      #<span class=sf-dump-protected title=\"Protected property\">dateFormat</span>: <span class=sf-dump-const>null</span>
      #<span class=sf-dump-protected title=\"Protected property\">dispatchesEvents</span>: []
      #<span class=sf-dump-protected title=\"Protected property\">observables</span>: []
      #<span class=sf-dump-protected title=\"Protected property\">relations</span>: []
      #<span class=sf-dump-protected title=\"Protected property\">touches</span>: []
      +<span class=sf-dump-public title=\"Public property\">timestamps</span>: <span class=sf-dump-const>true</span>
      #<span class=sf-dump-protected title=\"Protected property\">hidden</span>: []
      #<span class=sf-dump-protected title=\"Protected property\">visible</span>: []
      #<span class=sf-dump-protected title=\"Protected property\">guarded</span>: <span class=sf-dump-note>array:1</span> [ &#8230;1]
      #<span class=sf-dump-protected title=\"Protected property\">forceDeleting</span>: <span class=sf-dump-const>false</span>
    </samp>}
  </samp>]
  #<span class=sf-dump-protected title=\"Protected property\">escapeWhenCastingToString</span>: <span class=sf-dump-const>false</span>
</samp>}
</pre><script>Sfdump(\"sf-dump-952878555\", {\"maxDepth\":3,\"maxStringLength\":160})</script>
","locales":"<pre class=sf-dump id=sf-dump-34220234 data-indent-pad=\"  \"><span class=sf-dump-note>array:4</span> [<samp data-depth=1 class=sf-dump-expanded>
  <span class=sf-dump-index>0</span> => \"<span class=sf-dump-str title=\"2 characters\">en</span>\"
  <span class=sf-dump-index>1</span> => \"<span class=sf-dump-str title=\"2 characters\">es</span>\"
  <span class=sf-dump-index>2</span> => \"<span class=sf-dump-str title=\"2 characters\">fr</span>\"
  <span class=sf-dump-index>3</span> => \"<span class=sf-dump-str title=\"2 characters\">ar</span>\"
</samp>]
</pre><script>Sfdump(\"sf-dump-34220234\", {\"maxDepth\":3,\"maxStringLength\":160})</script>
","appCurrency":"<pre class=sf-dump id=sf-dump-778407716 data-indent-pad=\"  \"><span class=sf-dump-note>array:4</span> [<samp data-depth=1 class=sf-dump-expanded>
  \"<span class=sf-dump-key>short_code</span>\" => \"<span class=sf-dump-str title=\"3 characters\">USD</span>\"
  \"<span class=sf-dump-key>symbol</span>\" => \"<span class=sf-dump-str>$</span>\"
  \"<span class=sf-dump-key>name</span>\" => \"<span class=sf-dump-str title=\"20 characters\">United States dollar</span>\"
  \"<span class=sf-dump-key>country</span>\" => \"<span class=sf-dump-str title=\"13 characters\">United States</span>\"
</samp>]
</pre><script>Sfdump(\"sf-dump-778407716\", {\"maxDepth\":3,\"maxStringLength\":160})</script>
","locale_full_name":"<pre class=sf-dump id=sf-dump-1467478441 data-indent-pad=\"  \">\"<span class=sf-dump-str title=\"7 characters\">English</span>\"
</pre><script>Sfdump(\"sf-dump-1467478441\", {\"maxDepth\":3,\"maxStringLength\":160})</script>
","errors":"<pre class=sf-dump id=sf-dump-1646353946 data-indent-pad=\"  \"><span class=sf-dump-note>Illuminate\\Support\\ViewErrorBag</span> {<a class=sf-dump-ref>#2287</a><samp data-depth=1 class=sf-dump-expanded>
  #<span class=sf-dump-protected title=\"Protected property\">bags</span>: []
</samp>}
</pre><script>Sfdump(\"sf-dump-1646353946\", {\"maxDepth\":3,\"maxStringLength\":160})</script>
","page":"<pre class=sf-dump id=sf-dump-1840075562 data-indent-pad=\"  \"><span class=sf-dump-note>App\\Models\\Page</span> {<a class=sf-dump-ref>#2661</a><samp data-depth=1 class=sf-dump-expanded>
  #<span class=sf-dump-protected title=\"Protected property\">appends</span>: <span class=sf-dump-note>array:1</span> [<samp data-depth=2 class=sf-dump-compact>
    <span class=sf-dump-index>0</span> => \"<span class=sf-dump-str title=\"10 characters\">page_image</span>\"
  </samp>]
  #<span class=sf-dump-protected title=\"Protected property\">guarded</span>: []
  #<span class=sf-dump-protected title=\"Protected property\">dateFormat</span>: \"<span class=sf-dump-str title=\"10 characters\">Y-m-d\\TH:i</span>\"
  #<span class=sf-dump-protected title=\"Protected property\">table</span>: \"<span class=sf-dump-str title=\"5 characters\">pages</span>\"
  #<span class=sf-dump-protected title=\"Protected property\">connection</span>: \"<span class=sf-dump-str title=\"5 characters\">mysql</span>\"
  #<span class=sf-dump-protected title=\"Protected property\">primaryKey</span>: \"<span class=sf-dump-str title=\"2 characters\">id</span>\"
  #<span class=sf-dump-protected title=\"Protected property\">keyType</span>: \"<span class=sf-dump-str title=\"3 characters\">int</span>\"
  +<span class=sf-dump-public title=\"Public property\">incrementing</span>: <span class=sf-dump-const>true</span>
  #<span class=sf-dump-protected title=\"Protected property\">with</span>: []
  #<span class=sf-dump-protected title=\"Protected property\">withCount</span>: []
  +<span class=sf-dump-public title=\"Public property\">preventsLazyLoading</span>: <span class=sf-dump-const>false</span>
  #<span class=sf-dump-protected title=\"Protected property\">perPage</span>: <span class=sf-dump-num>15</span>
  +<span class=sf-dump-public title=\"Public property\">exists</span>: <span class=sf-dump-const>true</span>
  +<span class=sf-dump-public title=\"Public property\">wasRecentlyCreated</span>: <span class=sf-dump-const>false</span>
  #<span class=sf-dump-protected title=\"Protected property\">escapeWhenCastingToString</span>: <span class=sf-dump-const>false</span>
  #<span class=sf-dump-protected title=\"Protected property\">attributes</span>: <span class=sf-dump-note>array:14</span> [<samp data-depth=2 class=sf-dump-compact>
    \"<span class=sf-dump-key>id</span>\" => <span class=sf-dump-num>11</span>
    \"<span class=sf-dump-key>user_id</span>\" => <span class=sf-dump-num>1</span>
    \"<span class=sf-dump-key>title</span>\" => \"<span class=sf-dump-str title=\"17 characters\">Courses &amp; Lessons</span>\"
    \"<span class=sf-dump-key>slug</span>\" => \"<span class=sf-dump-str title=\"15 characters\">courses-lessons</span>\"
    \"<span class=sf-dump-key>content</span>\" => \"\"\"
      <span class=sf-dump-str title=\"1104 characters\">&lt;!DOCTYPE html PUBLIC &quot;-//W3C//DTD HTML 4.0 Transitional//EN&quot; &quot;http://www.w3.org/TR/REC-html40/loose.dtd&quot;&gt;<span class=\"sf-dump-default sf-dump-ns\">\\n</span></span>
      <span class=sf-dump-str title=\"1104 characters\">&lt;html&gt;&lt;body&gt;&lt;h2&gt;&lt;strong&gt;Courses&lt;/strong&gt;&lt;/h2&gt;&lt;p&gt;Lorem ipsum dolor sit amet, consectetur adipiscing elit, sed do eiusmod tempor incididunt ut labore et dolore magna aliqua. Ut enim ad minim veniam, quis nostrud exercitation ullamco laboris nisi ut aliquip ex ea commodo consequat. Duis aute irure dolor in reprehenderit in voluptate velit esse cillum dolore eu fugiat nulla pariatur. Excepteur sint occaecat cupidatat non proident, sunt in culpa qui officia deserunt mollit anim id est laborum.&lt;/p&gt;&lt;h2&gt;&lt;strong&gt;Lessons&lt;/strong&gt;&lt;/h2&gt;&lt;p&gt;Lorem ipsum dolor sit amet, consectetur adipiscing elit, sed do eiusmod tempor incididunt ut labore et dolore magna aliqua. Ut enim ad minim veniam, quis nostrud exercitation ullamco laboris nisi ut aliquip ex ea commodo consequat. Duis aute irure dolor in reprehenderit in voluptate velit esse cillum dolore eu fugiat nulla pariatur. Excepteur sint occaecat cupidatat non proident, sunt in culpa qui officia deserunt mollit anim id est laborum.&lt;/p&gt;&lt;/body&gt;&lt;/html&gt;<span class=\"sf-dump-default sf-dump-ns\">\\n</span></span>
      \"\"\"
    \"<span class=sf-dump-key>image</span>\" => <span class=sf-dump-const>null</span>
    \"<span class=sf-dump-key>sidebar</span>\" => <span class=sf-dump-num>0</span>
    \"<span class=sf-dump-key>meta_title</span>\" => <span class=sf-dump-const>null</span>
    \"<span class=sf-dump-key>meta_keywords</span>\" => <span class=sf-dump-const>null</span>
    \"<span class=sf-dump-key>meta_description</span>\" => <span class=sf-dump-const>null</span>
    \"<span class=sf-dump-key>published</span>\" => <span class=sf-dump-num>1</span>
    \"<span class=sf-dump-key>created_at</span>\" => \"<span class=sf-dump-str title=\"19 characters\">2024-07-28 23:34:00</span>\"
    \"<span class=sf-dump-key>updated_at</span>\" => \"<span class=sf-dump-str title=\"19 characters\">2024-07-28 23:34:00</span>\"
    \"<span class=sf-dump-key>deleted_at</span>\" => <span class=sf-dump-const>null</span>
  </samp>]
  #<span class=sf-dump-protected title=\"Protected property\">original</span>: <span class=sf-dump-note>array:14</span> [<samp data-depth=2 class=sf-dump-compact>
    \"<span class=sf-dump-key>id</span>\" => <span class=sf-dump-num>11</span>
    \"<span class=sf-dump-key>user_id</span>\" => <span class=sf-dump-num>1</span>
    \"<span class=sf-dump-key>title</span>\" => \"<span class=sf-dump-str title=\"17 characters\">Courses &amp; Lessons</span>\"
    \"<span class=sf-dump-key>slug</span>\" => \"<span class=sf-dump-str title=\"15 characters\">courses-lessons</span>\"
    \"<span class=sf-dump-key>content</span>\" => \"\"\"
      <span class=sf-dump-str title=\"1104 characters\">&lt;!DOCTYPE html PUBLIC &quot;-//W3C//DTD HTML 4.0 Transitional//EN&quot; &quot;http://www.w3.org/TR/REC-html40/loose.dtd&quot;&gt;<span class=\"sf-dump-default sf-dump-ns\">\\n</span></span>
      <span class=sf-dump-str title=\"1104 characters\">&lt;html&gt;&lt;body&gt;&lt;h2&gt;&lt;strong&gt;Courses&lt;/strong&gt;&lt;/h2&gt;&lt;p&gt;Lorem ipsum dolor sit amet, consectetur adipiscing elit, sed do eiusmod tempor incididunt ut labore et dolore magna aliqua. Ut enim ad minim veniam, quis nostrud exercitation ullamco laboris nisi ut aliquip ex ea commodo consequat. Duis aute irure dolor in reprehenderit in voluptate velit esse cillum dolore eu fugiat nulla pariatur. Excepteur sint occaecat cupidatat non proident, sunt in culpa qui officia deserunt mollit anim id est laborum.&lt;/p&gt;&lt;h2&gt;&lt;strong&gt;Lessons&lt;/strong&gt;&lt;/h2&gt;&lt;p&gt;Lorem ipsum dolor sit amet, consectetur adipiscing elit, sed do eiusmod tempor incididunt ut labore et dolore magna aliqua. Ut enim ad minim veniam, quis nostrud exercitation ullamco laboris nisi ut aliquip ex ea commodo consequat. Duis aute irure dolor in reprehenderit in voluptate velit esse cillum dolore eu fugiat nulla pariatur. Excepteur sint occaecat cupidatat non proident, sunt in culpa qui officia deserunt mollit anim id est laborum.&lt;/p&gt;&lt;/body&gt;&lt;/html&gt;<span class=\"sf-dump-default sf-dump-ns\">\\n</span></span>
      \"\"\"
    \"<span class=sf-dump-key>image</span>\" => <span class=sf-dump-const>null</span>
    \"<span class=sf-dump-key>sidebar</span>\" => <span class=sf-dump-num>0</span>
    \"<span class=sf-dump-key>meta_title</span>\" => <span class=sf-dump-const>null</span>
    \"<span class=sf-dump-key>meta_keywords</span>\" => <span class=sf-dump-const>null</span>
    \"<span class=sf-dump-key>meta_description</span>\" => <span class=sf-dump-const>null</span>
    \"<span class=sf-dump-key>published</span>\" => <span class=sf-dump-num>1</span>
    \"<span class=sf-dump-key>created_at</span>\" => \"<span class=sf-dump-str title=\"19 characters\">2024-07-28 23:34:00</span>\"
    \"<span class=sf-dump-key>updated_at</span>\" => \"<span class=sf-dump-str title=\"19 characters\">2024-07-28 23:34:00</span>\"
    \"<span class=sf-dump-key>deleted_at</span>\" => <span class=sf-dump-const>null</span>
  </samp>]
  #<span class=sf-dump-protected title=\"Protected property\">changes</span>: []
  #<span class=sf-dump-protected title=\"Protected property\">casts</span>: <span class=sf-dump-note>array:1</span> [<samp data-depth=2 class=sf-dump-compact>
    \"<span class=sf-dump-key>deleted_at</span>\" => \"<span class=sf-dump-str title=\"8 characters\">datetime</span>\"
  </samp>]
  #<span class=sf-dump-protected title=\"Protected property\">classCastCache</span>: []
  #<span class=sf-dump-protected title=\"Protected property\">attributeCastCache</span>: []
  #<span class=sf-dump-protected title=\"Protected property\">dates</span>: []
  #<span class=sf-dump-protected title=\"Protected property\">dispatchesEvents</span>: []
  #<span class=sf-dump-protected title=\"Protected property\">observables</span>: []
  #<span class=sf-dump-protected title=\"Protected property\">relations</span>: []
  #<span class=sf-dump-protected title=\"Protected property\">touches</span>: []
  +<span class=sf-dump-public title=\"Public property\">timestamps</span>: <span class=sf-dump-const>true</span>
  #<span class=sf-dump-protected title=\"Protected property\">hidden</span>: []
  #<span class=sf-dump-protected title=\"Protected property\">visible</span>: []
  #<span class=sf-dump-protected title=\"Protected property\">fillable</span>: []
  #<span class=sf-dump-protected title=\"Protected property\">forceDeleting</span>: <span class=sf-dump-const>false</span>
</samp>}
</pre><script>Sfdump(\"sf-dump-1840075562\", {\"maxDepth\":3,\"maxStringLength\":160})</script>
","logged_in_user":"<pre class=sf-dump id=sf-dump-868181776 data-indent-pad=\"  \"><span class=sf-dump-note>App\\Models\\Auth\\User</span> {<a class=sf-dump-ref>#2669</a><samp data-depth=1 class=sf-dump-expanded>
  #<span class=sf-dump-protected title=\"Protected property\">fillable</span>: <span class=sf-dump-note>array:21</span> [<samp data-depth=2 class=sf-dump-compact>
    <span class=sf-dump-index>0</span> => \"<span class=sf-dump-str title=\"10 characters\">first_name</span>\"
    <span class=sf-dump-index>1</span> => \"<span class=sf-dump-str title=\"9 characters\">last_name</span>\"
    <span class=sf-dump-index>2</span> => \"<span class=sf-dump-str title=\"5 characters\">email</span>\"
    <span class=sf-dump-index>3</span> => \"<span class=sf-dump-str title=\"3 characters\">dob</span>\"
    <span class=sf-dump-index>4</span> => \"<span class=sf-dump-str title=\"5 characters\">phone</span>\"
    <span class=sf-dump-index>5</span> => \"<span class=sf-dump-str title=\"6 characters\">gender</span>\"
    <span class=sf-dump-index>6</span> => \"<span class=sf-dump-str title=\"7 characters\">address</span>\"
    <span class=sf-dump-index>7</span> => \"<span class=sf-dump-str title=\"4 characters\">city</span>\"
    <span class=sf-dump-index>8</span> => \"<span class=sf-dump-str title=\"7 characters\">pincode</span>\"
    <span class=sf-dump-index>9</span> => \"<span class=sf-dump-str title=\"5 characters\">state</span>\"
    <span class=sf-dump-index>10</span> => \"<span class=sf-dump-str title=\"7 characters\">country</span>\"
    <span class=sf-dump-index>11</span> => \"<span class=sf-dump-str title=\"11 characters\">avatar_type</span>\"
    <span class=sf-dump-index>12</span> => \"<span class=sf-dump-str title=\"15 characters\">avatar_location</span>\"
    <span class=sf-dump-index>13</span> => \"<span class=sf-dump-str title=\"8 characters\">password</span>\"
    <span class=sf-dump-index>14</span> => \"<span class=sf-dump-str title=\"19 characters\">password_changed_at</span>\"
    <span class=sf-dump-index>15</span> => \"<span class=sf-dump-str title=\"6 characters\">active</span>\"
    <span class=sf-dump-index>16</span> => \"<span class=sf-dump-str title=\"17 characters\">confirmation_code</span>\"
    <span class=sf-dump-index>17</span> => \"<span class=sf-dump-str title=\"9 characters\">confirmed</span>\"
    <span class=sf-dump-index>18</span> => \"<span class=sf-dump-str title=\"8 characters\">timezone</span>\"
    <span class=sf-dump-index>19</span> => \"<span class=sf-dump-str title=\"13 characters\">last_login_at</span>\"
    <span class=sf-dump-index>20</span> => \"<span class=sf-dump-str title=\"13 characters\">last_login_ip</span>\"
  </samp>]
  #<span class=sf-dump-protected title=\"Protected property\">hidden</span>: <span class=sf-dump-note>array:2</span> [<samp data-depth=2 class=sf-dump-compact>
    <span class=sf-dump-index>0</span> => \"<span class=sf-dump-str title=\"8 characters\">password</span>\"
    <span class=sf-dump-index>1</span> => \"<span class=sf-dump-str title=\"14 characters\">remember_token</span>\"
  </samp>]
  #<span class=sf-dump-protected title=\"Protected property\">dates</span>: <span class=sf-dump-note>array:2</span> [<samp data-depth=2 class=sf-dump-compact>
    <span class=sf-dump-index>0</span> => \"<span class=sf-dump-str title=\"13 characters\">last_login_at</span>\"
    <span class=sf-dump-index>1</span> => \"<span class=sf-dump-str title=\"10 characters\">deleted_at</span>\"
  </samp>]
  #<span class=sf-dump-protected title=\"Protected property\">appends</span>: <span class=sf-dump-note>array:2</span> [<samp data-depth=2 class=sf-dump-compact>
    <span class=sf-dump-index>0</span> => \"<span class=sf-dump-str title=\"9 characters\">full_name</span>\"
    <span class=sf-dump-index>1</span> => \"<span class=sf-dump-str title=\"5 characters\">image</span>\"
  </samp>]
  #<span class=sf-dump-protected title=\"Protected property\">casts</span>: <span class=sf-dump-note>array:3</span> [<samp data-depth=2 class=sf-dump-compact>
    \"<span class=sf-dump-key>active</span>\" => \"<span class=sf-dump-str title=\"7 characters\">boolean</span>\"
    \"<span class=sf-dump-key>confirmed</span>\" => \"<span class=sf-dump-str title=\"7 characters\">boolean</span>\"
    \"<span class=sf-dump-key>deleted_at</span>\" => \"<span class=sf-dump-str title=\"8 characters\">datetime</span>\"
  </samp>]
  #<span class=sf-dump-protected title=\"Protected property\">connection</span>: \"<span class=sf-dump-str title=\"5 characters\">mysql</span>\"
  #<span class=sf-dump-protected title=\"Protected property\">table</span>: \"<span class=sf-dump-str title=\"5 characters\">users</span>\"
  #<span class=sf-dump-protected title=\"Protected property\">primaryKey</span>: \"<span class=sf-dump-str title=\"2 characters\">id</span>\"
  #<span class=sf-dump-protected title=\"Protected property\">keyType</span>: \"<span class=sf-dump-str title=\"3 characters\">int</span>\"
  +<span class=sf-dump-public title=\"Public property\">incrementing</span>: <span class=sf-dump-const>true</span>
  #<span class=sf-dump-protected title=\"Protected property\">with</span>: []
  #<span class=sf-dump-protected title=\"Protected property\">withCount</span>: []
  +<span class=sf-dump-public title=\"Public property\">preventsLazyLoading</span>: <span class=sf-dump-const>false</span>
  #<span class=sf-dump-protected title=\"Protected property\">perPage</span>: <span class=sf-dump-num>15</span>
  +<span class=sf-dump-public title=\"Public property\">exists</span>: <span class=sf-dump-const>true</span>
  +<span class=sf-dump-public title=\"Public property\">wasRecentlyCreated</span>: <span class=sf-dump-const>false</span>
  #<span class=sf-dump-protected title=\"Protected property\">escapeWhenCastingToString</span>: <span class=sf-dump-const>false</span>
  #<span class=sf-dump-protected title=\"Protected property\">attributes</span>: <span class=sf-dump-note>array:31</span> [<samp data-depth=2 class=sf-dump-compact>
    \"<span class=sf-dump-key>id</span>\" => <span class=sf-dump-num>1</span>
    \"<span class=sf-dump-key>uuid</span>\" => \"<span class=sf-dump-str title=\"36 characters\">afe08044-432c-4bc9-9985-2a5ab3855a00</span>\"
    \"<span class=sf-dump-key>first_name</span>\" => \"<span class=sf-dump-str title=\"5 characters\">Admin</span>\"
    \"<span class=sf-dump-key>last_name</span>\" => \"<span class=sf-dump-str title=\"8 characters\">Istrator</span>\"
    \"<span class=sf-dump-key>email</span>\" => \"<span class=sf-dump-str title=\"13 characters\">admin@lms.com</span>\"
    \"<span class=sf-dump-key>dob</span>\" => <span class=sf-dump-const>null</span>
    \"<span class=sf-dump-key>phone</span>\" => <span class=sf-dump-const>null</span>
    \"<span class=sf-dump-key>gender</span>\" => <span class=sf-dump-const>null</span>
    \"<span class=sf-dump-key>address</span>\" => <span class=sf-dump-const>null</span>
    \"<span class=sf-dump-key>city</span>\" => <span class=sf-dump-const>null</span>
    \"<span class=sf-dump-key>pincode</span>\" => <span class=sf-dump-const>null</span>
    \"<span class=sf-dump-key>state</span>\" => <span class=sf-dump-const>null</span>
    \"<span class=sf-dump-key>country</span>\" => <span class=sf-dump-const>null</span>
    \"<span class=sf-dump-key>avatar_type</span>\" => \"<span class=sf-dump-str title=\"8 characters\">gravatar</span>\"
    \"<span class=sf-dump-key>avatar_location</span>\" => <span class=sf-dump-const>null</span>
    \"<span class=sf-dump-key>password</span>\" => \"<span class=sf-dump-str title=\"60 characters\">$2y$10$QZdYtzjiYHuvGcBfgBpYWOJxxyvZoLkyyqqo0dqLcLz95wFwvq482</span>\"
    \"<span class=sf-dump-key>password_changed_at</span>\" => <span class=sf-dump-const>null</span>
    \"<span class=sf-dump-key>active</span>\" => <span class=sf-dump-num>1</span>
    \"<span class=sf-dump-key>confirmation_code</span>\" => \"<span class=sf-dump-str title=\"32 characters\">a7d09da3a8e9c4cbf45dd98c1e8da9c8</span>\"
    \"<span class=sf-dump-key>confirmed</span>\" => <span class=sf-dump-num>1</span>
    \"<span class=sf-dump-key>timezone</span>\" => <span class=sf-dump-const>null</span>
    \"<span class=sf-dump-key>last_login_at</span>\" => \"<span class=sf-dump-str title=\"19 characters\">2028-07-24 23:07:41</span>\"
    \"<span class=sf-dump-key>last_login_ip</span>\" => \"<span class=sf-dump-str title=\"9 characters\">127.0.0.1</span>\"
    \"<span class=sf-dump-key>remember_token</span>\" => <span class=sf-dump-const>null</span>
    \"<span class=sf-dump-key>created_at</span>\" => \"<span class=sf-dump-str title=\"19 characters\">2024-02-06 14:46:23</span>\"
    \"<span class=sf-dump-key>updated_at</span>\" => \"<span class=sf-dump-str title=\"19 characters\">2028-07-24 23:07:41</span>\"
    \"<span class=sf-dump-key>deleted_at</span>\" => <span class=sf-dump-const>null</span>
    \"<span class=sf-dump-key>stripe_id</span>\" => <span class=sf-dump-const>null</span>
    \"<span class=sf-dump-key>card_brand</span>\" => <span class=sf-dump-const>null</span>
    \"<span class=sf-dump-key>card_last_four</span>\" => <span class=sf-dump-const>null</span>
    \"<span class=sf-dump-key>trial_ends_at</span>\" => <span class=sf-dump-const>null</span>
  </samp>]
  #<span class=sf-dump-protected title=\"Protected property\">original</span>: <span class=sf-dump-note>array:31</span> [<samp data-depth=2 class=sf-dump-compact>
    \"<span class=sf-dump-key>id</span>\" => <span class=sf-dump-num>1</span>
    \"<span class=sf-dump-key>uuid</span>\" => \"<span class=sf-dump-str title=\"36 characters\">afe08044-432c-4bc9-9985-2a5ab3855a00</span>\"
    \"<span class=sf-dump-key>first_name</span>\" => \"<span class=sf-dump-str title=\"5 characters\">Admin</span>\"
    \"<span class=sf-dump-key>last_name</span>\" => \"<span class=sf-dump-str title=\"8 characters\">Istrator</span>\"
    \"<span class=sf-dump-key>email</span>\" => \"<span class=sf-dump-str title=\"13 characters\">admin@lms.com</span>\"
    \"<span class=sf-dump-key>dob</span>\" => <span class=sf-dump-const>null</span>
    \"<span class=sf-dump-key>phone</span>\" => <span class=sf-dump-const>null</span>
    \"<span class=sf-dump-key>gender</span>\" => <span class=sf-dump-const>null</span>
    \"<span class=sf-dump-key>address</span>\" => <span class=sf-dump-const>null</span>
    \"<span class=sf-dump-key>city</span>\" => <span class=sf-dump-const>null</span>
    \"<span class=sf-dump-key>pincode</span>\" => <span class=sf-dump-const>null</span>
    \"<span class=sf-dump-key>state</span>\" => <span class=sf-dump-const>null</span>
    \"<span class=sf-dump-key>country</span>\" => <span class=sf-dump-const>null</span>
    \"<span class=sf-dump-key>avatar_type</span>\" => \"<span class=sf-dump-str title=\"8 characters\">gravatar</span>\"
    \"<span class=sf-dump-key>avatar_location</span>\" => <span class=sf-dump-const>null</span>
    \"<span class=sf-dump-key>password</span>\" => \"<span class=sf-dump-str title=\"60 characters\">$2y$10$QZdYtzjiYHuvGcBfgBpYWOJxxyvZoLkyyqqo0dqLcLz95wFwvq482</span>\"
    \"<span class=sf-dump-key>password_changed_at</span>\" => <span class=sf-dump-const>null</span>
    \"<span class=sf-dump-key>active</span>\" => <span class=sf-dump-num>1</span>
    \"<span class=sf-dump-key>confirmation_code</span>\" => \"<span class=sf-dump-str title=\"32 characters\">a7d09da3a8e9c4cbf45dd98c1e8da9c8</span>\"
    \"<span class=sf-dump-key>confirmed</span>\" => <span class=sf-dump-num>1</span>
    \"<span class=sf-dump-key>timezone</span>\" => <span class=sf-dump-const>null</span>
    \"<span class=sf-dump-key>last_login_at</span>\" => \"<span class=sf-dump-str title=\"19 characters\">2028-07-24 23:07:41</span>\"
    \"<span class=sf-dump-key>last_login_ip</span>\" => \"<span class=sf-dump-str title=\"9 characters\">127.0.0.1</span>\"
    \"<span class=sf-dump-key>remember_token</span>\" => <span class=sf-dump-const>null</span>
    \"<span class=sf-dump-key>created_at</span>\" => \"<span class=sf-dump-str title=\"19 characters\">2024-02-06 14:46:23</span>\"
    \"<span class=sf-dump-key>updated_at</span>\" => \"<span class=sf-dump-str title=\"19 characters\">2028-07-24 23:07:41</span>\"
    \"<span class=sf-dump-key>deleted_at</span>\" => <span class=sf-dump-const>null</span>
    \"<span class=sf-dump-key>stripe_id</span>\" => <span class=sf-dump-const>null</span>
    \"<span class=sf-dump-key>card_brand</span>\" => <span class=sf-dump-const>null</span>
    \"<span class=sf-dump-key>card_last_four</span>\" => <span class=sf-dump-const>null</span>
    \"<span class=sf-dump-key>trial_ends_at</span>\" => <span class=sf-dump-const>null</span>
  </samp>]
  #<span class=sf-dump-protected title=\"Protected property\">changes</span>: []
  #<span class=sf-dump-protected title=\"Protected property\">classCastCache</span>: []
  #<span class=sf-dump-protected title=\"Protected property\">attributeCastCache</span>: []
  #<span class=sf-dump-protected title=\"Protected property\">dateFormat</span>: <span class=sf-dump-const>null</span>
  #<span class=sf-dump-protected title=\"Protected property\">dispatchesEvents</span>: []
  #<span class=sf-dump-protected title=\"Protected property\">observables</span>: []
  #<span class=sf-dump-protected title=\"Protected property\">relations</span>: []
  #<span class=sf-dump-protected title=\"Protected property\">touches</span>: []
  +<span class=sf-dump-public title=\"Public property\">timestamps</span>: <span class=sf-dump-const>true</span>
  #<span class=sf-dump-protected title=\"Protected property\">visible</span>: []
  #<span class=sf-dump-protected title=\"Protected property\">guarded</span>: <span class=sf-dump-note>array:1</span> [<samp data-depth=2 class=sf-dump-compact>
    <span class=sf-dump-index>0</span> => \"<span class=sf-dump-str>*</span>\"
  </samp>]
  #<span class=sf-dump-protected title=\"Protected property\">rememberTokenName</span>: \"<span class=sf-dump-str title=\"14 characters\">remember_token</span>\"
  -<span class=sf-dump-private title=\"Private property defined in class:&#10;`App\\Models\\Auth\\User`\">roleClass</span>: <span class=sf-dump-const>null</span>
  -<span class=sf-dump-private title=\"Private property defined in class:&#10;`App\\Models\\Auth\\User`\">permissionClass</span>: <span class=sf-dump-const>null</span>
  #<span class=sf-dump-protected title=\"Protected property\">forceDeleting</span>: <span class=sf-dump-const>false</span>
  #<span class=sf-dump-protected title=\"Protected property\">accessToken</span>: <span class=sf-dump-const>null</span>
</samp>}
</pre><script>Sfdump(\"sf-dump-868181776\", {\"maxDepth\":3,\"maxStringLength\":160})</script>
"}},"userId":1,"exception":"[object] (Facade\\Ignition\\Exceptions\\ViewException(code: 0): syntax error, unexpected 'COURSES' (T_STRING), expecting ')' (View: C:\\xampp\\htdocs\\language\\resources\\views\\frontend\\pages\\index.blade.php) at C:\\xampp\\htdocs\\language\\resources\\views/frontend/pages/index.blade.php:69)
[stacktrace]
#0 C:\\xampp\\htdocs\\language\\vendor\\laravel\\framework\\src\\Illuminate\\Filesystem\\Filesystem.php(108): Illuminate\\Filesystem\\Filesystem::Illuminate\\Filesystem\\{closure}()
#1 C:\\xampp\\htdocs\\language\\vendor\\laravel\\framework\\src\\Illuminate\\View\\Engines\\PhpEngine.php(58): Illuminate\\Filesystem\\Filesystem->getRequire('C:\\\\xampp\\\\htdocs...', Array)
#2 C:\\xampp\\htdocs\\language\\vendor\\laravel\\framework\\src\\Illuminate\\View\\Engines\\CompilerEngine.php(61): Illuminate\\View\\Engines\\PhpEngine->evaluatePath('C:\\\\xampp\\\\htdocs...', Array)
#3 C:\\xampp\\htdocs\\language\\vendor\\facade\\ignition\\src\\Views\\Engines\\CompilerEngine.php(37): Illuminate\\View\\Engines\\CompilerEngine->get('C:\\\\xampp\\\\htdocs...', Array)
#4 C:\\xampp\\htdocs\\language\\vendor\\laravel\\framework\\src\\Illuminate\\View\\View.php(115): Facade\\Ignition\\Views\\Engines\\CompilerEngine->get('C:\\\\xampp\\\\htdocs...', Array)
#5 C:\\xampp\\htdocs\\language\\vendor\\laravel\\framework\\src\\Illuminate\\View\\View.php(102): Illuminate\\View\\View->getContents()
#6 C:\\xampp\\htdocs\\language\\vendor\\laravel\\framework\\src\\Illuminate\\View\\View.php(79): Illuminate\\View\\View->renderContents()
#7 C:\\xampp\\htdocs\\language\\vendor\\laravel\\framework\\src\\Illuminate\\Http\\Response.php(69): Illuminate\\View\\View->render()
#8 C:\\xampp\\htdocs\\language\\vendor\\laravel\\framework\\src\\Illuminate\\Http\\Response.php(35): Illuminate\\Http\\Response->setContent(Object(Illuminate\\View\\View))
#9 C:\\xampp\\htdocs\\language\\vendor\\laravel\\framework\\src\\Illuminate\\Routing\\Router.php(820): Illuminate\\Http\\Response->__construct(Object(Illuminate\\View\\View), 200, Array)
#10 C:\\xampp\\htdocs\\language\\vendor\\laravel\\framework\\src\\Illuminate\\Routing\\Router.php(789): Illuminate\\Routing\\Router::toResponse(Object(Illuminate\\Http\\Request), Object(Illuminate\\View\\View))
#11 C:\\xampp\\htdocs\\language\\vendor\\laravel\\framework\\src\\Illuminate\\Routing\\Router.php(721): Illuminate\\Routing\\Router->prepareResponse(Object(Illuminate\\Http\\Request), Object(Illuminate\\View\\View))
#12 C:\\xampp\\htdocs\\language\\vendor\\laravel\\framework\\src\\Illuminate\\Pipeline\\Pipeline.php(128): Illuminate\\Routing\\Router->Illuminate\\Routing\\{closure}(Object(Illuminate\\Http\\Request))
#13 C:\\xampp\\htdocs\\language\\app\\Http\\Middleware\\LocaleMiddleware.php(58): Illuminate\\Pipeline\\Pipeline->Illuminate\\Pipeline\\{closure}(Object(Illuminate\\Http\\Request))
#14 C:\\xampp\\htdocs\\language\\vendor\\laravel\\framework\\src\\Illuminate\\Pipeline\\Pipeline.php(167): App\\Http\\Middleware\\LocaleMiddleware->handle(Object(Illuminate\\Http\\Request), Object(Closure))
#15 C:\\xampp\\htdocs\\language\\vendor\\laravel\\framework\\src\\Illuminate\\Routing\\Middleware\\SubstituteBindings.php(50): Illuminate\\Pipeline\\Pipeline->Illuminate\\Pipeline\\{closure}(Object(Illuminate\\Http\\Request))
#16 C:\\xampp\\htdocs\\language\\vendor\\laravel\\framework\\src\\Illuminate\\Pipeline\\Pipeline.php(167): Illuminate\\Routing\\Middleware\\SubstituteBindings->handle(Object(Illuminate\\Http\\Request), Object(Closure))
#17 C:\\xampp\\htdocs\\language\\vendor\\laravel\\framework\\src\\Illuminate\\Foundation\\Http\\Middleware\\VerifyCsrfToken.php(78): Illuminate\\Pipeline\\Pipeline->Illuminate\\Pipeline\\{closure}(Object(Illuminate\\Http\\Request))
#18 C:\\xampp\\htdocs\\language\\vendor\\laravel\\framework\\src\\Illuminate\\Pipeline\\Pipeline.php(167): Illuminate\\Foundation\\Http\\Middleware\\VerifyCsrfToken->handle(Object(Illuminate\\Http\\Request), Object(Closure))
#19 C:\\xampp\\htdocs\\language\\vendor\\laravel\\framework\\src\\Illuminate\\Cookie\\Middleware\\AddQueuedCookiesToResponse.php(37): Illuminate\\Pipeline\\Pipeline->Illuminate\\Pipeline\\{closure}(Object(Illuminate\\Http\\Request))
#20 C:\\xampp\\htdocs\\language\\vendor\\laravel\\framework\\src\\Illuminate\\Pipeline\\Pipeline.php(167): Illuminate\\Cookie\\Middleware\\AddQueuedCookiesToResponse->handle(Object(Illuminate\\Http\\Request), Object(Closure))
#21 C:\\xampp\\htdocs\\language\\vendor\\laravel\\framework\\src\\Illuminate\\Cookie\\Middleware\\EncryptCookies.php(67): Illuminate\\Pipeline\\Pipeline->Illuminate\\Pipeline\\{closure}(Object(Illuminate\\Http\\Request))
#22 C:\\xampp\\htdocs\\language\\vendor\\laravel\\framework\\src\\Illuminate\\Pipeline\\Pipeline.php(167): Illuminate\\Cookie\\Middleware\\EncryptCookies->handle(Object(Illuminate\\Http\\Request), Object(Closure))
#23 C:\\xampp\\htdocs\\language\\vendor\\laravel\\framework\\src\\Illuminate\\Pipeline\\Pipeline.php(103): Illuminate\\Pipeline\\Pipeline->Illuminate\\Pipeline\\{closure}(Object(Illuminate\\Http\\Request))
#24 C:\\xampp\\htdocs\\language\\vendor\\laravel\\framework\\src\\Illuminate\\Routing\\Router.php(723): Illuminate\\Pipeline\\Pipeline->then(Object(Closure))
#25 C:\\xampp\\htdocs\\language\\vendor\\laravel\\framework\\src\\Illuminate\\Routing\\Router.php(698): Illuminate\\Routing\\Router->runRouteWithinStack(Object(Illuminate\\Routing\\Route), Object(Illuminate\\Http\\Request))
#26 C:\\xampp\\htdocs\\language\\vendor\\laravel\\framework\\src\\Illuminate\\Routing\\Router.php(662): Illuminate\\Routing\\Router->runRoute(Object(Illuminate\\Http\\Request), Object(Illuminate\\Routing\\Route))
#27 C:\\xampp\\htdocs\\language\\vendor\\laravel\\framework\\src\\Illuminate\\Routing\\Router.php(651): Illuminate\\Routing\\Router->dispatchToRoute(Object(Illuminate\\Http\\Request))
#28 C:\\xampp\\htdocs\\language\\vendor\\laravel\\framework\\src\\Illuminate\\Foundation\\Http\\Kernel.php(167): Illuminate\\Routing\\Router->dispatch(Object(Illuminate\\Http\\Request))
#29 C:\\xampp\\htdocs\\language\\vendor\\laravel\\framework\\src\\Illuminate\\Pipeline\\Pipeline.php(128): Illuminate\\Foundation\\Http\\Kernel->Illuminate\\Foundation\\Http\\{closure}(Object(Illuminate\\Http\\Request))
#30 C:\\xampp\\htdocs\\language\\vendor\\barryvdh\\laravel-debugbar\\src\\Middleware\\InjectDebugbar.php(59): Illuminate\\Pipeline\\Pipeline->Illuminate\\Pipeline\\{closure}(Object(Illuminate\\Http\\Request))
#31 C:\\xampp\\htdocs\\language\\vendor\\laravel\\framework\\src\\Illuminate\\Pipeline\\Pipeline.php(167): Barryvdh\\Debugbar\\Middleware\\InjectDebugbar->handle(Object(Illuminate\\Http\\Request), Object(Closure))
#32 C:\\xampp\\htdocs\\language\\vendor\\laravel\\framework\\src\\Illuminate\\View\\Middleware\\ShareErrorsFromSession.php(49): Illuminate\\Pipeline\\Pipeline->Illuminate\\Pipeline\\{closure}(Object(Illuminate\\Http\\Request))
#33 C:\\xampp\\htdocs\\language\\vendor\\laravel\\framework\\src\\Illuminate\\Pipeline\\Pipeline.php(167): Illuminate\\View\\Middleware\\ShareErrorsFromSession->handle(Object(Illuminate\\Http\\Request), Object(Closure))
#34 C:\\xampp\\htdocs\\language\\vendor\\laravel\\framework\\src\\Illuminate\\Session\\Middleware\\StartSession.php(121): Illuminate\\Pipeline\\Pipeline->Illuminate\\Pipeline\\{closure}(Object(Illuminate\\Http\\Request))
#35 C:\\xampp\\htdocs\\language\\vendor\\laravel\\framework\\src\\Illuminate\\Session\\Middleware\\StartSession.php(64): Illuminate\\Session\\Middleware\\StartSession->handleStatefulRequest(Object(Illuminate\\Http\\Request), Object(Illuminate\\Session\\Store), Object(Closure))
#36 C:\\xampp\\htdocs\\language\\vendor\\laravel\\framework\\src\\Illuminate\\Pipeline\\Pipeline.php(167): Illuminate\\Session\\Middleware\\StartSession->handle(Object(Illuminate\\Http\\Request), Object(Closure))
#37 C:\\xampp\\htdocs\\language\\vendor\\fideloper\\proxy\\src\\TrustProxies.php(57): Illuminate\\Pipeline\\Pipeline->Illuminate\\Pipeline\\{closure}(Object(Illuminate\\Http\\Request))
#38 C:\\xampp\\htdocs\\language\\vendor\\laravel\\framework\\src\\Illuminate\\Pipeline\\Pipeline.php(167): Fideloper\\Proxy\\TrustProxies->handle(Object(Illuminate\\Http\\Request), Object(Closure))
#39 C:\\xampp\\htdocs\\language\\vendor\\laravel\\framework\\src\\Illuminate\\Foundation\\Http\\Middleware\\TransformsRequest.php(21): Illuminate\\Pipeline\\Pipeline->Illuminate\\Pipeline\\{closure}(Object(Illuminate\\Http\\Request))
#40 C:\\xampp\\htdocs\\language\\vendor\\laravel\\framework\\src\\Illuminate\\Foundation\\Http\\Middleware\\ConvertEmptyStringsToNull.php(31): Illuminate\\Foundation\\Http\\Middleware\\TransformsRequest->handle(Object(Illuminate\\Http\\Request), Object(Closure))
#41 C:\\xampp\\htdocs\\language\\vendor\\laravel\\framework\\src\\Illuminate\\Pipeline\\Pipeline.php(167): Illuminate\\Foundation\\Http\\Middleware\\ConvertEmptyStringsToNull->handle(Object(Illuminate\\Http\\Request), Object(Closure))
#42 C:\\xampp\\htdocs\\language\\vendor\\laravel\\framework\\src\\Illuminate\\Foundation\\Http\\Middleware\\TransformsRequest.php(21): Illuminate\\Pipeline\\Pipeline->Illuminate\\Pipeline\\{closure}(Object(Illuminate\\Http\\Request))
#43 C:\\xampp\\htdocs\\language\\vendor\\laravel\\framework\\src\\Illuminate\\Foundation\\Http\\Middleware\\TrimStrings.php(40): Illuminate\\Foundation\\Http\\Middleware\\TransformsRequest->handle(Object(Illuminate\\Http\\Request), Object(Closure))
#44 C:\\xampp\\htdocs\\language\\vendor\\laravel\\framework\\src\\Illuminate\\Pipeline\\Pipeline.php(167): Illuminate\\Foundation\\Http\\Middleware\\TrimStrings->handle(Object(Illuminate\\Http\\Request), Object(Closure))
#45 C:\\xampp\\htdocs\\language\\vendor\\laravel\\framework\\src\\Illuminate\\Foundation\\Http\\Middleware\\ValidatePostSize.php(27): Illuminate\\Pipeline\\Pipeline->Illuminate\\Pipeline\\{closure}(Object(Illuminate\\Http\\Request))
#46 C:\\xampp\\htdocs\\language\\vendor\\laravel\\framework\\src\\Illuminate\\Pipeline\\Pipeline.php(167): Illuminate\\Foundation\\Http\\Middleware\\ValidatePostSize->handle(Object(Illuminate\\Http\\Request), Object(Closure))
#47 C:\\xampp\\htdocs\\language\\vendor\\laravel\\framework\\src\\Illuminate\\Foundation\\Http\\Middleware\\PreventRequestsDuringMaintenance.php(86): Illuminate\\Pipeline\\Pipeline->Illuminate\\Pipeline\\{closure}(Object(Illuminate\\Http\\Request))
#48 C:\\xampp\\htdocs\\language\\vendor\\laravel\\framework\\src\\Illuminate\\Pipeline\\Pipeline.php(167): Illuminate\\Foundation\\Http\\Middleware\\PreventRequestsDuringMaintenance->handle(Object(Illuminate\\Http\\Request), Object(Closure))
#49 C:\\xampp\\htdocs\\language\\vendor\\laravel\\framework\\src\\Illuminate\\Pipeline\\Pipeline.php(103): Illuminate\\Pipeline\\Pipeline->Illuminate\\Pipeline\\{closure}(Object(Illuminate\\Http\\Request))
#50 C:\\xampp\\htdocs\\language\\vendor\\laravel\\framework\\src\\Illuminate\\Foundation\\Http\\Kernel.php(142): Illuminate\\Pipeline\\Pipeline->then(Object(Closure))
#51 C:\\xampp\\htdocs\\language\\vendor\\laravel\\framework\\src\\Illuminate\\Foundation\\Http\\Kernel.php(111): Illuminate\\Foundation\\Http\\Kernel->sendRequestThroughRouter(Object(Illuminate\\Http\\Request))
#52 C:\\xampp\\htdocs\\language\\public\\index.php(59): Illuminate\\Foundation\\Http\\Kernel->handle(Object(Illuminate\\Http\\Request))
#53 C:\\xampp\\htdocs\\language\\server.php(19): require_once('C:\\\\xampp\\\\htdocs...')
#54 {main}

[previous exception] [object] (ParseError(code: 0): syntax error, unexpected 'COURSES' (T_STRING), expecting ')' at C:\\xampp\\htdocs\\language\\storage\\framework\\views\\28fc348d3de2e2bed71e00223ed77f956354234b.php:70)
[stacktrace]
#0 C:\\xampp\\htdocs\\language\\vendor\\laravel\\framework\\src\\Illuminate\\Filesystem\\Filesystem.php(108): Illuminate\\Filesystem\\Filesystem::Illuminate\\Filesystem\\{closure}()
#1 C:\\xampp\\htdocs\\language\\vendor\\laravel\\framework\\src\\Illuminate\\View\\Engines\\PhpEngine.php(58): Illuminate\\Filesystem\\Filesystem->getRequire('C:\\\\xampp\\\\htdocs...', Array)
#2 C:\\xampp\\htdocs\\language\\vendor\\laravel\\framework\\src\\Illuminate\\View\\Engines\\CompilerEngine.php(61): Illuminate\\View\\Engines\\PhpEngine->evaluatePath('C:\\\\xampp\\\\htdocs...', Array)
#3 C:\\xampp\\htdocs\\language\\vendor\\facade\\ignition\\src\\Views\\Engines\\CompilerEngine.php(37): Illuminate\\View\\Engines\\CompilerEngine->get('C:\\\\xampp\\\\htdocs...', Array)
#4 C:\\xampp\\htdocs\\language\\vendor\\laravel\\framework\\src\\Illuminate\\View\\View.php(115): Facade\\Ignition\\Views\\Engines\\CompilerEngine->get('C:\\\\xampp\\\\htdocs...', Array)
#5 C:\\xampp\\htdocs\\language\\vendor\\laravel\\framework\\src\\Illuminate\\View\\View.php(102): Illuminate\\View\\View->getContents()
#6 C:\\xampp\\htdocs\\language\\vendor\\laravel\\framework\\src\\Illuminate\\View\\View.php(79): Illuminate\\View\\View->renderContents()
#7 C:\\xampp\\htdocs\\language\\vendor\\laravel\\framework\\src\\Illuminate\\Http\\Response.php(69): Illuminate\\View\\View->render()
#8 C:\\xampp\\htdocs\\language\\vendor\\laravel\\framework\\src\\Illuminate\\Http\\Response.php(35): Illuminate\\Http\\Response->setContent(Object(Illuminate\\View\\View))
#9 C:\\xampp\\htdocs\\language\\vendor\\laravel\\framework\\src\\Illuminate\\Routing\\Router.php(820): Illuminate\\Http\\Response->__construct(Object(Illuminate\\View\\View), 200, Array)
#10 C:\\xampp\\htdocs\\language\\vendor\\laravel\\framework\\src\\Illuminate\\Routing\\Router.php(789): Illuminate\\Routing\\Router::toResponse(Object(Illuminate\\Http\\Request), Object(Illuminate\\View\\View))
#11 C:\\xampp\\htdocs\\language\\vendor\\laravel\\framework\\src\\Illuminate\\Routing\\Router.php(721): Illuminate\\Routing\\Router->prepareResponse(Object(Illuminate\\Http\\Request), Object(Illuminate\\View\\View))
#12 C:\\xampp\\htdocs\\language\\vendor\\laravel\\framework\\src\\Illuminate\\Pipeline\\Pipeline.php(128): Illuminate\\Routing\\Router->Illuminate\\Routing\\{closure}(Object(Illuminate\\Http\\Request))
#13 C:\\xampp\\htdocs\\language\\app\\Http\\Middleware\\LocaleMiddleware.php(58): Illuminate\\Pipeline\\Pipeline->Illuminate\\Pipeline\\{closure}(Object(Illuminate\\Http\\Request))
#14 C:\\xampp\\htdocs\\language\\vendor\\laravel\\framework\\src\\Illuminate\\Pipeline\\Pipeline.php(167): App\\Http\\Middleware\\LocaleMiddleware->handle(Object(Illuminate\\Http\\Request), Object(Closure))
#15 C:\\xampp\\htdocs\\language\\vendor\\laravel\\framework\\src\\Illuminate\\Routing\\Middleware\\SubstituteBindings.php(50): Illuminate\\Pipeline\\Pipeline->Illuminate\\Pipeline\\{closure}(Object(Illuminate\\Http\\Request))
#16 C:\\xampp\\htdocs\\language\\vendor\\laravel\\framework\\src\\Illuminate\\Pipeline\\Pipeline.php(167): Illuminate\\Routing\\Middleware\\SubstituteBindings->handle(Object(Illuminate\\Http\\Request), Object(Closure))
#17 C:\\xampp\\htdocs\\language\\vendor\\laravel\\framework\\src\\Illuminate\\Foundation\\Http\\Middleware\\VerifyCsrfToken.php(78): Illuminate\\Pipeline\\Pipeline->Illuminate\\Pipeline\\{closure}(Object(Illuminate\\Http\\Request))
#18 C:\\xampp\\htdocs\\language\\vendor\\laravel\\framework\\src\\Illuminate\\Pipeline\\Pipeline.php(167): Illuminate\\Foundation\\Http\\Middleware\\VerifyCsrfToken->handle(Object(Illuminate\\Http\\Request), Object(Closure))
#19 C:\\xampp\\htdocs\\language\\vendor\\laravel\\framework\\src\\Illuminate\\Cookie\\Middleware\\AddQueuedCookiesToResponse.php(37): Illuminate\\Pipeline\\Pipeline->Illuminate\\Pipeline\\{closure}(Object(Illuminate\\Http\\Request))
#20 C:\\xampp\\htdocs\\language\\vendor\\laravel\\framework\\src\\Illuminate\\Pipeline\\Pipeline.php(167): Illuminate\\Cookie\\Middleware\\AddQueuedCookiesToResponse->handle(Object(Illuminate\\Http\\Request), Object(Closure))
#21 C:\\xampp\\htdocs\\language\\vendor\\laravel\\framework\\src\\Illuminate\\Cookie\\Middleware\\EncryptCookies.php(67): Illuminate\\Pipeline\\Pipeline->Illuminate\\Pipeline\\{closure}(Object(Illuminate\\Http\\Request))
#22 C:\\xampp\\htdocs\\language\\vendor\\laravel\\framework\\src\\Illuminate\\Pipeline\\Pipeline.php(167): Illuminate\\Cookie\\Middleware\\EncryptCookies->handle(Object(Illuminate\\Http\\Request), Object(Closure))
#23 C:\\xampp\\htdocs\\language\\vendor\\laravel\\framework\\src\\Illuminate\\Pipeline\\Pipeline.php(103): Illuminate\\Pipeline\\Pipeline->Illuminate\\Pipeline\\{closure}(Object(Illuminate\\Http\\Request))
#24 C:\\xampp\\htdocs\\language\\vendor\\laravel\\framework\\src\\Illuminate\\Routing\\Router.php(723): Illuminate\\Pipeline\\Pipeline->then(Object(Closure))
#25 C:\\xampp\\htdocs\\language\\vendor\\laravel\\framework\\src\\Illuminate\\Routing\\Router.php(698): Illuminate\\Routing\\Router->runRouteWithinStack(Object(Illuminate\\Routing\\Route), Object(Illuminate\\Http\\Request))
#26 C:\\xampp\\htdocs\\language\\vendor\\laravel\\framework\\src\\Illuminate\\Routing\\Router.php(662): Illuminate\\Routing\\Router->runRoute(Object(Illuminate\\Http\\Request), Object(Illuminate\\Routing\\Route))
#27 C:\\xampp\\htdocs\\language\\vendor\\laravel\\framework\\src\\Illuminate\\Routing\\Router.php(651): Illuminate\\Routing\\Router->dispatchToRoute(Object(Illuminate\\Http\\Request))
#28 C:\\xampp\\htdocs\\language\\vendor\\laravel\\framework\\src\\Illuminate\\Foundation\\Http\\Kernel.php(167): Illuminate\\Routing\\Router->dispatch(Object(Illuminate\\Http\\Request))
#29 C:\\xampp\\htdocs\\language\\vendor\\laravel\\framework\\src\\Illuminate\\Pipeline\\Pipeline.php(128): Illuminate\\Foundation\\Http\\Kernel->Illuminate\\Foundation\\Http\\{closure}(Object(Illuminate\\Http\\Request))
#30 C:\\xampp\\htdocs\\language\\vendor\\barryvdh\\laravel-debugbar\\src\\Middleware\\InjectDebugbar.php(59): Illuminate\\Pipeline\\Pipeline->Illuminate\\Pipeline\\{closure}(Object(Illuminate\\Http\\Request))
#31 C:\\xampp\\htdocs\\language\\vendor\\laravel\\framework\\src\\Illuminate\\Pipeline\\Pipeline.php(167): Barryvdh\\Debugbar\\Middleware\\InjectDebugbar->handle(Object(Illuminate\\Http\\Request), Object(Closure))
#32 C:\\xampp\\htdocs\\language\\vendor\\laravel\\framework\\src\\Illuminate\\View\\Middleware\\ShareErrorsFromSession.php(49): Illuminate\\Pipeline\\Pipeline->Illuminate\\Pipeline\\{closure}(Object(Illuminate\\Http\\Request))
#33 C:\\xampp\\htdocs\\language\\vendor\\laravel\\framework\\src\\Illuminate\\Pipeline\\Pipeline.php(167): Illuminate\\View\\Middleware\\ShareErrorsFromSession->handle(Object(Illuminate\\Http\\Request), Object(Closure))
#34 C:\\xampp\\htdocs\\language\\vendor\\laravel\\framework\\src\\Illuminate\\Session\\Middleware\\StartSession.php(121): Illuminate\\Pipeline\\Pipeline->Illuminate\\Pipeline\\{closure}(Object(Illuminate\\Http\\Request))
#35 C:\\xampp\\htdocs\\language\\vendor\\laravel\\framework\\src\\Illuminate\\Session\\Middleware\\StartSession.php(64): Illuminate\\Session\\Middleware\\StartSession->handleStatefulRequest(Object(Illuminate\\Http\\Request), Object(Illuminate\\Session\\Store), Object(Closure))
#36 C:\\xampp\\htdocs\\language\\vendor\\laravel\\framework\\src\\Illuminate\\Pipeline\\Pipeline.php(167): Illuminate\\Session\\Middleware\\StartSession->handle(Object(Illuminate\\Http\\Request), Object(Closure))
#37 C:\\xampp\\htdocs\\language\\vendor\\fideloper\\proxy\\src\\TrustProxies.php(57): Illuminate\\Pipeline\\Pipeline->Illuminate\\Pipeline\\{closure}(Object(Illuminate\\Http\\Request))
#38 C:\\xampp\\htdocs\\language\\vendor\\laravel\\framework\\src\\Illuminate\\Pipeline\\Pipeline.php(167): Fideloper\\Proxy\\TrustProxies->handle(Object(Illuminate\\Http\\Request), Object(Closure))
#39 C:\\xampp\\htdocs\\language\\vendor\\laravel\\framework\\src\\Illuminate\\Foundation\\Http\\Middleware\\TransformsRequest.php(21): Illuminate\\Pipeline\\Pipeline->Illuminate\\Pipeline\\{closure}(Object(Illuminate\\Http\\Request))
#40 C:\\xampp\\htdocs\\language\\vendor\\laravel\\framework\\src\\Illuminate\\Foundation\\Http\\Middleware\\ConvertEmptyStringsToNull.php(31): Illuminate\\Foundation\\Http\\Middleware\\TransformsRequest->handle(Object(Illuminate\\Http\\Request), Object(Closure))
#41 C:\\xampp\\htdocs\\language\\vendor\\laravel\\framework\\src\\Illuminate\\Pipeline\\Pipeline.php(167): Illuminate\\Foundation\\Http\\Middleware\\ConvertEmptyStringsToNull->handle(Object(Illuminate\\Http\\Request), Object(Closure))
#42 C:\\xampp\\htdocs\\language\\vendor\\laravel\\framework\\src\\Illuminate\\Foundation\\Http\\Middleware\\TransformsRequest.php(21): Illuminate\\Pipeline\\Pipeline->Illuminate\\Pipeline\\{closure}(Object(Illuminate\\Http\\Request))
#43 C:\\xampp\\htdocs\\language\\vendor\\laravel\\framework\\src\\Illuminate\\Foundation\\Http\\Middleware\\TrimStrings.php(40): Illuminate\\Foundation\\Http\\Middleware\\TransformsRequest->handle(Object(Illuminate\\Http\\Request), Object(Closure))
#44 C:\\xampp\\htdocs\\language\\vendor\\laravel\\framework\\src\\Illuminate\\Pipeline\\Pipeline.php(167): Illuminate\\Foundation\\Http\\Middleware\\TrimStrings->handle(Object(Illuminate\\Http\\Request), Object(Closure))
#45 C:\\xampp\\htdocs\\language\\vendor\\laravel\\framework\\src\\Illuminate\\Foundation\\Http\\Middleware\\ValidatePostSize.php(27): Illuminate\\Pipeline\\Pipeline->Illuminate\\Pipeline\\{closure}(Object(Illuminate\\Http\\Request))
#46 C:\\xampp\\htdocs\\language\\vendor\\laravel\\framework\\src\\Illuminate\\Pipeline\\Pipeline.php(167): Illuminate\\Foundation\\Http\\Middleware\\ValidatePostSize->handle(Object(Illuminate\\Http\\Request), Object(Closure))
#47 C:\\xampp\\htdocs\\language\\vendor\\laravel\\framework\\src\\Illuminate\\Foundation\\Http\\Middleware\\PreventRequestsDuringMaintenance.php(86): Illuminate\\Pipeline\\Pipeline->Illuminate\\Pipeline\\{closure}(Object(Illuminate\\Http\\Request))
#48 C:\\xampp\\htdocs\\language\\vendor\\laravel\\framework\\src\\Illuminate\\Pipeline\\Pipeline.php(167): Illuminate\\Foundation\\Http\\Middleware\\PreventRequestsDuringMaintenance->handle(Object(Illuminate\\Http\\Request), Object(Closure))
#49 C:\\xampp\\htdocs\\language\\vendor\\laravel\\framework\\src\\Illuminate\\Pipeline\\Pipeline.php(103): Illuminate\\Pipeline\\Pipeline->Illuminate\\Pipeline\\{closure}(Object(Illuminate\\Http\\Request))
#50 C:\\xampp\\htdocs\\language\\vendor\\laravel\\framework\\src\\Illuminate\\Foundation\\Http\\Kernel.php(142): Illuminate\\Pipeline\\Pipeline->then(Object(Closure))
#51 C:\\xampp\\htdocs\\language\\vendor\\laravel\\framework\\src\\Illuminate\\Foundation\\Http\\Kernel.php(111): Illuminate\\Foundation\\Http\\Kernel->sendRequestThroughRouter(Object(Illuminate\\Http\\Request))
#52 C:\\xampp\\htdocs\\language\\public\\index.php(59): Illuminate\\Foundation\\Http\\Kernel->handle(Object(Illuminate\\Http\\Request))
#53 C:\\xampp\\htdocs\\language\\server.php(19): require_once('C:\\\\xampp\\\\htdocs...')
#54 {main}
"} 
[29-07-24 10:28:03] local.INFO: menuController - index  
[29-07-24 10:28:03] local.INFO: Menu Item Labels: {"labels":["Courses & Lessons","BUY COURSES","Forums","Contact","About Margies","Blogs"]} 
[29-07-24 10:28:15] local.INFO: menuController - index  
[29-07-24 10:28:15] local.INFO: Menu Item Labels: {"labels":["Courses & Lessons","BUY COURSES","Forums","Contact","About Margies","Blogs"]} 
[29-07-24 10:28:15] local.INFO: Menu Data: {"menu_data":null} 
[29-07-24 10:49:36] local.INFO: menuController - index  
[29-07-24 10:49:36] local.INFO: Menu Item Labels: {"labels":["Courses & Lessons","BUY COURSES","Forums","Contact","About Margies","Blogs"]} 
[29-07-24 10:49:45] local.INFO: menuController - index  
[29-07-24 10:49:45] local.INFO: Menu Item Labels: {"labels":["Courses & Lessons","BUY COURSES","Forums","Contact","About Margies","Blogs"]} 
[29-07-24 10:49:45] local.INFO: Menu Data: {"menu_data":null} 
[29-07-24 11:26:40] local.INFO: menuController - index  
[29-07-24 11:26:40] local.INFO: Menu Item Labels: {"labels":["Courses & Lessons","Buy Courses","Forums","Contact","About Margies","Blogs"]} 
[29-07-24 11:26:40] local.INFO: Menu Data: {"menu_data":null} 
[29-07-24 12:03:29] local.INFO: menuController - index  
[29-07-24 12:03:29] local.INFO: Menu Item Labels: {"labels":["Courses & Lessons","Buy Courses","Forums","Contact","About Margies","Blogs"]} 
[29-07-24 12:03:29] local.INFO: Menu Data: {"menu_data":null} 
