[28-07-24 20:10:36] local.ERROR: SQLSTATE[HY000] [1049] Unknown database 'mydb4' (SQL: select * from information_schema.tables where table_schema = mydb4 and table_name = configs and table_type = 'BASE TABLE') {"exception":"[object] (Illuminate\\Database\\QueryException(code: 1049): SQLSTATE[HY000] [1049] Unknown database 'mydb4' (SQL: select * from information_schema.tables where table_schema = mydb4 and table_name = configs and table_type = 'BASE TABLE') at C:\\xampp\\htdocs\\language\\vendor\\laravel\\framework\\src\\Illuminate\\Database\\Connection.php:712)
[stacktrace]
#0 C:\\xampp\\htdocs\\language\\vendor\\laravel\\framework\\src\\Illuminate\\Database\\Connection.php(672): Illuminate\\Database\\Connection->runQueryCallback('select * from i...', Array, Object(Closure))
#1 C:\\xampp\\htdocs\\language\\vendor\\laravel\\framework\\src\\Illuminate\\Database\\Connection.php(376): Illuminate\\Database\\Connection->run('select * from i...', Array, Object(Closure))
#2 C:\\xampp\\htdocs\\language\\vendor\\laravel\\framework\\src\\Illuminate\\Database\\Schema\\MySqlBuilder.php(44): Illuminate\\Database\\Connection->select('select * from i...', Array)
#3 C:\\xampp\\htdocs\\language\\vendor\\laravel\\framework\\src\\Illuminate\\Support\\Facades\\Facade.php(261): Illuminate\\Database\\Schema\\MySqlBuilder->hasTable('configs')
#4 C:\\xampp\\htdocs\\language\\app\\Providers\\AppServiceProvider.php(80): Illuminate\\Support\\Facades\\Facade::__callStatic('hasTable', Array)
#5 C:\\xampp\\htdocs\\language\\vendor\\laravel\\framework\\src\\Illuminate\\Container\\BoundMethod.php(36): App\\Providers\\AppServiceProvider->boot()
#6 C:\\xampp\\htdocs\\language\\vendor\\laravel\\framework\\src\\Illuminate\\Container\\Util.php(40): Illuminate\\Container\\BoundMethod::Illuminate\\Container\\{closure}()
#7 C:\\xampp\\htdocs\\language\\vendor\\laravel\\framework\\src\\Illuminate\\Container\\BoundMethod.php(93): Illuminate\\Container\\Util::unwrapIfClosure(Object(Closure))
#8 C:\\xampp\\htdocs\\language\\vendor\\laravel\\framework\\src\\Illuminate\\Container\\BoundMethod.php(37): Illuminate\\Container\\BoundMethod::callBoundMethod(Object(Illuminate\\Foundation\\Application), Array, Object(Closure))
#9 C:\\xampp\\htdocs\\language\\vendor\\laravel\\framework\\src\\Illuminate\\Container\\Container.php(653): Illuminate\\Container\\BoundMethod::call(Object(Illuminate\\Foundation\\Application), Array, Array, NULL)
#10 C:\\xampp\\htdocs\\language\\vendor\\laravel\\framework\\src\\Illuminate\\Foundation\\Application.php(924): Illuminate\\Container\\Container->call(Array)
#11 C:\\xampp\\htdocs\\language\\vendor\\laravel\\framework\\src\\Illuminate\\Foundation\\Application.php(905): Illuminate\\Foundation\\Application->bootProvider(Object(App\\Providers\\AppServiceProvider))
#12 [internal function]: Illuminate\\Foundation\\Application->Illuminate\\Foundation\\{closure}(Object(App\\Providers\\AppServiceProvider), 58)
#13 C:\\xampp\\htdocs\\language\\vendor\\laravel\\framework\\src\\Illuminate\\Foundation\\Application.php(906): array_walk(Array, Object(Closure))
#14 C:\\xampp\\htdocs\\language\\vendor\\laravel\\framework\\src\\Illuminate\\Foundation\\Bootstrap\\BootProviders.php(17): Illuminate\\Foundation\\Application->boot()
#15 C:\\xampp\\htdocs\\language\\vendor\\laravel\\framework\\src\\Illuminate\\Foundation\\Application.php(237): Illuminate\\Foundation\\Bootstrap\\BootProviders->bootstrap(Object(Illuminate\\Foundation\\Application))
#16 C:\\xampp\\htdocs\\language\\vendor\\laravel\\framework\\src\\Illuminate\\Foundation\\Console\\Kernel.php(310): Illuminate\\Foundation\\Application->bootstrapWith(Array)
#17 C:\\xampp\\htdocs\\language\\vendor\\laravel\\framework\\src\\Illuminate\\Foundation\\Console\\Kernel.php(127): Illuminate\\Foundation\\Console\\Kernel->bootstrap()
#18 C:\\xampp\\htdocs\\language\\artisan(37): Illuminate\\Foundation\\Console\\Kernel->handle(Object(Symfony\\Component\\Console\\Input\\ArgvInput), Object(Symfony\\Component\\Console\\Output\\ConsoleOutput))
#19 {main}

[previous exception] [object] (Doctrine\\DBAL\\Driver\\PDO\\Exception(code: 1049): SQLSTATE[HY000] [1049] Unknown database 'mydb4' at C:\\xampp\\htdocs\\language\\vendor\\doctrine\\dbal\\lib\\Doctrine\\DBAL\\Driver\\PDO\\Exception.php:18)
[stacktrace]
#0 C:\\xampp\\htdocs\\language\\vendor\\doctrine\\dbal\\lib\\Doctrine\\DBAL\\Driver\\PDOConnection.php(42): Doctrine\\DBAL\\Driver\\PDO\\Exception::new(Object(PDOException))
#1 C:\\xampp\\htdocs\\language\\vendor\\laravel\\framework\\src\\Illuminate\\Database\\Connectors\\Connector.php(67): Doctrine\\DBAL\\Driver\\PDOConnection->__construct('mysql:host=loca...', 'root', '', Array)
#2 C:\\xampp\\htdocs\\language\\vendor\\laravel\\framework\\src\\Illuminate\\Database\\Connectors\\Connector.php(46): Illuminate\\Database\\Connectors\\Connector->createPdoConnection('mysql:host=loca...', 'root', '', Array)
#3 C:\\xampp\\htdocs\\language\\vendor\\laravel\\framework\\src\\Illuminate\\Database\\Connectors\\MySqlConnector.php(24): Illuminate\\Database\\Connectors\\Connector->createConnection('mysql:host=loca...', Array, Array)
#4 C:\\xampp\\htdocs\\language\\vendor\\laravel\\framework\\src\\Illuminate\\Database\\Connectors\\ConnectionFactory.php(184): Illuminate\\Database\\Connectors\\MySqlConnector->connect(Array)
#5 [internal function]: Illuminate\\Database\\Connectors\\ConnectionFactory->Illuminate\\Database\\Connectors\\{closure}()
#6 C:\\xampp\\htdocs\\language\\vendor\\laravel\\framework\\src\\Illuminate\\Database\\Connection.php(1064): call_user_func(Object(Closure))
#7 C:\\xampp\\htdocs\\language\\vendor\\laravel\\framework\\src\\Illuminate\\Database\\Connection.php(1100): Illuminate\\Database\\Connection->getPdo()
#8 C:\\xampp\\htdocs\\language\\vendor\\laravel\\framework\\src\\Illuminate\\Database\\Connection.php(442): Illuminate\\Database\\Connection->getReadPdo()
#9 C:\\xampp\\htdocs\\language\\vendor\\laravel\\framework\\src\\Illuminate\\Database\\Connection.php(368): Illuminate\\Database\\Connection->getPdoForSelect(true)
#10 C:\\xampp\\htdocs\\language\\vendor\\laravel\\framework\\src\\Illuminate\\Database\\Connection.php(705): Illuminate\\Database\\Connection->Illuminate\\Database\\{closure}('select * from i...', Array)
#11 C:\\xampp\\htdocs\\language\\vendor\\laravel\\framework\\src\\Illuminate\\Database\\Connection.php(672): Illuminate\\Database\\Connection->runQueryCallback('select * from i...', Array, Object(Closure))
#12 C:\\xampp\\htdocs\\language\\vendor\\laravel\\framework\\src\\Illuminate\\Database\\Connection.php(376): Illuminate\\Database\\Connection->run('select * from i...', Array, Object(Closure))
#13 C:\\xampp\\htdocs\\language\\vendor\\laravel\\framework\\src\\Illuminate\\Database\\Schema\\MySqlBuilder.php(44): Illuminate\\Database\\Connection->select('select * from i...', Array)
#14 C:\\xampp\\htdocs\\language\\vendor\\laravel\\framework\\src\\Illuminate\\Support\\Facades\\Facade.php(261): Illuminate\\Database\\Schema\\MySqlBuilder->hasTable('configs')
#15 C:\\xampp\\htdocs\\language\\app\\Providers\\AppServiceProvider.php(80): Illuminate\\Support\\Facades\\Facade::__callStatic('hasTable', Array)
#16 C:\\xampp\\htdocs\\language\\vendor\\laravel\\framework\\src\\Illuminate\\Container\\BoundMethod.php(36): App\\Providers\\AppServiceProvider->boot()
#17 C:\\xampp\\htdocs\\language\\vendor\\laravel\\framework\\src\\Illuminate\\Container\\Util.php(40): Illuminate\\Container\\BoundMethod::Illuminate\\Container\\{closure}()
#18 C:\\xampp\\htdocs\\language\\vendor\\laravel\\framework\\src\\Illuminate\\Container\\BoundMethod.php(93): Illuminate\\Container\\Util::unwrapIfClosure(Object(Closure))
#19 C:\\xampp\\htdocs\\language\\vendor\\laravel\\framework\\src\\Illuminate\\Container\\BoundMethod.php(37): Illuminate\\Container\\BoundMethod::callBoundMethod(Object(Illuminate\\Foundation\\Application), Array, Object(Closure))
#20 C:\\xampp\\htdocs\\language\\vendor\\laravel\\framework\\src\\Illuminate\\Container\\Container.php(653): Illuminate\\Container\\BoundMethod::call(Object(Illuminate\\Foundation\\Application), Array, Array, NULL)
#21 C:\\xampp\\htdocs\\language\\vendor\\laravel\\framework\\src\\Illuminate\\Foundation\\Application.php(924): Illuminate\\Container\\Container->call(Array)
#22 C:\\xampp\\htdocs\\language\\vendor\\laravel\\framework\\src\\Illuminate\\Foundation\\Application.php(905): Illuminate\\Foundation\\Application->bootProvider(Object(App\\Providers\\AppServiceProvider))
#23 [internal function]: Illuminate\\Foundation\\Application->Illuminate\\Foundation\\{closure}(Object(App\\Providers\\AppServiceProvider), 58)
#24 C:\\xampp\\htdocs\\language\\vendor\\laravel\\framework\\src\\Illuminate\\Foundation\\Application.php(906): array_walk(Array, Object(Closure))
#25 C:\\xampp\\htdocs\\language\\vendor\\laravel\\framework\\src\\Illuminate\\Foundation\\Bootstrap\\BootProviders.php(17): Illuminate\\Foundation\\Application->boot()
#26 C:\\xampp\\htdocs\\language\\vendor\\laravel\\framework\\src\\Illuminate\\Foundation\\Application.php(237): Illuminate\\Foundation\\Bootstrap\\BootProviders->bootstrap(Object(Illuminate\\Foundation\\Application))
#27 C:\\xampp\\htdocs\\language\\vendor\\laravel\\framework\\src\\Illuminate\\Foundation\\Console\\Kernel.php(310): Illuminate\\Foundation\\Application->bootstrapWith(Array)
#28 C:\\xampp\\htdocs\\language\\vendor\\laravel\\framework\\src\\Illuminate\\Foundation\\Console\\Kernel.php(127): Illuminate\\Foundation\\Console\\Kernel->bootstrap()
#29 C:\\xampp\\htdocs\\language\\artisan(37): Illuminate\\Foundation\\Console\\Kernel->handle(Object(Symfony\\Component\\Console\\Input\\ArgvInput), Object(Symfony\\Component\\Console\\Output\\ConsoleOutput))
#30 {main}

[previous exception] [object] (PDOException(code: 1049): SQLSTATE[HY000] [1049] Unknown database 'mydb4' at C:\\xampp\\htdocs\\language\\vendor\\doctrine\\dbal\\lib\\Doctrine\\DBAL\\Driver\\PDOConnection.php:38)
[stacktrace]
#0 C:\\xampp\\htdocs\\language\\vendor\\doctrine\\dbal\\lib\\Doctrine\\DBAL\\Driver\\PDOConnection.php(38): PDO->__construct('mysql:host=loca...', 'root', '', Array)
#1 C:\\xampp\\htdocs\\language\\vendor\\laravel\\framework\\src\\Illuminate\\Database\\Connectors\\Connector.php(67): Doctrine\\DBAL\\Driver\\PDOConnection->__construct('mysql:host=loca...', 'root', '', Array)
#2 C:\\xampp\\htdocs\\language\\vendor\\laravel\\framework\\src\\Illuminate\\Database\\Connectors\\Connector.php(46): Illuminate\\Database\\Connectors\\Connector->createPdoConnection('mysql:host=loca...', 'root', '', Array)
#3 C:\\xampp\\htdocs\\language\\vendor\\laravel\\framework\\src\\Illuminate\\Database\\Connectors\\MySqlConnector.php(24): Illuminate\\Database\\Connectors\\Connector->createConnection('mysql:host=loca...', Array, Array)
#4 C:\\xampp\\htdocs\\language\\vendor\\laravel\\framework\\src\\Illuminate\\Database\\Connectors\\ConnectionFactory.php(184): Illuminate\\Database\\Connectors\\MySqlConnector->connect(Array)
#5 [internal function]: Illuminate\\Database\\Connectors\\ConnectionFactory->Illuminate\\Database\\Connectors\\{closure}()
#6 C:\\xampp\\htdocs\\language\\vendor\\laravel\\framework\\src\\Illuminate\\Database\\Connection.php(1064): call_user_func(Object(Closure))
#7 C:\\xampp\\htdocs\\language\\vendor\\laravel\\framework\\src\\Illuminate\\Database\\Connection.php(1100): Illuminate\\Database\\Connection->getPdo()
#8 C:\\xampp\\htdocs\\language\\vendor\\laravel\\framework\\src\\Illuminate\\Database\\Connection.php(442): Illuminate\\Database\\Connection->getReadPdo()
#9 C:\\xampp\\htdocs\\language\\vendor\\laravel\\framework\\src\\Illuminate\\Database\\Connection.php(368): Illuminate\\Database\\Connection->getPdoForSelect(true)
#10 C:\\xampp\\htdocs\\language\\vendor\\laravel\\framework\\src\\Illuminate\\Database\\Connection.php(705): Illuminate\\Database\\Connection->Illuminate\\Database\\{closure}('select * from i...', Array)
#11 C:\\xampp\\htdocs\\language\\vendor\\laravel\\framework\\src\\Illuminate\\Database\\Connection.php(672): Illuminate\\Database\\Connection->runQueryCallback('select * from i...', Array, Object(Closure))
#12 C:\\xampp\\htdocs\\language\\vendor\\laravel\\framework\\src\\Illuminate\\Database\\Connection.php(376): Illuminate\\Database\\Connection->run('select * from i...', Array, Object(Closure))
#13 C:\\xampp\\htdocs\\language\\vendor\\laravel\\framework\\src\\Illuminate\\Database\\Schema\\MySqlBuilder.php(44): Illuminate\\Database\\Connection->select('select * from i...', Array)
#14 C:\\xampp\\htdocs\\language\\vendor\\laravel\\framework\\src\\Illuminate\\Support\\Facades\\Facade.php(261): Illuminate\\Database\\Schema\\MySqlBuilder->hasTable('configs')
#15 C:\\xampp\\htdocs\\language\\app\\Providers\\AppServiceProvider.php(80): Illuminate\\Support\\Facades\\Facade::__callStatic('hasTable', Array)
#16 C:\\xampp\\htdocs\\language\\vendor\\laravel\\framework\\src\\Illuminate\\Container\\BoundMethod.php(36): App\\Providers\\AppServiceProvider->boot()
#17 C:\\xampp\\htdocs\\language\\vendor\\laravel\\framework\\src\\Illuminate\\Container\\Util.php(40): Illuminate\\Container\\BoundMethod::Illuminate\\Container\\{closure}()
#18 C:\\xampp\\htdocs\\language\\vendor\\laravel\\framework\\src\\Illuminate\\Container\\BoundMethod.php(93): Illuminate\\Container\\Util::unwrapIfClosure(Object(Closure))
#19 C:\\xampp\\htdocs\\language\\vendor\\laravel\\framework\\src\\Illuminate\\Container\\BoundMethod.php(37): Illuminate\\Container\\BoundMethod::callBoundMethod(Object(Illuminate\\Foundation\\Application), Array, Object(Closure))
#20 C:\\xampp\\htdocs\\language\\vendor\\laravel\\framework\\src\\Illuminate\\Container\\Container.php(653): Illuminate\\Container\\BoundMethod::call(Object(Illuminate\\Foundation\\Application), Array, Array, NULL)
#21 C:\\xampp\\htdocs\\language\\vendor\\laravel\\framework\\src\\Illuminate\\Foundation\\Application.php(924): Illuminate\\Container\\Container->call(Array)
#22 C:\\xampp\\htdocs\\language\\vendor\\laravel\\framework\\src\\Illuminate\\Foundation\\Application.php(905): Illuminate\\Foundation\\Application->bootProvider(Object(App\\Providers\\AppServiceProvider))
#23 [internal function]: Illuminate\\Foundation\\Application->Illuminate\\Foundation\\{closure}(Object(App\\Providers\\AppServiceProvider), 58)
#24 C:\\xampp\\htdocs\\language\\vendor\\laravel\\framework\\src\\Illuminate\\Foundation\\Application.php(906): array_walk(Array, Object(Closure))
#25 C:\\xampp\\htdocs\\language\\vendor\\laravel\\framework\\src\\Illuminate\\Foundation\\Bootstrap\\BootProviders.php(17): Illuminate\\Foundation\\Application->boot()
#26 C:\\xampp\\htdocs\\language\\vendor\\laravel\\framework\\src\\Illuminate\\Foundation\\Application.php(237): Illuminate\\Foundation\\Bootstrap\\BootProviders->bootstrap(Object(Illuminate\\Foundation\\Application))
#27 C:\\xampp\\htdocs\\language\\vendor\\laravel\\framework\\src\\Illuminate\\Foundation\\Console\\Kernel.php(310): Illuminate\\Foundation\\Application->bootstrapWith(Array)
#28 C:\\xampp\\htdocs\\language\\vendor\\laravel\\framework\\src\\Illuminate\\Foundation\\Console\\Kernel.php(127): Illuminate\\Foundation\\Console\\Kernel->bootstrap()
#29 C:\\xampp\\htdocs\\language\\artisan(37): Illuminate\\Foundation\\Console\\Kernel->handle(Object(Symfony\\Component\\Console\\Input\\ArgvInput), Object(Symfony\\Component\\Console\\Output\\ConsoleOutput))
#30 {main}
"} 
[28-07-24 20:17:24] local.ERROR: SQLSTATE[HY000] [1049] Unknown database 'mydb4' (SQL: select * from information_schema.tables where table_schema = mydb4 and table_name = configs and table_type = 'BASE TABLE') {"exception":"[object] (Illuminate\\Database\\QueryException(code: 1049): SQLSTATE[HY000] [1049] Unknown database 'mydb4' (SQL: select * from information_schema.tables where table_schema = mydb4 and table_name = configs and table_type = 'BASE TABLE') at C:\\xampp\\htdocs\\language\\vendor\\laravel\\framework\\src\\Illuminate\\Database\\Connection.php:712)
[stacktrace]
#0 C:\\xampp\\htdocs\\language\\vendor\\laravel\\framework\\src\\Illuminate\\Database\\Connection.php(672): Illuminate\\Database\\Connection->runQueryCallback('select * from i...', Array, Object(Closure))
#1 C:\\xampp\\htdocs\\language\\vendor\\laravel\\framework\\src\\Illuminate\\Database\\Connection.php(376): Illuminate\\Database\\Connection->run('select * from i...', Array, Object(Closure))
#2 C:\\xampp\\htdocs\\language\\vendor\\laravel\\framework\\src\\Illuminate\\Database\\Schema\\MySqlBuilder.php(44): Illuminate\\Database\\Connection->select('select * from i...', Array)
#3 C:\\xampp\\htdocs\\language\\vendor\\laravel\\framework\\src\\Illuminate\\Support\\Facades\\Facade.php(261): Illuminate\\Database\\Schema\\MySqlBuilder->hasTable('configs')
#4 C:\\xampp\\htdocs\\language\\app\\Providers\\AppServiceProvider.php(80): Illuminate\\Support\\Facades\\Facade::__callStatic('hasTable', Array)
#5 C:\\xampp\\htdocs\\language\\vendor\\laravel\\framework\\src\\Illuminate\\Container\\BoundMethod.php(36): App\\Providers\\AppServiceProvider->boot()
#6 C:\\xampp\\htdocs\\language\\vendor\\laravel\\framework\\src\\Illuminate\\Container\\Util.php(40): Illuminate\\Container\\BoundMethod::Illuminate\\Container\\{closure}()
#7 C:\\xampp\\htdocs\\language\\vendor\\laravel\\framework\\src\\Illuminate\\Container\\BoundMethod.php(93): Illuminate\\Container\\Util::unwrapIfClosure(Object(Closure))
#8 C:\\xampp\\htdocs\\language\\vendor\\laravel\\framework\\src\\Illuminate\\Container\\BoundMethod.php(37): Illuminate\\Container\\BoundMethod::callBoundMethod(Object(Illuminate\\Foundation\\Application), Array, Object(Closure))
#9 C:\\xampp\\htdocs\\language\\vendor\\laravel\\framework\\src\\Illuminate\\Container\\Container.php(653): Illuminate\\Container\\BoundMethod::call(Object(Illuminate\\Foundation\\Application), Array, Array, NULL)
#10 C:\\xampp\\htdocs\\language\\vendor\\laravel\\framework\\src\\Illuminate\\Foundation\\Application.php(924): Illuminate\\Container\\Container->call(Array)
#11 C:\\xampp\\htdocs\\language\\vendor\\laravel\\framework\\src\\Illuminate\\Foundation\\Application.php(905): Illuminate\\Foundation\\Application->bootProvider(Object(App\\Providers\\AppServiceProvider))
#12 [internal function]: Illuminate\\Foundation\\Application->Illuminate\\Foundation\\{closure}(Object(App\\Providers\\AppServiceProvider), 58)
#13 C:\\xampp\\htdocs\\language\\vendor\\laravel\\framework\\src\\Illuminate\\Foundation\\Application.php(906): array_walk(Array, Object(Closure))
#14 C:\\xampp\\htdocs\\language\\vendor\\laravel\\framework\\src\\Illuminate\\Foundation\\Bootstrap\\BootProviders.php(17): Illuminate\\Foundation\\Application->boot()
#15 C:\\xampp\\htdocs\\language\\vendor\\laravel\\framework\\src\\Illuminate\\Foundation\\Application.php(237): Illuminate\\Foundation\\Bootstrap\\BootProviders->bootstrap(Object(Illuminate\\Foundation\\Application))
#16 C:\\xampp\\htdocs\\language\\vendor\\laravel\\framework\\src\\Illuminate\\Foundation\\Console\\Kernel.php(310): Illuminate\\Foundation\\Application->bootstrapWith(Array)
#17 C:\\xampp\\htdocs\\language\\vendor\\laravel\\framework\\src\\Illuminate\\Foundation\\Console\\Kernel.php(127): Illuminate\\Foundation\\Console\\Kernel->bootstrap()
#18 C:\\xampp\\htdocs\\language\\artisan(37): Illuminate\\Foundation\\Console\\Kernel->handle(Object(Symfony\\Component\\Console\\Input\\ArgvInput), Object(Symfony\\Component\\Console\\Output\\ConsoleOutput))
#19 {main}

[previous exception] [object] (Doctrine\\DBAL\\Driver\\PDO\\Exception(code: 1049): SQLSTATE[HY000] [1049] Unknown database 'mydb4' at C:\\xampp\\htdocs\\language\\vendor\\doctrine\\dbal\\lib\\Doctrine\\DBAL\\Driver\\PDO\\Exception.php:18)
[stacktrace]
#0 C:\\xampp\\htdocs\\language\\vendor\\doctrine\\dbal\\lib\\Doctrine\\DBAL\\Driver\\PDOConnection.php(42): Doctrine\\DBAL\\Driver\\PDO\\Exception::new(Object(PDOException))
#1 C:\\xampp\\htdocs\\language\\vendor\\laravel\\framework\\src\\Illuminate\\Database\\Connectors\\Connector.php(67): Doctrine\\DBAL\\Driver\\PDOConnection->__construct('mysql:host=loca...', 'root', '', Array)
#2 C:\\xampp\\htdocs\\language\\vendor\\laravel\\framework\\src\\Illuminate\\Database\\Connectors\\Connector.php(46): Illuminate\\Database\\Connectors\\Connector->createPdoConnection('mysql:host=loca...', 'root', '', Array)
#3 C:\\xampp\\htdocs\\language\\vendor\\laravel\\framework\\src\\Illuminate\\Database\\Connectors\\MySqlConnector.php(24): Illuminate\\Database\\Connectors\\Connector->createConnection('mysql:host=loca...', Array, Array)
#4 C:\\xampp\\htdocs\\language\\vendor\\laravel\\framework\\src\\Illuminate\\Database\\Connectors\\ConnectionFactory.php(184): Illuminate\\Database\\Connectors\\MySqlConnector->connect(Array)
#5 [internal function]: Illuminate\\Database\\Connectors\\ConnectionFactory->Illuminate\\Database\\Connectors\\{closure}()
#6 C:\\xampp\\htdocs\\language\\vendor\\laravel\\framework\\src\\Illuminate\\Database\\Connection.php(1064): call_user_func(Object(Closure))
#7 C:\\xampp\\htdocs\\language\\vendor\\laravel\\framework\\src\\Illuminate\\Database\\Connection.php(1100): Illuminate\\Database\\Connection->getPdo()
#8 C:\\xampp\\htdocs\\language\\vendor\\laravel\\framework\\src\\Illuminate\\Database\\Connection.php(442): Illuminate\\Database\\Connection->getReadPdo()
#9 C:\\xampp\\htdocs\\language\\vendor\\laravel\\framework\\src\\Illuminate\\Database\\Connection.php(368): Illuminate\\Database\\Connection->getPdoForSelect(true)
#10 C:\\xampp\\htdocs\\language\\vendor\\laravel\\framework\\src\\Illuminate\\Database\\Connection.php(705): Illuminate\\Database\\Connection->Illuminate\\Database\\{closure}('select * from i...', Array)
#11 C:\\xampp\\htdocs\\language\\vendor\\laravel\\framework\\src\\Illuminate\\Database\\Connection.php(672): Illuminate\\Database\\Connection->runQueryCallback('select * from i...', Array, Object(Closure))
#12 C:\\xampp\\htdocs\\language\\vendor\\laravel\\framework\\src\\Illuminate\\Database\\Connection.php(376): Illuminate\\Database\\Connection->run('select * from i...', Array, Object(Closure))
#13 C:\\xampp\\htdocs\\language\\vendor\\laravel\\framework\\src\\Illuminate\\Database\\Schema\\MySqlBuilder.php(44): Illuminate\\Database\\Connection->select('select * from i...', Array)
#14 C:\\xampp\\htdocs\\language\\vendor\\laravel\\framework\\src\\Illuminate\\Support\\Facades\\Facade.php(261): Illuminate\\Database\\Schema\\MySqlBuilder->hasTable('configs')
#15 C:\\xampp\\htdocs\\language\\app\\Providers\\AppServiceProvider.php(80): Illuminate\\Support\\Facades\\Facade::__callStatic('hasTable', Array)
#16 C:\\xampp\\htdocs\\language\\vendor\\laravel\\framework\\src\\Illuminate\\Container\\BoundMethod.php(36): App\\Providers\\AppServiceProvider->boot()
#17 C:\\xampp\\htdocs\\language\\vendor\\laravel\\framework\\src\\Illuminate\\Container\\Util.php(40): Illuminate\\Container\\BoundMethod::Illuminate\\Container\\{closure}()
#18 C:\\xampp\\htdocs\\language\\vendor\\laravel\\framework\\src\\Illuminate\\Container\\BoundMethod.php(93): Illuminate\\Container\\Util::unwrapIfClosure(Object(Closure))
#19 C:\\xampp\\htdocs\\language\\vendor\\laravel\\framework\\src\\Illuminate\\Container\\BoundMethod.php(37): Illuminate\\Container\\BoundMethod::callBoundMethod(Object(Illuminate\\Foundation\\Application), Array, Object(Closure))
#20 C:\\xampp\\htdocs\\language\\vendor\\laravel\\framework\\src\\Illuminate\\Container\\Container.php(653): Illuminate\\Container\\BoundMethod::call(Object(Illuminate\\Foundation\\Application), Array, Array, NULL)
#21 C:\\xampp\\htdocs\\language\\vendor\\laravel\\framework\\src\\Illuminate\\Foundation\\Application.php(924): Illuminate\\Container\\Container->call(Array)
#22 C:\\xampp\\htdocs\\language\\vendor\\laravel\\framework\\src\\Illuminate\\Foundation\\Application.php(905): Illuminate\\Foundation\\Application->bootProvider(Object(App\\Providers\\AppServiceProvider))
#23 [internal function]: Illuminate\\Foundation\\Application->Illuminate\\Foundation\\{closure}(Object(App\\Providers\\AppServiceProvider), 58)
#24 C:\\xampp\\htdocs\\language\\vendor\\laravel\\framework\\src\\Illuminate\\Foundation\\Application.php(906): array_walk(Array, Object(Closure))
#25 C:\\xampp\\htdocs\\language\\vendor\\laravel\\framework\\src\\Illuminate\\Foundation\\Bootstrap\\BootProviders.php(17): Illuminate\\Foundation\\Application->boot()
#26 C:\\xampp\\htdocs\\language\\vendor\\laravel\\framework\\src\\Illuminate\\Foundation\\Application.php(237): Illuminate\\Foundation\\Bootstrap\\BootProviders->bootstrap(Object(Illuminate\\Foundation\\Application))
#27 C:\\xampp\\htdocs\\language\\vendor\\laravel\\framework\\src\\Illuminate\\Foundation\\Console\\Kernel.php(310): Illuminate\\Foundation\\Application->bootstrapWith(Array)
#28 C:\\xampp\\htdocs\\language\\vendor\\laravel\\framework\\src\\Illuminate\\Foundation\\Console\\Kernel.php(127): Illuminate\\Foundation\\Console\\Kernel->bootstrap()
#29 C:\\xampp\\htdocs\\language\\artisan(37): Illuminate\\Foundation\\Console\\Kernel->handle(Object(Symfony\\Component\\Console\\Input\\ArgvInput), Object(Symfony\\Component\\Console\\Output\\ConsoleOutput))
#30 {main}

[previous exception] [object] (PDOException(code: 1049): SQLSTATE[HY000] [1049] Unknown database 'mydb4' at C:\\xampp\\htdocs\\language\\vendor\\doctrine\\dbal\\lib\\Doctrine\\DBAL\\Driver\\PDOConnection.php:38)
[stacktrace]
#0 C:\\xampp\\htdocs\\language\\vendor\\doctrine\\dbal\\lib\\Doctrine\\DBAL\\Driver\\PDOConnection.php(38): PDO->__construct('mysql:host=loca...', 'root', '', Array)
#1 C:\\xampp\\htdocs\\language\\vendor\\laravel\\framework\\src\\Illuminate\\Database\\Connectors\\Connector.php(67): Doctrine\\DBAL\\Driver\\PDOConnection->__construct('mysql:host=loca...', 'root', '', Array)
#2 C:\\xampp\\htdocs\\language\\vendor\\laravel\\framework\\src\\Illuminate\\Database\\Connectors\\Connector.php(46): Illuminate\\Database\\Connectors\\Connector->createPdoConnection('mysql:host=loca...', 'root', '', Array)
#3 C:\\xampp\\htdocs\\language\\vendor\\laravel\\framework\\src\\Illuminate\\Database\\Connectors\\MySqlConnector.php(24): Illuminate\\Database\\Connectors\\Connector->createConnection('mysql:host=loca...', Array, Array)
#4 C:\\xampp\\htdocs\\language\\vendor\\laravel\\framework\\src\\Illuminate\\Database\\Connectors\\ConnectionFactory.php(184): Illuminate\\Database\\Connectors\\MySqlConnector->connect(Array)
#5 [internal function]: Illuminate\\Database\\Connectors\\ConnectionFactory->Illuminate\\Database\\Connectors\\{closure}()
#6 C:\\xampp\\htdocs\\language\\vendor\\laravel\\framework\\src\\Illuminate\\Database\\Connection.php(1064): call_user_func(Object(Closure))
#7 C:\\xampp\\htdocs\\language\\vendor\\laravel\\framework\\src\\Illuminate\\Database\\Connection.php(1100): Illuminate\\Database\\Connection->getPdo()
#8 C:\\xampp\\htdocs\\language\\vendor\\laravel\\framework\\src\\Illuminate\\Database\\Connection.php(442): Illuminate\\Database\\Connection->getReadPdo()
#9 C:\\xampp\\htdocs\\language\\vendor\\laravel\\framework\\src\\Illuminate\\Database\\Connection.php(368): Illuminate\\Database\\Connection->getPdoForSelect(true)
#10 C:\\xampp\\htdocs\\language\\vendor\\laravel\\framework\\src\\Illuminate\\Database\\Connection.php(705): Illuminate\\Database\\Connection->Illuminate\\Database\\{closure}('select * from i...', Array)
#11 C:\\xampp\\htdocs\\language\\vendor\\laravel\\framework\\src\\Illuminate\\Database\\Connection.php(672): Illuminate\\Database\\Connection->runQueryCallback('select * from i...', Array, Object(Closure))
#12 C:\\xampp\\htdocs\\language\\vendor\\laravel\\framework\\src\\Illuminate\\Database\\Connection.php(376): Illuminate\\Database\\Connection->run('select * from i...', Array, Object(Closure))
#13 C:\\xampp\\htdocs\\language\\vendor\\laravel\\framework\\src\\Illuminate\\Database\\Schema\\MySqlBuilder.php(44): Illuminate\\Database\\Connection->select('select * from i...', Array)
#14 C:\\xampp\\htdocs\\language\\vendor\\laravel\\framework\\src\\Illuminate\\Support\\Facades\\Facade.php(261): Illuminate\\Database\\Schema\\MySqlBuilder->hasTable('configs')
#15 C:\\xampp\\htdocs\\language\\app\\Providers\\AppServiceProvider.php(80): Illuminate\\Support\\Facades\\Facade::__callStatic('hasTable', Array)
#16 C:\\xampp\\htdocs\\language\\vendor\\laravel\\framework\\src\\Illuminate\\Container\\BoundMethod.php(36): App\\Providers\\AppServiceProvider->boot()
#17 C:\\xampp\\htdocs\\language\\vendor\\laravel\\framework\\src\\Illuminate\\Container\\Util.php(40): Illuminate\\Container\\BoundMethod::Illuminate\\Container\\{closure}()
#18 C:\\xampp\\htdocs\\language\\vendor\\laravel\\framework\\src\\Illuminate\\Container\\BoundMethod.php(93): Illuminate\\Container\\Util::unwrapIfClosure(Object(Closure))
#19 C:\\xampp\\htdocs\\language\\vendor\\laravel\\framework\\src\\Illuminate\\Container\\BoundMethod.php(37): Illuminate\\Container\\BoundMethod::callBoundMethod(Object(Illuminate\\Foundation\\Application), Array, Object(Closure))
#20 C:\\xampp\\htdocs\\language\\vendor\\laravel\\framework\\src\\Illuminate\\Container\\Container.php(653): Illuminate\\Container\\BoundMethod::call(Object(Illuminate\\Foundation\\Application), Array, Array, NULL)
#21 C:\\xampp\\htdocs\\language\\vendor\\laravel\\framework\\src\\Illuminate\\Foundation\\Application.php(924): Illuminate\\Container\\Container->call(Array)
#22 C:\\xampp\\htdocs\\language\\vendor\\laravel\\framework\\src\\Illuminate\\Foundation\\Application.php(905): Illuminate\\Foundation\\Application->bootProvider(Object(App\\Providers\\AppServiceProvider))
#23 [internal function]: Illuminate\\Foundation\\Application->Illuminate\\Foundation\\{closure}(Object(App\\Providers\\AppServiceProvider), 58)
#24 C:\\xampp\\htdocs\\language\\vendor\\laravel\\framework\\src\\Illuminate\\Foundation\\Application.php(906): array_walk(Array, Object(Closure))
#25 C:\\xampp\\htdocs\\language\\vendor\\laravel\\framework\\src\\Illuminate\\Foundation\\Bootstrap\\BootProviders.php(17): Illuminate\\Foundation\\Application->boot()
#26 C:\\xampp\\htdocs\\language\\vendor\\laravel\\framework\\src\\Illuminate\\Foundation\\Application.php(237): Illuminate\\Foundation\\Bootstrap\\BootProviders->bootstrap(Object(Illuminate\\Foundation\\Application))
#27 C:\\xampp\\htdocs\\language\\vendor\\laravel\\framework\\src\\Illuminate\\Foundation\\Console\\Kernel.php(310): Illuminate\\Foundation\\Application->bootstrapWith(Array)
#28 C:\\xampp\\htdocs\\language\\vendor\\laravel\\framework\\src\\Illuminate\\Foundation\\Console\\Kernel.php(127): Illuminate\\Foundation\\Console\\Kernel->bootstrap()
#29 C:\\xampp\\htdocs\\language\\artisan(37): Illuminate\\Foundation\\Console\\Kernel->handle(Object(Symfony\\Component\\Console\\Input\\ArgvInput), Object(Symfony\\Component\\Console\\Output\\ConsoleOutput))
#30 {main}
"} 
[28-07-24 20:20:01] local.ERROR: SQLSTATE[HY000] [1049] Unknown database 'mydb4' (SQL: select * from information_schema.tables where table_schema = mydb4 and table_name = configs and table_type = 'BASE TABLE') {"exception":"[object] (Illuminate\\Database\\QueryException(code: 1049): SQLSTATE[HY000] [1049] Unknown database 'mydb4' (SQL: select * from information_schema.tables where table_schema = mydb4 and table_name = configs and table_type = 'BASE TABLE') at C:\\xampp\\htdocs\\language\\vendor\\laravel\\framework\\src\\Illuminate\\Database\\Connection.php:712)
[stacktrace]
#0 C:\\xampp\\htdocs\\language\\vendor\\laravel\\framework\\src\\Illuminate\\Database\\Connection.php(672): Illuminate\\Database\\Connection->runQueryCallback('select * from i...', Array, Object(Closure))
#1 C:\\xampp\\htdocs\\language\\vendor\\laravel\\framework\\src\\Illuminate\\Database\\Connection.php(376): Illuminate\\Database\\Connection->run('select * from i...', Array, Object(Closure))
#2 C:\\xampp\\htdocs\\language\\vendor\\laravel\\framework\\src\\Illuminate\\Database\\Schema\\MySqlBuilder.php(44): Illuminate\\Database\\Connection->select('select * from i...', Array)
#3 C:\\xampp\\htdocs\\language\\vendor\\laravel\\framework\\src\\Illuminate\\Support\\Facades\\Facade.php(261): Illuminate\\Database\\Schema\\MySqlBuilder->hasTable('configs')
#4 C:\\xampp\\htdocs\\language\\app\\Providers\\AppServiceProvider.php(80): Illuminate\\Support\\Facades\\Facade::__callStatic('hasTable', Array)
#5 C:\\xampp\\htdocs\\language\\vendor\\laravel\\framework\\src\\Illuminate\\Container\\BoundMethod.php(36): App\\Providers\\AppServiceProvider->boot()
#6 C:\\xampp\\htdocs\\language\\vendor\\laravel\\framework\\src\\Illuminate\\Container\\Util.php(40): Illuminate\\Container\\BoundMethod::Illuminate\\Container\\{closure}()
#7 C:\\xampp\\htdocs\\language\\vendor\\laravel\\framework\\src\\Illuminate\\Container\\BoundMethod.php(93): Illuminate\\Container\\Util::unwrapIfClosure(Object(Closure))
#8 C:\\xampp\\htdocs\\language\\vendor\\laravel\\framework\\src\\Illuminate\\Container\\BoundMethod.php(37): Illuminate\\Container\\BoundMethod::callBoundMethod(Object(Illuminate\\Foundation\\Application), Array, Object(Closure))
#9 C:\\xampp\\htdocs\\language\\vendor\\laravel\\framework\\src\\Illuminate\\Container\\Container.php(653): Illuminate\\Container\\BoundMethod::call(Object(Illuminate\\Foundation\\Application), Array, Array, NULL)
#10 C:\\xampp\\htdocs\\language\\vendor\\laravel\\framework\\src\\Illuminate\\Foundation\\Application.php(924): Illuminate\\Container\\Container->call(Array)
#11 C:\\xampp\\htdocs\\language\\vendor\\laravel\\framework\\src\\Illuminate\\Foundation\\Application.php(905): Illuminate\\Foundation\\Application->bootProvider(Object(App\\Providers\\AppServiceProvider))
#12 [internal function]: Illuminate\\Foundation\\Application->Illuminate\\Foundation\\{closure}(Object(App\\Providers\\AppServiceProvider), 58)
#13 C:\\xampp\\htdocs\\language\\vendor\\laravel\\framework\\src\\Illuminate\\Foundation\\Application.php(906): array_walk(Array, Object(Closure))
#14 C:\\xampp\\htdocs\\language\\vendor\\laravel\\framework\\src\\Illuminate\\Foundation\\Bootstrap\\BootProviders.php(17): Illuminate\\Foundation\\Application->boot()
#15 C:\\xampp\\htdocs\\language\\vendor\\laravel\\framework\\src\\Illuminate\\Foundation\\Application.php(237): Illuminate\\Foundation\\Bootstrap\\BootProviders->bootstrap(Object(Illuminate\\Foundation\\Application))
#16 C:\\xampp\\htdocs\\language\\vendor\\laravel\\framework\\src\\Illuminate\\Foundation\\Console\\Kernel.php(310): Illuminate\\Foundation\\Application->bootstrapWith(Array)
#17 C:\\xampp\\htdocs\\language\\vendor\\laravel\\framework\\src\\Illuminate\\Foundation\\Console\\Kernel.php(127): Illuminate\\Foundation\\Console\\Kernel->bootstrap()
#18 C:\\xampp\\htdocs\\language\\artisan(37): Illuminate\\Foundation\\Console\\Kernel->handle(Object(Symfony\\Component\\Console\\Input\\ArgvInput), Object(Symfony\\Component\\Console\\Output\\ConsoleOutput))
#19 {main}

[previous exception] [object] (Doctrine\\DBAL\\Driver\\PDO\\Exception(code: 1049): SQLSTATE[HY000] [1049] Unknown database 'mydb4' at C:\\xampp\\htdocs\\language\\vendor\\doctrine\\dbal\\lib\\Doctrine\\DBAL\\Driver\\PDO\\Exception.php:18)
[stacktrace]
#0 C:\\xampp\\htdocs\\language\\vendor\\doctrine\\dbal\\lib\\Doctrine\\DBAL\\Driver\\PDOConnection.php(42): Doctrine\\DBAL\\Driver\\PDO\\Exception::new(Object(PDOException))
#1 C:\\xampp\\htdocs\\language\\vendor\\laravel\\framework\\src\\Illuminate\\Database\\Connectors\\Connector.php(67): Doctrine\\DBAL\\Driver\\PDOConnection->__construct('mysql:host=loca...', 'root', '', Array)
#2 C:\\xampp\\htdocs\\language\\vendor\\laravel\\framework\\src\\Illuminate\\Database\\Connectors\\Connector.php(46): Illuminate\\Database\\Connectors\\Connector->createPdoConnection('mysql:host=loca...', 'root', '', Array)
#3 C:\\xampp\\htdocs\\language\\vendor\\laravel\\framework\\src\\Illuminate\\Database\\Connectors\\MySqlConnector.php(24): Illuminate\\Database\\Connectors\\Connector->createConnection('mysql:host=loca...', Array, Array)
#4 C:\\xampp\\htdocs\\language\\vendor\\laravel\\framework\\src\\Illuminate\\Database\\Connectors\\ConnectionFactory.php(184): Illuminate\\Database\\Connectors\\MySqlConnector->connect(Array)
#5 [internal function]: Illuminate\\Database\\Connectors\\ConnectionFactory->Illuminate\\Database\\Connectors\\{closure}()
#6 C:\\xampp\\htdocs\\language\\vendor\\laravel\\framework\\src\\Illuminate\\Database\\Connection.php(1064): call_user_func(Object(Closure))
#7 C:\\xampp\\htdocs\\language\\vendor\\laravel\\framework\\src\\Illuminate\\Database\\Connection.php(1100): Illuminate\\Database\\Connection->getPdo()
#8 C:\\xampp\\htdocs\\language\\vendor\\laravel\\framework\\src\\Illuminate\\Database\\Connection.php(442): Illuminate\\Database\\Connection->getReadPdo()
#9 C:\\xampp\\htdocs\\language\\vendor\\laravel\\framework\\src\\Illuminate\\Database\\Connection.php(368): Illuminate\\Database\\Connection->getPdoForSelect(true)
#10 C:\\xampp\\htdocs\\language\\vendor\\laravel\\framework\\src\\Illuminate\\Database\\Connection.php(705): Illuminate\\Database\\Connection->Illuminate\\Database\\{closure}('select * from i...', Array)
#11 C:\\xampp\\htdocs\\language\\vendor\\laravel\\framework\\src\\Illuminate\\Database\\Connection.php(672): Illuminate\\Database\\Connection->runQueryCallback('select * from i...', Array, Object(Closure))
#12 C:\\xampp\\htdocs\\language\\vendor\\laravel\\framework\\src\\Illuminate\\Database\\Connection.php(376): Illuminate\\Database\\Connection->run('select * from i...', Array, Object(Closure))
#13 C:\\xampp\\htdocs\\language\\vendor\\laravel\\framework\\src\\Illuminate\\Database\\Schema\\MySqlBuilder.php(44): Illuminate\\Database\\Connection->select('select * from i...', Array)
#14 C:\\xampp\\htdocs\\language\\vendor\\laravel\\framework\\src\\Illuminate\\Support\\Facades\\Facade.php(261): Illuminate\\Database\\Schema\\MySqlBuilder->hasTable('configs')
#15 C:\\xampp\\htdocs\\language\\app\\Providers\\AppServiceProvider.php(80): Illuminate\\Support\\Facades\\Facade::__callStatic('hasTable', Array)
#16 C:\\xampp\\htdocs\\language\\vendor\\laravel\\framework\\src\\Illuminate\\Container\\BoundMethod.php(36): App\\Providers\\AppServiceProvider->boot()
#17 C:\\xampp\\htdocs\\language\\vendor\\laravel\\framework\\src\\Illuminate\\Container\\Util.php(40): Illuminate\\Container\\BoundMethod::Illuminate\\Container\\{closure}()
#18 C:\\xampp\\htdocs\\language\\vendor\\laravel\\framework\\src\\Illuminate\\Container\\BoundMethod.php(93): Illuminate\\Container\\Util::unwrapIfClosure(Object(Closure))
#19 C:\\xampp\\htdocs\\language\\vendor\\laravel\\framework\\src\\Illuminate\\Container\\BoundMethod.php(37): Illuminate\\Container\\BoundMethod::callBoundMethod(Object(Illuminate\\Foundation\\Application), Array, Object(Closure))
#20 C:\\xampp\\htdocs\\language\\vendor\\laravel\\framework\\src\\Illuminate\\Container\\Container.php(653): Illuminate\\Container\\BoundMethod::call(Object(Illuminate\\Foundation\\Application), Array, Array, NULL)
#21 C:\\xampp\\htdocs\\language\\vendor\\laravel\\framework\\src\\Illuminate\\Foundation\\Application.php(924): Illuminate\\Container\\Container->call(Array)
#22 C:\\xampp\\htdocs\\language\\vendor\\laravel\\framework\\src\\Illuminate\\Foundation\\Application.php(905): Illuminate\\Foundation\\Application->bootProvider(Object(App\\Providers\\AppServiceProvider))
#23 [internal function]: Illuminate\\Foundation\\Application->Illuminate\\Foundation\\{closure}(Object(App\\Providers\\AppServiceProvider), 58)
#24 C:\\xampp\\htdocs\\language\\vendor\\laravel\\framework\\src\\Illuminate\\Foundation\\Application.php(906): array_walk(Array, Object(Closure))
#25 C:\\xampp\\htdocs\\language\\vendor\\laravel\\framework\\src\\Illuminate\\Foundation\\Bootstrap\\BootProviders.php(17): Illuminate\\Foundation\\Application->boot()
#26 C:\\xampp\\htdocs\\language\\vendor\\laravel\\framework\\src\\Illuminate\\Foundation\\Application.php(237): Illuminate\\Foundation\\Bootstrap\\BootProviders->bootstrap(Object(Illuminate\\Foundation\\Application))
#27 C:\\xampp\\htdocs\\language\\vendor\\laravel\\framework\\src\\Illuminate\\Foundation\\Console\\Kernel.php(310): Illuminate\\Foundation\\Application->bootstrapWith(Array)
#28 C:\\xampp\\htdocs\\language\\vendor\\laravel\\framework\\src\\Illuminate\\Foundation\\Console\\Kernel.php(127): Illuminate\\Foundation\\Console\\Kernel->bootstrap()
#29 C:\\xampp\\htdocs\\language\\artisan(37): Illuminate\\Foundation\\Console\\Kernel->handle(Object(Symfony\\Component\\Console\\Input\\ArgvInput), Object(Symfony\\Component\\Console\\Output\\ConsoleOutput))
#30 {main}

[previous exception] [object] (PDOException(code: 1049): SQLSTATE[HY000] [1049] Unknown database 'mydb4' at C:\\xampp\\htdocs\\language\\vendor\\doctrine\\dbal\\lib\\Doctrine\\DBAL\\Driver\\PDOConnection.php:38)
[stacktrace]
#0 C:\\xampp\\htdocs\\language\\vendor\\doctrine\\dbal\\lib\\Doctrine\\DBAL\\Driver\\PDOConnection.php(38): PDO->__construct('mysql:host=loca...', 'root', '', Array)
#1 C:\\xampp\\htdocs\\language\\vendor\\laravel\\framework\\src\\Illuminate\\Database\\Connectors\\Connector.php(67): Doctrine\\DBAL\\Driver\\PDOConnection->__construct('mysql:host=loca...', 'root', '', Array)
#2 C:\\xampp\\htdocs\\language\\vendor\\laravel\\framework\\src\\Illuminate\\Database\\Connectors\\Connector.php(46): Illuminate\\Database\\Connectors\\Connector->createPdoConnection('mysql:host=loca...', 'root', '', Array)
#3 C:\\xampp\\htdocs\\language\\vendor\\laravel\\framework\\src\\Illuminate\\Database\\Connectors\\MySqlConnector.php(24): Illuminate\\Database\\Connectors\\Connector->createConnection('mysql:host=loca...', Array, Array)
#4 C:\\xampp\\htdocs\\language\\vendor\\laravel\\framework\\src\\Illuminate\\Database\\Connectors\\ConnectionFactory.php(184): Illuminate\\Database\\Connectors\\MySqlConnector->connect(Array)
#5 [internal function]: Illuminate\\Database\\Connectors\\ConnectionFactory->Illuminate\\Database\\Connectors\\{closure}()
#6 C:\\xampp\\htdocs\\language\\vendor\\laravel\\framework\\src\\Illuminate\\Database\\Connection.php(1064): call_user_func(Object(Closure))
#7 C:\\xampp\\htdocs\\language\\vendor\\laravel\\framework\\src\\Illuminate\\Database\\Connection.php(1100): Illuminate\\Database\\Connection->getPdo()
#8 C:\\xampp\\htdocs\\language\\vendor\\laravel\\framework\\src\\Illuminate\\Database\\Connection.php(442): Illuminate\\Database\\Connection->getReadPdo()
#9 C:\\xampp\\htdocs\\language\\vendor\\laravel\\framework\\src\\Illuminate\\Database\\Connection.php(368): Illuminate\\Database\\Connection->getPdoForSelect(true)
#10 C:\\xampp\\htdocs\\language\\vendor\\laravel\\framework\\src\\Illuminate\\Database\\Connection.php(705): Illuminate\\Database\\Connection->Illuminate\\Database\\{closure}('select * from i...', Array)
#11 C:\\xampp\\htdocs\\language\\vendor\\laravel\\framework\\src\\Illuminate\\Database\\Connection.php(672): Illuminate\\Database\\Connection->runQueryCallback('select * from i...', Array, Object(Closure))
#12 C:\\xampp\\htdocs\\language\\vendor\\laravel\\framework\\src\\Illuminate\\Database\\Connection.php(376): Illuminate\\Database\\Connection->run('select * from i...', Array, Object(Closure))
#13 C:\\xampp\\htdocs\\language\\vendor\\laravel\\framework\\src\\Illuminate\\Database\\Schema\\MySqlBuilder.php(44): Illuminate\\Database\\Connection->select('select * from i...', Array)
#14 C:\\xampp\\htdocs\\language\\vendor\\laravel\\framework\\src\\Illuminate\\Support\\Facades\\Facade.php(261): Illuminate\\Database\\Schema\\MySqlBuilder->hasTable('configs')
#15 C:\\xampp\\htdocs\\language\\app\\Providers\\AppServiceProvider.php(80): Illuminate\\Support\\Facades\\Facade::__callStatic('hasTable', Array)
#16 C:\\xampp\\htdocs\\language\\vendor\\laravel\\framework\\src\\Illuminate\\Container\\BoundMethod.php(36): App\\Providers\\AppServiceProvider->boot()
#17 C:\\xampp\\htdocs\\language\\vendor\\laravel\\framework\\src\\Illuminate\\Container\\Util.php(40): Illuminate\\Container\\BoundMethod::Illuminate\\Container\\{closure}()
#18 C:\\xampp\\htdocs\\language\\vendor\\laravel\\framework\\src\\Illuminate\\Container\\BoundMethod.php(93): Illuminate\\Container\\Util::unwrapIfClosure(Object(Closure))
#19 C:\\xampp\\htdocs\\language\\vendor\\laravel\\framework\\src\\Illuminate\\Container\\BoundMethod.php(37): Illuminate\\Container\\BoundMethod::callBoundMethod(Object(Illuminate\\Foundation\\Application), Array, Object(Closure))
#20 C:\\xampp\\htdocs\\language\\vendor\\laravel\\framework\\src\\Illuminate\\Container\\Container.php(653): Illuminate\\Container\\BoundMethod::call(Object(Illuminate\\Foundation\\Application), Array, Array, NULL)
#21 C:\\xampp\\htdocs\\language\\vendor\\laravel\\framework\\src\\Illuminate\\Foundation\\Application.php(924): Illuminate\\Container\\Container->call(Array)
#22 C:\\xampp\\htdocs\\language\\vendor\\laravel\\framework\\src\\Illuminate\\Foundation\\Application.php(905): Illuminate\\Foundation\\Application->bootProvider(Object(App\\Providers\\AppServiceProvider))
#23 [internal function]: Illuminate\\Foundation\\Application->Illuminate\\Foundation\\{closure}(Object(App\\Providers\\AppServiceProvider), 58)
#24 C:\\xampp\\htdocs\\language\\vendor\\laravel\\framework\\src\\Illuminate\\Foundation\\Application.php(906): array_walk(Array, Object(Closure))
#25 C:\\xampp\\htdocs\\language\\vendor\\laravel\\framework\\src\\Illuminate\\Foundation\\Bootstrap\\BootProviders.php(17): Illuminate\\Foundation\\Application->boot()
#26 C:\\xampp\\htdocs\\language\\vendor\\laravel\\framework\\src\\Illuminate\\Foundation\\Application.php(237): Illuminate\\Foundation\\Bootstrap\\BootProviders->bootstrap(Object(Illuminate\\Foundation\\Application))
#27 C:\\xampp\\htdocs\\language\\vendor\\laravel\\framework\\src\\Illuminate\\Foundation\\Console\\Kernel.php(310): Illuminate\\Foundation\\Application->bootstrapWith(Array)
#28 C:\\xampp\\htdocs\\language\\vendor\\laravel\\framework\\src\\Illuminate\\Foundation\\Console\\Kernel.php(127): Illuminate\\Foundation\\Console\\Kernel->bootstrap()
#29 C:\\xampp\\htdocs\\language\\artisan(37): Illuminate\\Foundation\\Console\\Kernel->handle(Object(Symfony\\Component\\Console\\Input\\ArgvInput), Object(Symfony\\Component\\Console\\Output\\ConsoleOutput))
#30 {main}
"} 
[28-07-24 20:20:35] local.ERROR: SQLSTATE[HY000] [1049] Unknown database 'mydb4' (SQL: select * from information_schema.tables where table_schema = mydb4 and table_name = configs and table_type = 'BASE TABLE') {"exception":"[object] (Illuminate\\Database\\QueryException(code: 1049): SQLSTATE[HY000] [1049] Unknown database 'mydb4' (SQL: select * from information_schema.tables where table_schema = mydb4 and table_name = configs and table_type = 'BASE TABLE') at C:\\xampp\\htdocs\\language\\vendor\\laravel\\framework\\src\\Illuminate\\Database\\Connection.php:712)
[stacktrace]
#0 C:\\xampp\\htdocs\\language\\vendor\\laravel\\framework\\src\\Illuminate\\Database\\Connection.php(672): Illuminate\\Database\\Connection->runQueryCallback('select * from i...', Array, Object(Closure))
#1 C:\\xampp\\htdocs\\language\\vendor\\laravel\\framework\\src\\Illuminate\\Database\\Connection.php(376): Illuminate\\Database\\Connection->run('select * from i...', Array, Object(Closure))
#2 C:\\xampp\\htdocs\\language\\vendor\\laravel\\framework\\src\\Illuminate\\Database\\Schema\\MySqlBuilder.php(44): Illuminate\\Database\\Connection->select('select * from i...', Array)
#3 C:\\xampp\\htdocs\\language\\vendor\\laravel\\framework\\src\\Illuminate\\Support\\Facades\\Facade.php(261): Illuminate\\Database\\Schema\\MySqlBuilder->hasTable('configs')
#4 C:\\xampp\\htdocs\\language\\app\\Providers\\AppServiceProvider.php(80): Illuminate\\Support\\Facades\\Facade::__callStatic('hasTable', Array)
#5 C:\\xampp\\htdocs\\language\\vendor\\laravel\\framework\\src\\Illuminate\\Container\\BoundMethod.php(36): App\\Providers\\AppServiceProvider->boot()
#6 C:\\xampp\\htdocs\\language\\vendor\\laravel\\framework\\src\\Illuminate\\Container\\Util.php(40): Illuminate\\Container\\BoundMethod::Illuminate\\Container\\{closure}()
#7 C:\\xampp\\htdocs\\language\\vendor\\laravel\\framework\\src\\Illuminate\\Container\\BoundMethod.php(93): Illuminate\\Container\\Util::unwrapIfClosure(Object(Closure))
#8 C:\\xampp\\htdocs\\language\\vendor\\laravel\\framework\\src\\Illuminate\\Container\\BoundMethod.php(37): Illuminate\\Container\\BoundMethod::callBoundMethod(Object(Illuminate\\Foundation\\Application), Array, Object(Closure))
#9 C:\\xampp\\htdocs\\language\\vendor\\laravel\\framework\\src\\Illuminate\\Container\\Container.php(653): Illuminate\\Container\\BoundMethod::call(Object(Illuminate\\Foundation\\Application), Array, Array, NULL)
#10 C:\\xampp\\htdocs\\language\\vendor\\laravel\\framework\\src\\Illuminate\\Foundation\\Application.php(924): Illuminate\\Container\\Container->call(Array)
#11 C:\\xampp\\htdocs\\language\\vendor\\laravel\\framework\\src\\Illuminate\\Foundation\\Application.php(905): Illuminate\\Foundation\\Application->bootProvider(Object(App\\Providers\\AppServiceProvider))
#12 [internal function]: Illuminate\\Foundation\\Application->Illuminate\\Foundation\\{closure}(Object(App\\Providers\\AppServiceProvider), 58)
#13 C:\\xampp\\htdocs\\language\\vendor\\laravel\\framework\\src\\Illuminate\\Foundation\\Application.php(906): array_walk(Array, Object(Closure))
#14 C:\\xampp\\htdocs\\language\\vendor\\laravel\\framework\\src\\Illuminate\\Foundation\\Bootstrap\\BootProviders.php(17): Illuminate\\Foundation\\Application->boot()
#15 C:\\xampp\\htdocs\\language\\vendor\\laravel\\framework\\src\\Illuminate\\Foundation\\Application.php(237): Illuminate\\Foundation\\Bootstrap\\BootProviders->bootstrap(Object(Illuminate\\Foundation\\Application))
#16 C:\\xampp\\htdocs\\language\\vendor\\laravel\\framework\\src\\Illuminate\\Foundation\\Console\\Kernel.php(310): Illuminate\\Foundation\\Application->bootstrapWith(Array)
#17 C:\\xampp\\htdocs\\language\\vendor\\laravel\\framework\\src\\Illuminate\\Foundation\\Console\\Kernel.php(127): Illuminate\\Foundation\\Console\\Kernel->bootstrap()
#18 C:\\xampp\\htdocs\\language\\artisan(37): Illuminate\\Foundation\\Console\\Kernel->handle(Object(Symfony\\Component\\Console\\Input\\ArgvInput), Object(Symfony\\Component\\Console\\Output\\ConsoleOutput))
#19 {main}

[previous exception] [object] (Doctrine\\DBAL\\Driver\\PDO\\Exception(code: 1049): SQLSTATE[HY000] [1049] Unknown database 'mydb4' at C:\\xampp\\htdocs\\language\\vendor\\doctrine\\dbal\\lib\\Doctrine\\DBAL\\Driver\\PDO\\Exception.php:18)
[stacktrace]
#0 C:\\xampp\\htdocs\\language\\vendor\\doctrine\\dbal\\lib\\Doctrine\\DBAL\\Driver\\PDOConnection.php(42): Doctrine\\DBAL\\Driver\\PDO\\Exception::new(Object(PDOException))
#1 C:\\xampp\\htdocs\\language\\vendor\\laravel\\framework\\src\\Illuminate\\Database\\Connectors\\Connector.php(67): Doctrine\\DBAL\\Driver\\PDOConnection->__construct('mysql:host=loca...', 'root', '', Array)
#2 C:\\xampp\\htdocs\\language\\vendor\\laravel\\framework\\src\\Illuminate\\Database\\Connectors\\Connector.php(46): Illuminate\\Database\\Connectors\\Connector->createPdoConnection('mysql:host=loca...', 'root', '', Array)
#3 C:\\xampp\\htdocs\\language\\vendor\\laravel\\framework\\src\\Illuminate\\Database\\Connectors\\MySqlConnector.php(24): Illuminate\\Database\\Connectors\\Connector->createConnection('mysql:host=loca...', Array, Array)
#4 C:\\xampp\\htdocs\\language\\vendor\\laravel\\framework\\src\\Illuminate\\Database\\Connectors\\ConnectionFactory.php(184): Illuminate\\Database\\Connectors\\MySqlConnector->connect(Array)
#5 [internal function]: Illuminate\\Database\\Connectors\\ConnectionFactory->Illuminate\\Database\\Connectors\\{closure}()
#6 C:\\xampp\\htdocs\\language\\vendor\\laravel\\framework\\src\\Illuminate\\Database\\Connection.php(1064): call_user_func(Object(Closure))
#7 C:\\xampp\\htdocs\\language\\vendor\\laravel\\framework\\src\\Illuminate\\Database\\Connection.php(1100): Illuminate\\Database\\Connection->getPdo()
#8 C:\\xampp\\htdocs\\language\\vendor\\laravel\\framework\\src\\Illuminate\\Database\\Connection.php(442): Illuminate\\Database\\Connection->getReadPdo()
#9 C:\\xampp\\htdocs\\language\\vendor\\laravel\\framework\\src\\Illuminate\\Database\\Connection.php(368): Illuminate\\Database\\Connection->getPdoForSelect(true)
#10 C:\\xampp\\htdocs\\language\\vendor\\laravel\\framework\\src\\Illuminate\\Database\\Connection.php(705): Illuminate\\Database\\Connection->Illuminate\\Database\\{closure}('select * from i...', Array)
#11 C:\\xampp\\htdocs\\language\\vendor\\laravel\\framework\\src\\Illuminate\\Database\\Connection.php(672): Illuminate\\Database\\Connection->runQueryCallback('select * from i...', Array, Object(Closure))
#12 C:\\xampp\\htdocs\\language\\vendor\\laravel\\framework\\src\\Illuminate\\Database\\Connection.php(376): Illuminate\\Database\\Connection->run('select * from i...', Array, Object(Closure))
#13 C:\\xampp\\htdocs\\language\\vendor\\laravel\\framework\\src\\Illuminate\\Database\\Schema\\MySqlBuilder.php(44): Illuminate\\Database\\Connection->select('select * from i...', Array)
#14 C:\\xampp\\htdocs\\language\\vendor\\laravel\\framework\\src\\Illuminate\\Support\\Facades\\Facade.php(261): Illuminate\\Database\\Schema\\MySqlBuilder->hasTable('configs')
#15 C:\\xampp\\htdocs\\language\\app\\Providers\\AppServiceProvider.php(80): Illuminate\\Support\\Facades\\Facade::__callStatic('hasTable', Array)
#16 C:\\xampp\\htdocs\\language\\vendor\\laravel\\framework\\src\\Illuminate\\Container\\BoundMethod.php(36): App\\Providers\\AppServiceProvider->boot()
#17 C:\\xampp\\htdocs\\language\\vendor\\laravel\\framework\\src\\Illuminate\\Container\\Util.php(40): Illuminate\\Container\\BoundMethod::Illuminate\\Container\\{closure}()
#18 C:\\xampp\\htdocs\\language\\vendor\\laravel\\framework\\src\\Illuminate\\Container\\BoundMethod.php(93): Illuminate\\Container\\Util::unwrapIfClosure(Object(Closure))
#19 C:\\xampp\\htdocs\\language\\vendor\\laravel\\framework\\src\\Illuminate\\Container\\BoundMethod.php(37): Illuminate\\Container\\BoundMethod::callBoundMethod(Object(Illuminate\\Foundation\\Application), Array, Object(Closure))
#20 C:\\xampp\\htdocs\\language\\vendor\\laravel\\framework\\src\\Illuminate\\Container\\Container.php(653): Illuminate\\Container\\BoundMethod::call(Object(Illuminate\\Foundation\\Application), Array, Array, NULL)
#21 C:\\xampp\\htdocs\\language\\vendor\\laravel\\framework\\src\\Illuminate\\Foundation\\Application.php(924): Illuminate\\Container\\Container->call(Array)
#22 C:\\xampp\\htdocs\\language\\vendor\\laravel\\framework\\src\\Illuminate\\Foundation\\Application.php(905): Illuminate\\Foundation\\Application->bootProvider(Object(App\\Providers\\AppServiceProvider))
#23 [internal function]: Illuminate\\Foundation\\Application->Illuminate\\Foundation\\{closure}(Object(App\\Providers\\AppServiceProvider), 58)
#24 C:\\xampp\\htdocs\\language\\vendor\\laravel\\framework\\src\\Illuminate\\Foundation\\Application.php(906): array_walk(Array, Object(Closure))
#25 C:\\xampp\\htdocs\\language\\vendor\\laravel\\framework\\src\\Illuminate\\Foundation\\Bootstrap\\BootProviders.php(17): Illuminate\\Foundation\\Application->boot()
#26 C:\\xampp\\htdocs\\language\\vendor\\laravel\\framework\\src\\Illuminate\\Foundation\\Application.php(237): Illuminate\\Foundation\\Bootstrap\\BootProviders->bootstrap(Object(Illuminate\\Foundation\\Application))
#27 C:\\xampp\\htdocs\\language\\vendor\\laravel\\framework\\src\\Illuminate\\Foundation\\Console\\Kernel.php(310): Illuminate\\Foundation\\Application->bootstrapWith(Array)
#28 C:\\xampp\\htdocs\\language\\vendor\\laravel\\framework\\src\\Illuminate\\Foundation\\Console\\Kernel.php(127): Illuminate\\Foundation\\Console\\Kernel->bootstrap()
#29 C:\\xampp\\htdocs\\language\\artisan(37): Illuminate\\Foundation\\Console\\Kernel->handle(Object(Symfony\\Component\\Console\\Input\\ArgvInput), Object(Symfony\\Component\\Console\\Output\\ConsoleOutput))
#30 {main}

[previous exception] [object] (PDOException(code: 1049): SQLSTATE[HY000] [1049] Unknown database 'mydb4' at C:\\xampp\\htdocs\\language\\vendor\\doctrine\\dbal\\lib\\Doctrine\\DBAL\\Driver\\PDOConnection.php:38)
[stacktrace]
#0 C:\\xampp\\htdocs\\language\\vendor\\doctrine\\dbal\\lib\\Doctrine\\DBAL\\Driver\\PDOConnection.php(38): PDO->__construct('mysql:host=loca...', 'root', '', Array)
#1 C:\\xampp\\htdocs\\language\\vendor\\laravel\\framework\\src\\Illuminate\\Database\\Connectors\\Connector.php(67): Doctrine\\DBAL\\Driver\\PDOConnection->__construct('mysql:host=loca...', 'root', '', Array)
#2 C:\\xampp\\htdocs\\language\\vendor\\laravel\\framework\\src\\Illuminate\\Database\\Connectors\\Connector.php(46): Illuminate\\Database\\Connectors\\Connector->createPdoConnection('mysql:host=loca...', 'root', '', Array)
#3 C:\\xampp\\htdocs\\language\\vendor\\laravel\\framework\\src\\Illuminate\\Database\\Connectors\\MySqlConnector.php(24): Illuminate\\Database\\Connectors\\Connector->createConnection('mysql:host=loca...', Array, Array)
#4 C:\\xampp\\htdocs\\language\\vendor\\laravel\\framework\\src\\Illuminate\\Database\\Connectors\\ConnectionFactory.php(184): Illuminate\\Database\\Connectors\\MySqlConnector->connect(Array)
#5 [internal function]: Illuminate\\Database\\Connectors\\ConnectionFactory->Illuminate\\Database\\Connectors\\{closure}()
#6 C:\\xampp\\htdocs\\language\\vendor\\laravel\\framework\\src\\Illuminate\\Database\\Connection.php(1064): call_user_func(Object(Closure))
#7 C:\\xampp\\htdocs\\language\\vendor\\laravel\\framework\\src\\Illuminate\\Database\\Connection.php(1100): Illuminate\\Database\\Connection->getPdo()
#8 C:\\xampp\\htdocs\\language\\vendor\\laravel\\framework\\src\\Illuminate\\Database\\Connection.php(442): Illuminate\\Database\\Connection->getReadPdo()
#9 C:\\xampp\\htdocs\\language\\vendor\\laravel\\framework\\src\\Illuminate\\Database\\Connection.php(368): Illuminate\\Database\\Connection->getPdoForSelect(true)
#10 C:\\xampp\\htdocs\\language\\vendor\\laravel\\framework\\src\\Illuminate\\Database\\Connection.php(705): Illuminate\\Database\\Connection->Illuminate\\Database\\{closure}('select * from i...', Array)
#11 C:\\xampp\\htdocs\\language\\vendor\\laravel\\framework\\src\\Illuminate\\Database\\Connection.php(672): Illuminate\\Database\\Connection->runQueryCallback('select * from i...', Array, Object(Closure))
#12 C:\\xampp\\htdocs\\language\\vendor\\laravel\\framework\\src\\Illuminate\\Database\\Connection.php(376): Illuminate\\Database\\Connection->run('select * from i...', Array, Object(Closure))
#13 C:\\xampp\\htdocs\\language\\vendor\\laravel\\framework\\src\\Illuminate\\Database\\Schema\\MySqlBuilder.php(44): Illuminate\\Database\\Connection->select('select * from i...', Array)
#14 C:\\xampp\\htdocs\\language\\vendor\\laravel\\framework\\src\\Illuminate\\Support\\Facades\\Facade.php(261): Illuminate\\Database\\Schema\\MySqlBuilder->hasTable('configs')
#15 C:\\xampp\\htdocs\\language\\app\\Providers\\AppServiceProvider.php(80): Illuminate\\Support\\Facades\\Facade::__callStatic('hasTable', Array)
#16 C:\\xampp\\htdocs\\language\\vendor\\laravel\\framework\\src\\Illuminate\\Container\\BoundMethod.php(36): App\\Providers\\AppServiceProvider->boot()
#17 C:\\xampp\\htdocs\\language\\vendor\\laravel\\framework\\src\\Illuminate\\Container\\Util.php(40): Illuminate\\Container\\BoundMethod::Illuminate\\Container\\{closure}()
#18 C:\\xampp\\htdocs\\language\\vendor\\laravel\\framework\\src\\Illuminate\\Container\\BoundMethod.php(93): Illuminate\\Container\\Util::unwrapIfClosure(Object(Closure))
#19 C:\\xampp\\htdocs\\language\\vendor\\laravel\\framework\\src\\Illuminate\\Container\\BoundMethod.php(37): Illuminate\\Container\\BoundMethod::callBoundMethod(Object(Illuminate\\Foundation\\Application), Array, Object(Closure))
#20 C:\\xampp\\htdocs\\language\\vendor\\laravel\\framework\\src\\Illuminate\\Container\\Container.php(653): Illuminate\\Container\\BoundMethod::call(Object(Illuminate\\Foundation\\Application), Array, Array, NULL)
#21 C:\\xampp\\htdocs\\language\\vendor\\laravel\\framework\\src\\Illuminate\\Foundation\\Application.php(924): Illuminate\\Container\\Container->call(Array)
#22 C:\\xampp\\htdocs\\language\\vendor\\laravel\\framework\\src\\Illuminate\\Foundation\\Application.php(905): Illuminate\\Foundation\\Application->bootProvider(Object(App\\Providers\\AppServiceProvider))
#23 [internal function]: Illuminate\\Foundation\\Application->Illuminate\\Foundation\\{closure}(Object(App\\Providers\\AppServiceProvider), 58)
#24 C:\\xampp\\htdocs\\language\\vendor\\laravel\\framework\\src\\Illuminate\\Foundation\\Application.php(906): array_walk(Array, Object(Closure))
#25 C:\\xampp\\htdocs\\language\\vendor\\laravel\\framework\\src\\Illuminate\\Foundation\\Bootstrap\\BootProviders.php(17): Illuminate\\Foundation\\Application->boot()
#26 C:\\xampp\\htdocs\\language\\vendor\\laravel\\framework\\src\\Illuminate\\Foundation\\Application.php(237): Illuminate\\Foundation\\Bootstrap\\BootProviders->bootstrap(Object(Illuminate\\Foundation\\Application))
#27 C:\\xampp\\htdocs\\language\\vendor\\laravel\\framework\\src\\Illuminate\\Foundation\\Console\\Kernel.php(310): Illuminate\\Foundation\\Application->bootstrapWith(Array)
#28 C:\\xampp\\htdocs\\language\\vendor\\laravel\\framework\\src\\Illuminate\\Foundation\\Console\\Kernel.php(127): Illuminate\\Foundation\\Console\\Kernel->bootstrap()
#29 C:\\xampp\\htdocs\\language\\artisan(37): Illuminate\\Foundation\\Console\\Kernel->handle(Object(Symfony\\Component\\Console\\Input\\ArgvInput), Object(Symfony\\Component\\Console\\Output\\ConsoleOutput))
#30 {main}
"} 
[28-07-24 20:21:44] local.ERROR: SQLSTATE[HY000] [1049] Unknown database 'mydb4' (SQL: select * from information_schema.tables where table_schema = mydb4 and table_name = configs and table_type = 'BASE TABLE') {"exception":"[object] (Illuminate\\Database\\QueryException(code: 1049): SQLSTATE[HY000] [1049] Unknown database 'mydb4' (SQL: select * from information_schema.tables where table_schema = mydb4 and table_name = configs and table_type = 'BASE TABLE') at C:\\xampp\\htdocs\\language\\vendor\\laravel\\framework\\src\\Illuminate\\Database\\Connection.php:712)
[stacktrace]
#0 C:\\xampp\\htdocs\\language\\vendor\\laravel\\framework\\src\\Illuminate\\Database\\Connection.php(672): Illuminate\\Database\\Connection->runQueryCallback('select * from i...', Array, Object(Closure))
#1 C:\\xampp\\htdocs\\language\\vendor\\laravel\\framework\\src\\Illuminate\\Database\\Connection.php(376): Illuminate\\Database\\Connection->run('select * from i...', Array, Object(Closure))
#2 C:\\xampp\\htdocs\\language\\vendor\\laravel\\framework\\src\\Illuminate\\Database\\Schema\\MySqlBuilder.php(44): Illuminate\\Database\\Connection->select('select * from i...', Array)
#3 C:\\xampp\\htdocs\\language\\vendor\\laravel\\framework\\src\\Illuminate\\Support\\Facades\\Facade.php(261): Illuminate\\Database\\Schema\\MySqlBuilder->hasTable('configs')
#4 C:\\xampp\\htdocs\\language\\app\\Providers\\AppServiceProvider.php(80): Illuminate\\Support\\Facades\\Facade::__callStatic('hasTable', Array)
#5 C:\\xampp\\htdocs\\language\\vendor\\laravel\\framework\\src\\Illuminate\\Container\\BoundMethod.php(36): App\\Providers\\AppServiceProvider->boot()
#6 C:\\xampp\\htdocs\\language\\vendor\\laravel\\framework\\src\\Illuminate\\Container\\Util.php(40): Illuminate\\Container\\BoundMethod::Illuminate\\Container\\{closure}()
#7 C:\\xampp\\htdocs\\language\\vendor\\laravel\\framework\\src\\Illuminate\\Container\\BoundMethod.php(93): Illuminate\\Container\\Util::unwrapIfClosure(Object(Closure))
#8 C:\\xampp\\htdocs\\language\\vendor\\laravel\\framework\\src\\Illuminate\\Container\\BoundMethod.php(37): Illuminate\\Container\\BoundMethod::callBoundMethod(Object(Illuminate\\Foundation\\Application), Array, Object(Closure))
#9 C:\\xampp\\htdocs\\language\\vendor\\laravel\\framework\\src\\Illuminate\\Container\\Container.php(653): Illuminate\\Container\\BoundMethod::call(Object(Illuminate\\Foundation\\Application), Array, Array, NULL)
#10 C:\\xampp\\htdocs\\language\\vendor\\laravel\\framework\\src\\Illuminate\\Foundation\\Application.php(924): Illuminate\\Container\\Container->call(Array)
#11 C:\\xampp\\htdocs\\language\\vendor\\laravel\\framework\\src\\Illuminate\\Foundation\\Application.php(905): Illuminate\\Foundation\\Application->bootProvider(Object(App\\Providers\\AppServiceProvider))
#12 [internal function]: Illuminate\\Foundation\\Application->Illuminate\\Foundation\\{closure}(Object(App\\Providers\\AppServiceProvider), 58)
#13 C:\\xampp\\htdocs\\language\\vendor\\laravel\\framework\\src\\Illuminate\\Foundation\\Application.php(906): array_walk(Array, Object(Closure))
#14 C:\\xampp\\htdocs\\language\\vendor\\laravel\\framework\\src\\Illuminate\\Foundation\\Bootstrap\\BootProviders.php(17): Illuminate\\Foundation\\Application->boot()
#15 C:\\xampp\\htdocs\\language\\vendor\\laravel\\framework\\src\\Illuminate\\Foundation\\Application.php(237): Illuminate\\Foundation\\Bootstrap\\BootProviders->bootstrap(Object(Illuminate\\Foundation\\Application))
#16 C:\\xampp\\htdocs\\language\\vendor\\laravel\\framework\\src\\Illuminate\\Foundation\\Console\\Kernel.php(310): Illuminate\\Foundation\\Application->bootstrapWith(Array)
#17 C:\\xampp\\htdocs\\language\\vendor\\laravel\\framework\\src\\Illuminate\\Foundation\\Console\\Kernel.php(127): Illuminate\\Foundation\\Console\\Kernel->bootstrap()
#18 C:\\xampp\\htdocs\\language\\artisan(37): Illuminate\\Foundation\\Console\\Kernel->handle(Object(Symfony\\Component\\Console\\Input\\ArgvInput), Object(Symfony\\Component\\Console\\Output\\ConsoleOutput))
#19 {main}

[previous exception] [object] (Doctrine\\DBAL\\Driver\\PDO\\Exception(code: 1049): SQLSTATE[HY000] [1049] Unknown database 'mydb4' at C:\\xampp\\htdocs\\language\\vendor\\doctrine\\dbal\\lib\\Doctrine\\DBAL\\Driver\\PDO\\Exception.php:18)
[stacktrace]
#0 C:\\xampp\\htdocs\\language\\vendor\\doctrine\\dbal\\lib\\Doctrine\\DBAL\\Driver\\PDOConnection.php(42): Doctrine\\DBAL\\Driver\\PDO\\Exception::new(Object(PDOException))
#1 C:\\xampp\\htdocs\\language\\vendor\\laravel\\framework\\src\\Illuminate\\Database\\Connectors\\Connector.php(67): Doctrine\\DBAL\\Driver\\PDOConnection->__construct('mysql:host=loca...', 'root', '', Array)
#2 C:\\xampp\\htdocs\\language\\vendor\\laravel\\framework\\src\\Illuminate\\Database\\Connectors\\Connector.php(46): Illuminate\\Database\\Connectors\\Connector->createPdoConnection('mysql:host=loca...', 'root', '', Array)
#3 C:\\xampp\\htdocs\\language\\vendor\\laravel\\framework\\src\\Illuminate\\Database\\Connectors\\MySqlConnector.php(24): Illuminate\\Database\\Connectors\\Connector->createConnection('mysql:host=loca...', Array, Array)
#4 C:\\xampp\\htdocs\\language\\vendor\\laravel\\framework\\src\\Illuminate\\Database\\Connectors\\ConnectionFactory.php(184): Illuminate\\Database\\Connectors\\MySqlConnector->connect(Array)
#5 [internal function]: Illuminate\\Database\\Connectors\\ConnectionFactory->Illuminate\\Database\\Connectors\\{closure}()
#6 C:\\xampp\\htdocs\\language\\vendor\\laravel\\framework\\src\\Illuminate\\Database\\Connection.php(1064): call_user_func(Object(Closure))
#7 C:\\xampp\\htdocs\\language\\vendor\\laravel\\framework\\src\\Illuminate\\Database\\Connection.php(1100): Illuminate\\Database\\Connection->getPdo()
#8 C:\\xampp\\htdocs\\language\\vendor\\laravel\\framework\\src\\Illuminate\\Database\\Connection.php(442): Illuminate\\Database\\Connection->getReadPdo()
#9 C:\\xampp\\htdocs\\language\\vendor\\laravel\\framework\\src\\Illuminate\\Database\\Connection.php(368): Illuminate\\Database\\Connection->getPdoForSelect(true)
#10 C:\\xampp\\htdocs\\language\\vendor\\laravel\\framework\\src\\Illuminate\\Database\\Connection.php(705): Illuminate\\Database\\Connection->Illuminate\\Database\\{closure}('select * from i...', Array)
#11 C:\\xampp\\htdocs\\language\\vendor\\laravel\\framework\\src\\Illuminate\\Database\\Connection.php(672): Illuminate\\Database\\Connection->runQueryCallback('select * from i...', Array, Object(Closure))
#12 C:\\xampp\\htdocs\\language\\vendor\\laravel\\framework\\src\\Illuminate\\Database\\Connection.php(376): Illuminate\\Database\\Connection->run('select * from i...', Array, Object(Closure))
#13 C:\\xampp\\htdocs\\language\\vendor\\laravel\\framework\\src\\Illuminate\\Database\\Schema\\MySqlBuilder.php(44): Illuminate\\Database\\Connection->select('select * from i...', Array)
#14 C:\\xampp\\htdocs\\language\\vendor\\laravel\\framework\\src\\Illuminate\\Support\\Facades\\Facade.php(261): Illuminate\\Database\\Schema\\MySqlBuilder->hasTable('configs')
#15 C:\\xampp\\htdocs\\language\\app\\Providers\\AppServiceProvider.php(80): Illuminate\\Support\\Facades\\Facade::__callStatic('hasTable', Array)
#16 C:\\xampp\\htdocs\\language\\vendor\\laravel\\framework\\src\\Illuminate\\Container\\BoundMethod.php(36): App\\Providers\\AppServiceProvider->boot()
#17 C:\\xampp\\htdocs\\language\\vendor\\laravel\\framework\\src\\Illuminate\\Container\\Util.php(40): Illuminate\\Container\\BoundMethod::Illuminate\\Container\\{closure}()
#18 C:\\xampp\\htdocs\\language\\vendor\\laravel\\framework\\src\\Illuminate\\Container\\BoundMethod.php(93): Illuminate\\Container\\Util::unwrapIfClosure(Object(Closure))
#19 C:\\xampp\\htdocs\\language\\vendor\\laravel\\framework\\src\\Illuminate\\Container\\BoundMethod.php(37): Illuminate\\Container\\BoundMethod::callBoundMethod(Object(Illuminate\\Foundation\\Application), Array, Object(Closure))
#20 C:\\xampp\\htdocs\\language\\vendor\\laravel\\framework\\src\\Illuminate\\Container\\Container.php(653): Illuminate\\Container\\BoundMethod::call(Object(Illuminate\\Foundation\\Application), Array, Array, NULL)
#21 C:\\xampp\\htdocs\\language\\vendor\\laravel\\framework\\src\\Illuminate\\Foundation\\Application.php(924): Illuminate\\Container\\Container->call(Array)
#22 C:\\xampp\\htdocs\\language\\vendor\\laravel\\framework\\src\\Illuminate\\Foundation\\Application.php(905): Illuminate\\Foundation\\Application->bootProvider(Object(App\\Providers\\AppServiceProvider))
#23 [internal function]: Illuminate\\Foundation\\Application->Illuminate\\Foundation\\{closure}(Object(App\\Providers\\AppServiceProvider), 58)
#24 C:\\xampp\\htdocs\\language\\vendor\\laravel\\framework\\src\\Illuminate\\Foundation\\Application.php(906): array_walk(Array, Object(Closure))
#25 C:\\xampp\\htdocs\\language\\vendor\\laravel\\framework\\src\\Illuminate\\Foundation\\Bootstrap\\BootProviders.php(17): Illuminate\\Foundation\\Application->boot()
#26 C:\\xampp\\htdocs\\language\\vendor\\laravel\\framework\\src\\Illuminate\\Foundation\\Application.php(237): Illuminate\\Foundation\\Bootstrap\\BootProviders->bootstrap(Object(Illuminate\\Foundation\\Application))
#27 C:\\xampp\\htdocs\\language\\vendor\\laravel\\framework\\src\\Illuminate\\Foundation\\Console\\Kernel.php(310): Illuminate\\Foundation\\Application->bootstrapWith(Array)
#28 C:\\xampp\\htdocs\\language\\vendor\\laravel\\framework\\src\\Illuminate\\Foundation\\Console\\Kernel.php(127): Illuminate\\Foundation\\Console\\Kernel->bootstrap()
#29 C:\\xampp\\htdocs\\language\\artisan(37): Illuminate\\Foundation\\Console\\Kernel->handle(Object(Symfony\\Component\\Console\\Input\\ArgvInput), Object(Symfony\\Component\\Console\\Output\\ConsoleOutput))
#30 {main}

[previous exception] [object] (PDOException(code: 1049): SQLSTATE[HY000] [1049] Unknown database 'mydb4' at C:\\xampp\\htdocs\\language\\vendor\\doctrine\\dbal\\lib\\Doctrine\\DBAL\\Driver\\PDOConnection.php:38)
[stacktrace]
#0 C:\\xampp\\htdocs\\language\\vendor\\doctrine\\dbal\\lib\\Doctrine\\DBAL\\Driver\\PDOConnection.php(38): PDO->__construct('mysql:host=loca...', 'root', '', Array)
#1 C:\\xampp\\htdocs\\language\\vendor\\laravel\\framework\\src\\Illuminate\\Database\\Connectors\\Connector.php(67): Doctrine\\DBAL\\Driver\\PDOConnection->__construct('mysql:host=loca...', 'root', '', Array)
#2 C:\\xampp\\htdocs\\language\\vendor\\laravel\\framework\\src\\Illuminate\\Database\\Connectors\\Connector.php(46): Illuminate\\Database\\Connectors\\Connector->createPdoConnection('mysql:host=loca...', 'root', '', Array)
#3 C:\\xampp\\htdocs\\language\\vendor\\laravel\\framework\\src\\Illuminate\\Database\\Connectors\\MySqlConnector.php(24): Illuminate\\Database\\Connectors\\Connector->createConnection('mysql:host=loca...', Array, Array)
#4 C:\\xampp\\htdocs\\language\\vendor\\laravel\\framework\\src\\Illuminate\\Database\\Connectors\\ConnectionFactory.php(184): Illuminate\\Database\\Connectors\\MySqlConnector->connect(Array)
#5 [internal function]: Illuminate\\Database\\Connectors\\ConnectionFactory->Illuminate\\Database\\Connectors\\{closure}()
#6 C:\\xampp\\htdocs\\language\\vendor\\laravel\\framework\\src\\Illuminate\\Database\\Connection.php(1064): call_user_func(Object(Closure))
#7 C:\\xampp\\htdocs\\language\\vendor\\laravel\\framework\\src\\Illuminate\\Database\\Connection.php(1100): Illuminate\\Database\\Connection->getPdo()
#8 C:\\xampp\\htdocs\\language\\vendor\\laravel\\framework\\src\\Illuminate\\Database\\Connection.php(442): Illuminate\\Database\\Connection->getReadPdo()
#9 C:\\xampp\\htdocs\\language\\vendor\\laravel\\framework\\src\\Illuminate\\Database\\Connection.php(368): Illuminate\\Database\\Connection->getPdoForSelect(true)
#10 C:\\xampp\\htdocs\\language\\vendor\\laravel\\framework\\src\\Illuminate\\Database\\Connection.php(705): Illuminate\\Database\\Connection->Illuminate\\Database\\{closure}('select * from i...', Array)
#11 C:\\xampp\\htdocs\\language\\vendor\\laravel\\framework\\src\\Illuminate\\Database\\Connection.php(672): Illuminate\\Database\\Connection->runQueryCallback('select * from i...', Array, Object(Closure))
#12 C:\\xampp\\htdocs\\language\\vendor\\laravel\\framework\\src\\Illuminate\\Database\\Connection.php(376): Illuminate\\Database\\Connection->run('select * from i...', Array, Object(Closure))
#13 C:\\xampp\\htdocs\\language\\vendor\\laravel\\framework\\src\\Illuminate\\Database\\Schema\\MySqlBuilder.php(44): Illuminate\\Database\\Connection->select('select * from i...', Array)
#14 C:\\xampp\\htdocs\\language\\vendor\\laravel\\framework\\src\\Illuminate\\Support\\Facades\\Facade.php(261): Illuminate\\Database\\Schema\\MySqlBuilder->hasTable('configs')
#15 C:\\xampp\\htdocs\\language\\app\\Providers\\AppServiceProvider.php(80): Illuminate\\Support\\Facades\\Facade::__callStatic('hasTable', Array)
#16 C:\\xampp\\htdocs\\language\\vendor\\laravel\\framework\\src\\Illuminate\\Container\\BoundMethod.php(36): App\\Providers\\AppServiceProvider->boot()
#17 C:\\xampp\\htdocs\\language\\vendor\\laravel\\framework\\src\\Illuminate\\Container\\Util.php(40): Illuminate\\Container\\BoundMethod::Illuminate\\Container\\{closure}()
#18 C:\\xampp\\htdocs\\language\\vendor\\laravel\\framework\\src\\Illuminate\\Container\\BoundMethod.php(93): Illuminate\\Container\\Util::unwrapIfClosure(Object(Closure))
#19 C:\\xampp\\htdocs\\language\\vendor\\laravel\\framework\\src\\Illuminate\\Container\\BoundMethod.php(37): Illuminate\\Container\\BoundMethod::callBoundMethod(Object(Illuminate\\Foundation\\Application), Array, Object(Closure))
#20 C:\\xampp\\htdocs\\language\\vendor\\laravel\\framework\\src\\Illuminate\\Container\\Container.php(653): Illuminate\\Container\\BoundMethod::call(Object(Illuminate\\Foundation\\Application), Array, Array, NULL)
#21 C:\\xampp\\htdocs\\language\\vendor\\laravel\\framework\\src\\Illuminate\\Foundation\\Application.php(924): Illuminate\\Container\\Container->call(Array)
#22 C:\\xampp\\htdocs\\language\\vendor\\laravel\\framework\\src\\Illuminate\\Foundation\\Application.php(905): Illuminate\\Foundation\\Application->bootProvider(Object(App\\Providers\\AppServiceProvider))
#23 [internal function]: Illuminate\\Foundation\\Application->Illuminate\\Foundation\\{closure}(Object(App\\Providers\\AppServiceProvider), 58)
#24 C:\\xampp\\htdocs\\language\\vendor\\laravel\\framework\\src\\Illuminate\\Foundation\\Application.php(906): array_walk(Array, Object(Closure))
#25 C:\\xampp\\htdocs\\language\\vendor\\laravel\\framework\\src\\Illuminate\\Foundation\\Bootstrap\\BootProviders.php(17): Illuminate\\Foundation\\Application->boot()
#26 C:\\xampp\\htdocs\\language\\vendor\\laravel\\framework\\src\\Illuminate\\Foundation\\Application.php(237): Illuminate\\Foundation\\Bootstrap\\BootProviders->bootstrap(Object(Illuminate\\Foundation\\Application))
#27 C:\\xampp\\htdocs\\language\\vendor\\laravel\\framework\\src\\Illuminate\\Foundation\\Console\\Kernel.php(310): Illuminate\\Foundation\\Application->bootstrapWith(Array)
#28 C:\\xampp\\htdocs\\language\\vendor\\laravel\\framework\\src\\Illuminate\\Foundation\\Console\\Kernel.php(127): Illuminate\\Foundation\\Console\\Kernel->bootstrap()
#29 C:\\xampp\\htdocs\\language\\artisan(37): Illuminate\\Foundation\\Console\\Kernel->handle(Object(Symfony\\Component\\Console\\Input\\ArgvInput), Object(Symfony\\Component\\Console\\Output\\ConsoleOutput))
#30 {main}
"} 
[28-07-24 20:29:26] local.ERROR: SQLSTATE[HY000] [1049] Unknown database 'mydb4' (SQL: select * from information_schema.tables where table_schema = mydb4 and table_name = configs and table_type = 'BASE TABLE') {"exception":"[object] (Illuminate\\Database\\QueryException(code: 1049): SQLSTATE[HY000] [1049] Unknown database 'mydb4' (SQL: select * from information_schema.tables where table_schema = mydb4 and table_name = configs and table_type = 'BASE TABLE') at C:\\xampp\\htdocs\\language\\vendor\\laravel\\framework\\src\\Illuminate\\Database\\Connection.php:712)
[stacktrace]
#0 C:\\xampp\\htdocs\\language\\vendor\\laravel\\framework\\src\\Illuminate\\Database\\Connection.php(672): Illuminate\\Database\\Connection->runQueryCallback('select * from i...', Array, Object(Closure))
#1 C:\\xampp\\htdocs\\language\\vendor\\laravel\\framework\\src\\Illuminate\\Database\\Connection.php(376): Illuminate\\Database\\Connection->run('select * from i...', Array, Object(Closure))
#2 C:\\xampp\\htdocs\\language\\vendor\\laravel\\framework\\src\\Illuminate\\Database\\Schema\\MySqlBuilder.php(44): Illuminate\\Database\\Connection->select('select * from i...', Array)
#3 C:\\xampp\\htdocs\\language\\vendor\\laravel\\framework\\src\\Illuminate\\Support\\Facades\\Facade.php(261): Illuminate\\Database\\Schema\\MySqlBuilder->hasTable('configs')
#4 C:\\xampp\\htdocs\\language\\app\\Providers\\AppServiceProvider.php(80): Illuminate\\Support\\Facades\\Facade::__callStatic('hasTable', Array)
#5 C:\\xampp\\htdocs\\language\\vendor\\laravel\\framework\\src\\Illuminate\\Container\\BoundMethod.php(36): App\\Providers\\AppServiceProvider->boot()
#6 C:\\xampp\\htdocs\\language\\vendor\\laravel\\framework\\src\\Illuminate\\Container\\Util.php(40): Illuminate\\Container\\BoundMethod::Illuminate\\Container\\{closure}()
#7 C:\\xampp\\htdocs\\language\\vendor\\laravel\\framework\\src\\Illuminate\\Container\\BoundMethod.php(93): Illuminate\\Container\\Util::unwrapIfClosure(Object(Closure))
#8 C:\\xampp\\htdocs\\language\\vendor\\laravel\\framework\\src\\Illuminate\\Container\\BoundMethod.php(37): Illuminate\\Container\\BoundMethod::callBoundMethod(Object(Illuminate\\Foundation\\Application), Array, Object(Closure))
#9 C:\\xampp\\htdocs\\language\\vendor\\laravel\\framework\\src\\Illuminate\\Container\\Container.php(653): Illuminate\\Container\\BoundMethod::call(Object(Illuminate\\Foundation\\Application), Array, Array, NULL)
#10 C:\\xampp\\htdocs\\language\\vendor\\laravel\\framework\\src\\Illuminate\\Foundation\\Application.php(924): Illuminate\\Container\\Container->call(Array)
#11 C:\\xampp\\htdocs\\language\\vendor\\laravel\\framework\\src\\Illuminate\\Foundation\\Application.php(905): Illuminate\\Foundation\\Application->bootProvider(Object(App\\Providers\\AppServiceProvider))
#12 [internal function]: Illuminate\\Foundation\\Application->Illuminate\\Foundation\\{closure}(Object(App\\Providers\\AppServiceProvider), 58)
#13 C:\\xampp\\htdocs\\language\\vendor\\laravel\\framework\\src\\Illuminate\\Foundation\\Application.php(906): array_walk(Array, Object(Closure))
#14 C:\\xampp\\htdocs\\language\\vendor\\laravel\\framework\\src\\Illuminate\\Foundation\\Bootstrap\\BootProviders.php(17): Illuminate\\Foundation\\Application->boot()
#15 C:\\xampp\\htdocs\\language\\vendor\\laravel\\framework\\src\\Illuminate\\Foundation\\Application.php(237): Illuminate\\Foundation\\Bootstrap\\BootProviders->bootstrap(Object(Illuminate\\Foundation\\Application))
#16 C:\\xampp\\htdocs\\language\\vendor\\laravel\\framework\\src\\Illuminate\\Foundation\\Console\\Kernel.php(310): Illuminate\\Foundation\\Application->bootstrapWith(Array)
#17 C:\\xampp\\htdocs\\language\\vendor\\laravel\\framework\\src\\Illuminate\\Foundation\\Console\\Kernel.php(127): Illuminate\\Foundation\\Console\\Kernel->bootstrap()
#18 C:\\xampp\\htdocs\\language\\artisan(37): Illuminate\\Foundation\\Console\\Kernel->handle(Object(Symfony\\Component\\Console\\Input\\ArgvInput), Object(Symfony\\Component\\Console\\Output\\ConsoleOutput))
#19 {main}

[previous exception] [object] (Doctrine\\DBAL\\Driver\\PDO\\Exception(code: 1049): SQLSTATE[HY000] [1049] Unknown database 'mydb4' at C:\\xampp\\htdocs\\language\\vendor\\doctrine\\dbal\\lib\\Doctrine\\DBAL\\Driver\\PDO\\Exception.php:18)
[stacktrace]
#0 C:\\xampp\\htdocs\\language\\vendor\\doctrine\\dbal\\lib\\Doctrine\\DBAL\\Driver\\PDOConnection.php(42): Doctrine\\DBAL\\Driver\\PDO\\Exception::new(Object(PDOException))
#1 C:\\xampp\\htdocs\\language\\vendor\\laravel\\framework\\src\\Illuminate\\Database\\Connectors\\Connector.php(67): Doctrine\\DBAL\\Driver\\PDOConnection->__construct('mysql:host=loca...', 'root', '', Array)
#2 C:\\xampp\\htdocs\\language\\vendor\\laravel\\framework\\src\\Illuminate\\Database\\Connectors\\Connector.php(46): Illuminate\\Database\\Connectors\\Connector->createPdoConnection('mysql:host=loca...', 'root', '', Array)
#3 C:\\xampp\\htdocs\\language\\vendor\\laravel\\framework\\src\\Illuminate\\Database\\Connectors\\MySqlConnector.php(24): Illuminate\\Database\\Connectors\\Connector->createConnection('mysql:host=loca...', Array, Array)
#4 C:\\xampp\\htdocs\\language\\vendor\\laravel\\framework\\src\\Illuminate\\Database\\Connectors\\ConnectionFactory.php(184): Illuminate\\Database\\Connectors\\MySqlConnector->connect(Array)
#5 [internal function]: Illuminate\\Database\\Connectors\\ConnectionFactory->Illuminate\\Database\\Connectors\\{closure}()
#6 C:\\xampp\\htdocs\\language\\vendor\\laravel\\framework\\src\\Illuminate\\Database\\Connection.php(1064): call_user_func(Object(Closure))
#7 C:\\xampp\\htdocs\\language\\vendor\\laravel\\framework\\src\\Illuminate\\Database\\Connection.php(1100): Illuminate\\Database\\Connection->getPdo()
#8 C:\\xampp\\htdocs\\language\\vendor\\laravel\\framework\\src\\Illuminate\\Database\\Connection.php(442): Illuminate\\Database\\Connection->getReadPdo()
#9 C:\\xampp\\htdocs\\language\\vendor\\laravel\\framework\\src\\Illuminate\\Database\\Connection.php(368): Illuminate\\Database\\Connection->getPdoForSelect(true)
#10 C:\\xampp\\htdocs\\language\\vendor\\laravel\\framework\\src\\Illuminate\\Database\\Connection.php(705): Illuminate\\Database\\Connection->Illuminate\\Database\\{closure}('select * from i...', Array)
#11 C:\\xampp\\htdocs\\language\\vendor\\laravel\\framework\\src\\Illuminate\\Database\\Connection.php(672): Illuminate\\Database\\Connection->runQueryCallback('select * from i...', Array, Object(Closure))
#12 C:\\xampp\\htdocs\\language\\vendor\\laravel\\framework\\src\\Illuminate\\Database\\Connection.php(376): Illuminate\\Database\\Connection->run('select * from i...', Array, Object(Closure))
#13 C:\\xampp\\htdocs\\language\\vendor\\laravel\\framework\\src\\Illuminate\\Database\\Schema\\MySqlBuilder.php(44): Illuminate\\Database\\Connection->select('select * from i...', Array)
#14 C:\\xampp\\htdocs\\language\\vendor\\laravel\\framework\\src\\Illuminate\\Support\\Facades\\Facade.php(261): Illuminate\\Database\\Schema\\MySqlBuilder->hasTable('configs')
#15 C:\\xampp\\htdocs\\language\\app\\Providers\\AppServiceProvider.php(80): Illuminate\\Support\\Facades\\Facade::__callStatic('hasTable', Array)
#16 C:\\xampp\\htdocs\\language\\vendor\\laravel\\framework\\src\\Illuminate\\Container\\BoundMethod.php(36): App\\Providers\\AppServiceProvider->boot()
#17 C:\\xampp\\htdocs\\language\\vendor\\laravel\\framework\\src\\Illuminate\\Container\\Util.php(40): Illuminate\\Container\\BoundMethod::Illuminate\\Container\\{closure}()
#18 C:\\xampp\\htdocs\\language\\vendor\\laravel\\framework\\src\\Illuminate\\Container\\BoundMethod.php(93): Illuminate\\Container\\Util::unwrapIfClosure(Object(Closure))
#19 C:\\xampp\\htdocs\\language\\vendor\\laravel\\framework\\src\\Illuminate\\Container\\BoundMethod.php(37): Illuminate\\Container\\BoundMethod::callBoundMethod(Object(Illuminate\\Foundation\\Application), Array, Object(Closure))
#20 C:\\xampp\\htdocs\\language\\vendor\\laravel\\framework\\src\\Illuminate\\Container\\Container.php(653): Illuminate\\Container\\BoundMethod::call(Object(Illuminate\\Foundation\\Application), Array, Array, NULL)
#21 C:\\xampp\\htdocs\\language\\vendor\\laravel\\framework\\src\\Illuminate\\Foundation\\Application.php(924): Illuminate\\Container\\Container->call(Array)
#22 C:\\xampp\\htdocs\\language\\vendor\\laravel\\framework\\src\\Illuminate\\Foundation\\Application.php(905): Illuminate\\Foundation\\Application->bootProvider(Object(App\\Providers\\AppServiceProvider))
#23 [internal function]: Illuminate\\Foundation\\Application->Illuminate\\Foundation\\{closure}(Object(App\\Providers\\AppServiceProvider), 58)
#24 C:\\xampp\\htdocs\\language\\vendor\\laravel\\framework\\src\\Illuminate\\Foundation\\Application.php(906): array_walk(Array, Object(Closure))
#25 C:\\xampp\\htdocs\\language\\vendor\\laravel\\framework\\src\\Illuminate\\Foundation\\Bootstrap\\BootProviders.php(17): Illuminate\\Foundation\\Application->boot()
#26 C:\\xampp\\htdocs\\language\\vendor\\laravel\\framework\\src\\Illuminate\\Foundation\\Application.php(237): Illuminate\\Foundation\\Bootstrap\\BootProviders->bootstrap(Object(Illuminate\\Foundation\\Application))
#27 C:\\xampp\\htdocs\\language\\vendor\\laravel\\framework\\src\\Illuminate\\Foundation\\Console\\Kernel.php(310): Illuminate\\Foundation\\Application->bootstrapWith(Array)
#28 C:\\xampp\\htdocs\\language\\vendor\\laravel\\framework\\src\\Illuminate\\Foundation\\Console\\Kernel.php(127): Illuminate\\Foundation\\Console\\Kernel->bootstrap()
#29 C:\\xampp\\htdocs\\language\\artisan(37): Illuminate\\Foundation\\Console\\Kernel->handle(Object(Symfony\\Component\\Console\\Input\\ArgvInput), Object(Symfony\\Component\\Console\\Output\\ConsoleOutput))
#30 {main}

[previous exception] [object] (PDOException(code: 1049): SQLSTATE[HY000] [1049] Unknown database 'mydb4' at C:\\xampp\\htdocs\\language\\vendor\\doctrine\\dbal\\lib\\Doctrine\\DBAL\\Driver\\PDOConnection.php:38)
[stacktrace]
#0 C:\\xampp\\htdocs\\language\\vendor\\doctrine\\dbal\\lib\\Doctrine\\DBAL\\Driver\\PDOConnection.php(38): PDO->__construct('mysql:host=loca...', 'root', '', Array)
#1 C:\\xampp\\htdocs\\language\\vendor\\laravel\\framework\\src\\Illuminate\\Database\\Connectors\\Connector.php(67): Doctrine\\DBAL\\Driver\\PDOConnection->__construct('mysql:host=loca...', 'root', '', Array)
#2 C:\\xampp\\htdocs\\language\\vendor\\laravel\\framework\\src\\Illuminate\\Database\\Connectors\\Connector.php(46): Illuminate\\Database\\Connectors\\Connector->createPdoConnection('mysql:host=loca...', 'root', '', Array)
#3 C:\\xampp\\htdocs\\language\\vendor\\laravel\\framework\\src\\Illuminate\\Database\\Connectors\\MySqlConnector.php(24): Illuminate\\Database\\Connectors\\Connector->createConnection('mysql:host=loca...', Array, Array)
#4 C:\\xampp\\htdocs\\language\\vendor\\laravel\\framework\\src\\Illuminate\\Database\\Connectors\\ConnectionFactory.php(184): Illuminate\\Database\\Connectors\\MySqlConnector->connect(Array)
#5 [internal function]: Illuminate\\Database\\Connectors\\ConnectionFactory->Illuminate\\Database\\Connectors\\{closure}()
#6 C:\\xampp\\htdocs\\language\\vendor\\laravel\\framework\\src\\Illuminate\\Database\\Connection.php(1064): call_user_func(Object(Closure))
#7 C:\\xampp\\htdocs\\language\\vendor\\laravel\\framework\\src\\Illuminate\\Database\\Connection.php(1100): Illuminate\\Database\\Connection->getPdo()
#8 C:\\xampp\\htdocs\\language\\vendor\\laravel\\framework\\src\\Illuminate\\Database\\Connection.php(442): Illuminate\\Database\\Connection->getReadPdo()
#9 C:\\xampp\\htdocs\\language\\vendor\\laravel\\framework\\src\\Illuminate\\Database\\Connection.php(368): Illuminate\\Database\\Connection->getPdoForSelect(true)
#10 C:\\xampp\\htdocs\\language\\vendor\\laravel\\framework\\src\\Illuminate\\Database\\Connection.php(705): Illuminate\\Database\\Connection->Illuminate\\Database\\{closure}('select * from i...', Array)
#11 C:\\xampp\\htdocs\\language\\vendor\\laravel\\framework\\src\\Illuminate\\Database\\Connection.php(672): Illuminate\\Database\\Connection->runQueryCallback('select * from i...', Array, Object(Closure))
#12 C:\\xampp\\htdocs\\language\\vendor\\laravel\\framework\\src\\Illuminate\\Database\\Connection.php(376): Illuminate\\Database\\Connection->run('select * from i...', Array, Object(Closure))
#13 C:\\xampp\\htdocs\\language\\vendor\\laravel\\framework\\src\\Illuminate\\Database\\Schema\\MySqlBuilder.php(44): Illuminate\\Database\\Connection->select('select * from i...', Array)
#14 C:\\xampp\\htdocs\\language\\vendor\\laravel\\framework\\src\\Illuminate\\Support\\Facades\\Facade.php(261): Illuminate\\Database\\Schema\\MySqlBuilder->hasTable('configs')
#15 C:\\xampp\\htdocs\\language\\app\\Providers\\AppServiceProvider.php(80): Illuminate\\Support\\Facades\\Facade::__callStatic('hasTable', Array)
#16 C:\\xampp\\htdocs\\language\\vendor\\laravel\\framework\\src\\Illuminate\\Container\\BoundMethod.php(36): App\\Providers\\AppServiceProvider->boot()
#17 C:\\xampp\\htdocs\\language\\vendor\\laravel\\framework\\src\\Illuminate\\Container\\Util.php(40): Illuminate\\Container\\BoundMethod::Illuminate\\Container\\{closure}()
#18 C:\\xampp\\htdocs\\language\\vendor\\laravel\\framework\\src\\Illuminate\\Container\\BoundMethod.php(93): Illuminate\\Container\\Util::unwrapIfClosure(Object(Closure))
#19 C:\\xampp\\htdocs\\language\\vendor\\laravel\\framework\\src\\Illuminate\\Container\\BoundMethod.php(37): Illuminate\\Container\\BoundMethod::callBoundMethod(Object(Illuminate\\Foundation\\Application), Array, Object(Closure))
#20 C:\\xampp\\htdocs\\language\\vendor\\laravel\\framework\\src\\Illuminate\\Container\\Container.php(653): Illuminate\\Container\\BoundMethod::call(Object(Illuminate\\Foundation\\Application), Array, Array, NULL)
#21 C:\\xampp\\htdocs\\language\\vendor\\laravel\\framework\\src\\Illuminate\\Foundation\\Application.php(924): Illuminate\\Container\\Container->call(Array)
#22 C:\\xampp\\htdocs\\language\\vendor\\laravel\\framework\\src\\Illuminate\\Foundation\\Application.php(905): Illuminate\\Foundation\\Application->bootProvider(Object(App\\Providers\\AppServiceProvider))
#23 [internal function]: Illuminate\\Foundation\\Application->Illuminate\\Foundation\\{closure}(Object(App\\Providers\\AppServiceProvider), 58)
#24 C:\\xampp\\htdocs\\language\\vendor\\laravel\\framework\\src\\Illuminate\\Foundation\\Application.php(906): array_walk(Array, Object(Closure))
#25 C:\\xampp\\htdocs\\language\\vendor\\laravel\\framework\\src\\Illuminate\\Foundation\\Bootstrap\\BootProviders.php(17): Illuminate\\Foundation\\Application->boot()
#26 C:\\xampp\\htdocs\\language\\vendor\\laravel\\framework\\src\\Illuminate\\Foundation\\Application.php(237): Illuminate\\Foundation\\Bootstrap\\BootProviders->bootstrap(Object(Illuminate\\Foundation\\Application))
#27 C:\\xampp\\htdocs\\language\\vendor\\laravel\\framework\\src\\Illuminate\\Foundation\\Console\\Kernel.php(310): Illuminate\\Foundation\\Application->bootstrapWith(Array)
#28 C:\\xampp\\htdocs\\language\\vendor\\laravel\\framework\\src\\Illuminate\\Foundation\\Console\\Kernel.php(127): Illuminate\\Foundation\\Console\\Kernel->bootstrap()
#29 C:\\xampp\\htdocs\\language\\artisan(37): Illuminate\\Foundation\\Console\\Kernel->handle(Object(Symfony\\Component\\Console\\Input\\ArgvInput), Object(Symfony\\Component\\Console\\Output\\ConsoleOutput))
#30 {main}
"} 
[28-07-24 20:31:22] local.ERROR: SQLSTATE[HY000] [1049] Unknown database 'mydb4' (SQL: select * from information_schema.tables where table_schema = mydb4 and table_name = configs and table_type = 'BASE TABLE') {"exception":"[object] (Illuminate\\Database\\QueryException(code: 1049): SQLSTATE[HY000] [1049] Unknown database 'mydb4' (SQL: select * from information_schema.tables where table_schema = mydb4 and table_name = configs and table_type = 'BASE TABLE') at C:\\xampp\\htdocs\\language\\vendor\\laravel\\framework\\src\\Illuminate\\Database\\Connection.php:712)
[stacktrace]
#0 C:\\xampp\\htdocs\\language\\vendor\\laravel\\framework\\src\\Illuminate\\Database\\Connection.php(672): Illuminate\\Database\\Connection->runQueryCallback('select * from i...', Array, Object(Closure))
#1 C:\\xampp\\htdocs\\language\\vendor\\laravel\\framework\\src\\Illuminate\\Database\\Connection.php(376): Illuminate\\Database\\Connection->run('select * from i...', Array, Object(Closure))
#2 C:\\xampp\\htdocs\\language\\vendor\\laravel\\framework\\src\\Illuminate\\Database\\Schema\\MySqlBuilder.php(44): Illuminate\\Database\\Connection->select('select * from i...', Array)
#3 C:\\xampp\\htdocs\\language\\vendor\\laravel\\framework\\src\\Illuminate\\Support\\Facades\\Facade.php(261): Illuminate\\Database\\Schema\\MySqlBuilder->hasTable('configs')
#4 C:\\xampp\\htdocs\\language\\app\\Providers\\AppServiceProvider.php(80): Illuminate\\Support\\Facades\\Facade::__callStatic('hasTable', Array)
#5 C:\\xampp\\htdocs\\language\\vendor\\laravel\\framework\\src\\Illuminate\\Container\\BoundMethod.php(36): App\\Providers\\AppServiceProvider->boot()
#6 C:\\xampp\\htdocs\\language\\vendor\\laravel\\framework\\src\\Illuminate\\Container\\Util.php(40): Illuminate\\Container\\BoundMethod::Illuminate\\Container\\{closure}()
#7 C:\\xampp\\htdocs\\language\\vendor\\laravel\\framework\\src\\Illuminate\\Container\\BoundMethod.php(93): Illuminate\\Container\\Util::unwrapIfClosure(Object(Closure))
#8 C:\\xampp\\htdocs\\language\\vendor\\laravel\\framework\\src\\Illuminate\\Container\\BoundMethod.php(37): Illuminate\\Container\\BoundMethod::callBoundMethod(Object(Illuminate\\Foundation\\Application), Array, Object(Closure))
#9 C:\\xampp\\htdocs\\language\\vendor\\laravel\\framework\\src\\Illuminate\\Container\\Container.php(653): Illuminate\\Container\\BoundMethod::call(Object(Illuminate\\Foundation\\Application), Array, Array, NULL)
#10 C:\\xampp\\htdocs\\language\\vendor\\laravel\\framework\\src\\Illuminate\\Foundation\\Application.php(924): Illuminate\\Container\\Container->call(Array)
#11 C:\\xampp\\htdocs\\language\\vendor\\laravel\\framework\\src\\Illuminate\\Foundation\\Application.php(905): Illuminate\\Foundation\\Application->bootProvider(Object(App\\Providers\\AppServiceProvider))
#12 [internal function]: Illuminate\\Foundation\\Application->Illuminate\\Foundation\\{closure}(Object(App\\Providers\\AppServiceProvider), 58)
#13 C:\\xampp\\htdocs\\language\\vendor\\laravel\\framework\\src\\Illuminate\\Foundation\\Application.php(906): array_walk(Array, Object(Closure))
#14 C:\\xampp\\htdocs\\language\\vendor\\laravel\\framework\\src\\Illuminate\\Foundation\\Bootstrap\\BootProviders.php(17): Illuminate\\Foundation\\Application->boot()
#15 C:\\xampp\\htdocs\\language\\vendor\\laravel\\framework\\src\\Illuminate\\Foundation\\Application.php(237): Illuminate\\Foundation\\Bootstrap\\BootProviders->bootstrap(Object(Illuminate\\Foundation\\Application))
#16 C:\\xampp\\htdocs\\language\\vendor\\laravel\\framework\\src\\Illuminate\\Foundation\\Console\\Kernel.php(310): Illuminate\\Foundation\\Application->bootstrapWith(Array)
#17 C:\\xampp\\htdocs\\language\\vendor\\laravel\\framework\\src\\Illuminate\\Foundation\\Console\\Kernel.php(127): Illuminate\\Foundation\\Console\\Kernel->bootstrap()
#18 C:\\xampp\\htdocs\\language\\artisan(37): Illuminate\\Foundation\\Console\\Kernel->handle(Object(Symfony\\Component\\Console\\Input\\ArgvInput), Object(Symfony\\Component\\Console\\Output\\ConsoleOutput))
#19 {main}

[previous exception] [object] (Doctrine\\DBAL\\Driver\\PDO\\Exception(code: 1049): SQLSTATE[HY000] [1049] Unknown database 'mydb4' at C:\\xampp\\htdocs\\language\\vendor\\doctrine\\dbal\\lib\\Doctrine\\DBAL\\Driver\\PDO\\Exception.php:18)
[stacktrace]
#0 C:\\xampp\\htdocs\\language\\vendor\\doctrine\\dbal\\lib\\Doctrine\\DBAL\\Driver\\PDOConnection.php(42): Doctrine\\DBAL\\Driver\\PDO\\Exception::new(Object(PDOException))
#1 C:\\xampp\\htdocs\\language\\vendor\\laravel\\framework\\src\\Illuminate\\Database\\Connectors\\Connector.php(67): Doctrine\\DBAL\\Driver\\PDOConnection->__construct('mysql:host=loca...', 'root', '', Array)
#2 C:\\xampp\\htdocs\\language\\vendor\\laravel\\framework\\src\\Illuminate\\Database\\Connectors\\Connector.php(46): Illuminate\\Database\\Connectors\\Connector->createPdoConnection('mysql:host=loca...', 'root', '', Array)
#3 C:\\xampp\\htdocs\\language\\vendor\\laravel\\framework\\src\\Illuminate\\Database\\Connectors\\MySqlConnector.php(24): Illuminate\\Database\\Connectors\\Connector->createConnection('mysql:host=loca...', Array, Array)
#4 C:\\xampp\\htdocs\\language\\vendor\\laravel\\framework\\src\\Illuminate\\Database\\Connectors\\ConnectionFactory.php(184): Illuminate\\Database\\Connectors\\MySqlConnector->connect(Array)
#5 [internal function]: Illuminate\\Database\\Connectors\\ConnectionFactory->Illuminate\\Database\\Connectors\\{closure}()
#6 C:\\xampp\\htdocs\\language\\vendor\\laravel\\framework\\src\\Illuminate\\Database\\Connection.php(1064): call_user_func(Object(Closure))
#7 C:\\xampp\\htdocs\\language\\vendor\\laravel\\framework\\src\\Illuminate\\Database\\Connection.php(1100): Illuminate\\Database\\Connection->getPdo()
#8 C:\\xampp\\htdocs\\language\\vendor\\laravel\\framework\\src\\Illuminate\\Database\\Connection.php(442): Illuminate\\Database\\Connection->getReadPdo()
#9 C:\\xampp\\htdocs\\language\\vendor\\laravel\\framework\\src\\Illuminate\\Database\\Connection.php(368): Illuminate\\Database\\Connection->getPdoForSelect(true)
#10 C:\\xampp\\htdocs\\language\\vendor\\laravel\\framework\\src\\Illuminate\\Database\\Connection.php(705): Illuminate\\Database\\Connection->Illuminate\\Database\\{closure}('select * from i...', Array)
#11 C:\\xampp\\htdocs\\language\\vendor\\laravel\\framework\\src\\Illuminate\\Database\\Connection.php(672): Illuminate\\Database\\Connection->runQueryCallback('select * from i...', Array, Object(Closure))
#12 C:\\xampp\\htdocs\\language\\vendor\\laravel\\framework\\src\\Illuminate\\Database\\Connection.php(376): Illuminate\\Database\\Connection->run('select * from i...', Array, Object(Closure))
#13 C:\\xampp\\htdocs\\language\\vendor\\laravel\\framework\\src\\Illuminate\\Database\\Schema\\MySqlBuilder.php(44): Illuminate\\Database\\Connection->select('select * from i...', Array)
#14 C:\\xampp\\htdocs\\language\\vendor\\laravel\\framework\\src\\Illuminate\\Support\\Facades\\Facade.php(261): Illuminate\\Database\\Schema\\MySqlBuilder->hasTable('configs')
#15 C:\\xampp\\htdocs\\language\\app\\Providers\\AppServiceProvider.php(80): Illuminate\\Support\\Facades\\Facade::__callStatic('hasTable', Array)
#16 C:\\xampp\\htdocs\\language\\vendor\\laravel\\framework\\src\\Illuminate\\Container\\BoundMethod.php(36): App\\Providers\\AppServiceProvider->boot()
#17 C:\\xampp\\htdocs\\language\\vendor\\laravel\\framework\\src\\Illuminate\\Container\\Util.php(40): Illuminate\\Container\\BoundMethod::Illuminate\\Container\\{closure}()
#18 C:\\xampp\\htdocs\\language\\vendor\\laravel\\framework\\src\\Illuminate\\Container\\BoundMethod.php(93): Illuminate\\Container\\Util::unwrapIfClosure(Object(Closure))
#19 C:\\xampp\\htdocs\\language\\vendor\\laravel\\framework\\src\\Illuminate\\Container\\BoundMethod.php(37): Illuminate\\Container\\BoundMethod::callBoundMethod(Object(Illuminate\\Foundation\\Application), Array, Object(Closure))
#20 C:\\xampp\\htdocs\\language\\vendor\\laravel\\framework\\src\\Illuminate\\Container\\Container.php(653): Illuminate\\Container\\BoundMethod::call(Object(Illuminate\\Foundation\\Application), Array, Array, NULL)
#21 C:\\xampp\\htdocs\\language\\vendor\\laravel\\framework\\src\\Illuminate\\Foundation\\Application.php(924): Illuminate\\Container\\Container->call(Array)
#22 C:\\xampp\\htdocs\\language\\vendor\\laravel\\framework\\src\\Illuminate\\Foundation\\Application.php(905): Illuminate\\Foundation\\Application->bootProvider(Object(App\\Providers\\AppServiceProvider))
#23 [internal function]: Illuminate\\Foundation\\Application->Illuminate\\Foundation\\{closure}(Object(App\\Providers\\AppServiceProvider), 58)
#24 C:\\xampp\\htdocs\\language\\vendor\\laravel\\framework\\src\\Illuminate\\Foundation\\Application.php(906): array_walk(Array, Object(Closure))
#25 C:\\xampp\\htdocs\\language\\vendor\\laravel\\framework\\src\\Illuminate\\Foundation\\Bootstrap\\BootProviders.php(17): Illuminate\\Foundation\\Application->boot()
#26 C:\\xampp\\htdocs\\language\\vendor\\laravel\\framework\\src\\Illuminate\\Foundation\\Application.php(237): Illuminate\\Foundation\\Bootstrap\\BootProviders->bootstrap(Object(Illuminate\\Foundation\\Application))
#27 C:\\xampp\\htdocs\\language\\vendor\\laravel\\framework\\src\\Illuminate\\Foundation\\Console\\Kernel.php(310): Illuminate\\Foundation\\Application->bootstrapWith(Array)
#28 C:\\xampp\\htdocs\\language\\vendor\\laravel\\framework\\src\\Illuminate\\Foundation\\Console\\Kernel.php(127): Illuminate\\Foundation\\Console\\Kernel->bootstrap()
#29 C:\\xampp\\htdocs\\language\\artisan(37): Illuminate\\Foundation\\Console\\Kernel->handle(Object(Symfony\\Component\\Console\\Input\\ArgvInput), Object(Symfony\\Component\\Console\\Output\\ConsoleOutput))
#30 {main}

[previous exception] [object] (PDOException(code: 1049): SQLSTATE[HY000] [1049] Unknown database 'mydb4' at C:\\xampp\\htdocs\\language\\vendor\\doctrine\\dbal\\lib\\Doctrine\\DBAL\\Driver\\PDOConnection.php:38)
[stacktrace]
#0 C:\\xampp\\htdocs\\language\\vendor\\doctrine\\dbal\\lib\\Doctrine\\DBAL\\Driver\\PDOConnection.php(38): PDO->__construct('mysql:host=loca...', 'root', '', Array)
#1 C:\\xampp\\htdocs\\language\\vendor\\laravel\\framework\\src\\Illuminate\\Database\\Connectors\\Connector.php(67): Doctrine\\DBAL\\Driver\\PDOConnection->__construct('mysql:host=loca...', 'root', '', Array)
#2 C:\\xampp\\htdocs\\language\\vendor\\laravel\\framework\\src\\Illuminate\\Database\\Connectors\\Connector.php(46): Illuminate\\Database\\Connectors\\Connector->createPdoConnection('mysql:host=loca...', 'root', '', Array)
#3 C:\\xampp\\htdocs\\language\\vendor\\laravel\\framework\\src\\Illuminate\\Database\\Connectors\\MySqlConnector.php(24): Illuminate\\Database\\Connectors\\Connector->createConnection('mysql:host=loca...', Array, Array)
#4 C:\\xampp\\htdocs\\language\\vendor\\laravel\\framework\\src\\Illuminate\\Database\\Connectors\\ConnectionFactory.php(184): Illuminate\\Database\\Connectors\\MySqlConnector->connect(Array)
#5 [internal function]: Illuminate\\Database\\Connectors\\ConnectionFactory->Illuminate\\Database\\Connectors\\{closure}()
#6 C:\\xampp\\htdocs\\language\\vendor\\laravel\\framework\\src\\Illuminate\\Database\\Connection.php(1064): call_user_func(Object(Closure))
#7 C:\\xampp\\htdocs\\language\\vendor\\laravel\\framework\\src\\Illuminate\\Database\\Connection.php(1100): Illuminate\\Database\\Connection->getPdo()
#8 C:\\xampp\\htdocs\\language\\vendor\\laravel\\framework\\src\\Illuminate\\Database\\Connection.php(442): Illuminate\\Database\\Connection->getReadPdo()
#9 C:\\xampp\\htdocs\\language\\vendor\\laravel\\framework\\src\\Illuminate\\Database\\Connection.php(368): Illuminate\\Database\\Connection->getPdoForSelect(true)
#10 C:\\xampp\\htdocs\\language\\vendor\\laravel\\framework\\src\\Illuminate\\Database\\Connection.php(705): Illuminate\\Database\\Connection->Illuminate\\Database\\{closure}('select * from i...', Array)
#11 C:\\xampp\\htdocs\\language\\vendor\\laravel\\framework\\src\\Illuminate\\Database\\Connection.php(672): Illuminate\\Database\\Connection->runQueryCallback('select * from i...', Array, Object(Closure))
#12 C:\\xampp\\htdocs\\language\\vendor\\laravel\\framework\\src\\Illuminate\\Database\\Connection.php(376): Illuminate\\Database\\Connection->run('select * from i...', Array, Object(Closure))
#13 C:\\xampp\\htdocs\\language\\vendor\\laravel\\framework\\src\\Illuminate\\Database\\Schema\\MySqlBuilder.php(44): Illuminate\\Database\\Connection->select('select * from i...', Array)
#14 C:\\xampp\\htdocs\\language\\vendor\\laravel\\framework\\src\\Illuminate\\Support\\Facades\\Facade.php(261): Illuminate\\Database\\Schema\\MySqlBuilder->hasTable('configs')
#15 C:\\xampp\\htdocs\\language\\app\\Providers\\AppServiceProvider.php(80): Illuminate\\Support\\Facades\\Facade::__callStatic('hasTable', Array)
#16 C:\\xampp\\htdocs\\language\\vendor\\laravel\\framework\\src\\Illuminate\\Container\\BoundMethod.php(36): App\\Providers\\AppServiceProvider->boot()
#17 C:\\xampp\\htdocs\\language\\vendor\\laravel\\framework\\src\\Illuminate\\Container\\Util.php(40): Illuminate\\Container\\BoundMethod::Illuminate\\Container\\{closure}()
#18 C:\\xampp\\htdocs\\language\\vendor\\laravel\\framework\\src\\Illuminate\\Container\\BoundMethod.php(93): Illuminate\\Container\\Util::unwrapIfClosure(Object(Closure))
#19 C:\\xampp\\htdocs\\language\\vendor\\laravel\\framework\\src\\Illuminate\\Container\\BoundMethod.php(37): Illuminate\\Container\\BoundMethod::callBoundMethod(Object(Illuminate\\Foundation\\Application), Array, Object(Closure))
#20 C:\\xampp\\htdocs\\language\\vendor\\laravel\\framework\\src\\Illuminate\\Container\\Container.php(653): Illuminate\\Container\\BoundMethod::call(Object(Illuminate\\Foundation\\Application), Array, Array, NULL)
#21 C:\\xampp\\htdocs\\language\\vendor\\laravel\\framework\\src\\Illuminate\\Foundation\\Application.php(924): Illuminate\\Container\\Container->call(Array)
#22 C:\\xampp\\htdocs\\language\\vendor\\laravel\\framework\\src\\Illuminate\\Foundation\\Application.php(905): Illuminate\\Foundation\\Application->bootProvider(Object(App\\Providers\\AppServiceProvider))
#23 [internal function]: Illuminate\\Foundation\\Application->Illuminate\\Foundation\\{closure}(Object(App\\Providers\\AppServiceProvider), 58)
#24 C:\\xampp\\htdocs\\language\\vendor\\laravel\\framework\\src\\Illuminate\\Foundation\\Application.php(906): array_walk(Array, Object(Closure))
#25 C:\\xampp\\htdocs\\language\\vendor\\laravel\\framework\\src\\Illuminate\\Foundation\\Bootstrap\\BootProviders.php(17): Illuminate\\Foundation\\Application->boot()
#26 C:\\xampp\\htdocs\\language\\vendor\\laravel\\framework\\src\\Illuminate\\Foundation\\Application.php(237): Illuminate\\Foundation\\Bootstrap\\BootProviders->bootstrap(Object(Illuminate\\Foundation\\Application))
#27 C:\\xampp\\htdocs\\language\\vendor\\laravel\\framework\\src\\Illuminate\\Foundation\\Console\\Kernel.php(310): Illuminate\\Foundation\\Application->bootstrapWith(Array)
#28 C:\\xampp\\htdocs\\language\\vendor\\laravel\\framework\\src\\Illuminate\\Foundation\\Console\\Kernel.php(127): Illuminate\\Foundation\\Console\\Kernel->bootstrap()
#29 C:\\xampp\\htdocs\\language\\artisan(37): Illuminate\\Foundation\\Console\\Kernel->handle(Object(Symfony\\Component\\Console\\Input\\ArgvInput), Object(Symfony\\Component\\Console\\Output\\ConsoleOutput))
#30 {main}
"} 
[28-07-24 20:31:23] local.ERROR: SQLSTATE[HY000] [1049] Unknown database 'mydb4' (SQL: select * from information_schema.tables where table_schema = mydb4 and table_name = configs and table_type = 'BASE TABLE') {"exception":"[object] (Illuminate\\Database\\QueryException(code: 1049): SQLSTATE[HY000] [1049] Unknown database 'mydb4' (SQL: select * from information_schema.tables where table_schema = mydb4 and table_name = configs and table_type = 'BASE TABLE') at C:\\xampp\\htdocs\\language\\vendor\\laravel\\framework\\src\\Illuminate\\Database\\Connection.php:712)
[stacktrace]
#0 C:\\xampp\\htdocs\\language\\vendor\\laravel\\framework\\src\\Illuminate\\Database\\Connection.php(672): Illuminate\\Database\\Connection->runQueryCallback('select * from i...', Array, Object(Closure))
#1 C:\\xampp\\htdocs\\language\\vendor\\laravel\\framework\\src\\Illuminate\\Database\\Connection.php(376): Illuminate\\Database\\Connection->run('select * from i...', Array, Object(Closure))
#2 C:\\xampp\\htdocs\\language\\vendor\\laravel\\framework\\src\\Illuminate\\Database\\Schema\\MySqlBuilder.php(44): Illuminate\\Database\\Connection->select('select * from i...', Array)
#3 C:\\xampp\\htdocs\\language\\vendor\\laravel\\framework\\src\\Illuminate\\Support\\Facades\\Facade.php(261): Illuminate\\Database\\Schema\\MySqlBuilder->hasTable('configs')
#4 C:\\xampp\\htdocs\\language\\app\\Providers\\AppServiceProvider.php(80): Illuminate\\Support\\Facades\\Facade::__callStatic('hasTable', Array)
#5 C:\\xampp\\htdocs\\language\\vendor\\laravel\\framework\\src\\Illuminate\\Container\\BoundMethod.php(36): App\\Providers\\AppServiceProvider->boot()
#6 C:\\xampp\\htdocs\\language\\vendor\\laravel\\framework\\src\\Illuminate\\Container\\Util.php(40): Illuminate\\Container\\BoundMethod::Illuminate\\Container\\{closure}()
#7 C:\\xampp\\htdocs\\language\\vendor\\laravel\\framework\\src\\Illuminate\\Container\\BoundMethod.php(93): Illuminate\\Container\\Util::unwrapIfClosure(Object(Closure))
#8 C:\\xampp\\htdocs\\language\\vendor\\laravel\\framework\\src\\Illuminate\\Container\\BoundMethod.php(37): Illuminate\\Container\\BoundMethod::callBoundMethod(Object(Illuminate\\Foundation\\Application), Array, Object(Closure))
#9 C:\\xampp\\htdocs\\language\\vendor\\laravel\\framework\\src\\Illuminate\\Container\\Container.php(653): Illuminate\\Container\\BoundMethod::call(Object(Illuminate\\Foundation\\Application), Array, Array, NULL)
#10 C:\\xampp\\htdocs\\language\\vendor\\laravel\\framework\\src\\Illuminate\\Foundation\\Application.php(924): Illuminate\\Container\\Container->call(Array)
#11 C:\\xampp\\htdocs\\language\\vendor\\laravel\\framework\\src\\Illuminate\\Foundation\\Application.php(905): Illuminate\\Foundation\\Application->bootProvider(Object(App\\Providers\\AppServiceProvider))
#12 [internal function]: Illuminate\\Foundation\\Application->Illuminate\\Foundation\\{closure}(Object(App\\Providers\\AppServiceProvider), 58)
#13 C:\\xampp\\htdocs\\language\\vendor\\laravel\\framework\\src\\Illuminate\\Foundation\\Application.php(906): array_walk(Array, Object(Closure))
#14 C:\\xampp\\htdocs\\language\\vendor\\laravel\\framework\\src\\Illuminate\\Foundation\\Bootstrap\\BootProviders.php(17): Illuminate\\Foundation\\Application->boot()
#15 C:\\xampp\\htdocs\\language\\vendor\\laravel\\framework\\src\\Illuminate\\Foundation\\Application.php(237): Illuminate\\Foundation\\Bootstrap\\BootProviders->bootstrap(Object(Illuminate\\Foundation\\Application))
#16 C:\\xampp\\htdocs\\language\\vendor\\laravel\\framework\\src\\Illuminate\\Foundation\\Console\\Kernel.php(310): Illuminate\\Foundation\\Application->bootstrapWith(Array)
#17 C:\\xampp\\htdocs\\language\\vendor\\laravel\\framework\\src\\Illuminate\\Foundation\\Console\\Kernel.php(127): Illuminate\\Foundation\\Console\\Kernel->bootstrap()
#18 C:\\xampp\\htdocs\\language\\artisan(37): Illuminate\\Foundation\\Console\\Kernel->handle(Object(Symfony\\Component\\Console\\Input\\ArgvInput), Object(Symfony\\Component\\Console\\Output\\ConsoleOutput))
#19 {main}

[previous exception] [object] (Doctrine\\DBAL\\Driver\\PDO\\Exception(code: 1049): SQLSTATE[HY000] [1049] Unknown database 'mydb4' at C:\\xampp\\htdocs\\language\\vendor\\doctrine\\dbal\\lib\\Doctrine\\DBAL\\Driver\\PDO\\Exception.php:18)
[stacktrace]
#0 C:\\xampp\\htdocs\\language\\vendor\\doctrine\\dbal\\lib\\Doctrine\\DBAL\\Driver\\PDOConnection.php(42): Doctrine\\DBAL\\Driver\\PDO\\Exception::new(Object(PDOException))
#1 C:\\xampp\\htdocs\\language\\vendor\\laravel\\framework\\src\\Illuminate\\Database\\Connectors\\Connector.php(67): Doctrine\\DBAL\\Driver\\PDOConnection->__construct('mysql:host=loca...', 'root', '', Array)
#2 C:\\xampp\\htdocs\\language\\vendor\\laravel\\framework\\src\\Illuminate\\Database\\Connectors\\Connector.php(46): Illuminate\\Database\\Connectors\\Connector->createPdoConnection('mysql:host=loca...', 'root', '', Array)
#3 C:\\xampp\\htdocs\\language\\vendor\\laravel\\framework\\src\\Illuminate\\Database\\Connectors\\MySqlConnector.php(24): Illuminate\\Database\\Connectors\\Connector->createConnection('mysql:host=loca...', Array, Array)
#4 C:\\xampp\\htdocs\\language\\vendor\\laravel\\framework\\src\\Illuminate\\Database\\Connectors\\ConnectionFactory.php(184): Illuminate\\Database\\Connectors\\MySqlConnector->connect(Array)
#5 [internal function]: Illuminate\\Database\\Connectors\\ConnectionFactory->Illuminate\\Database\\Connectors\\{closure}()
#6 C:\\xampp\\htdocs\\language\\vendor\\laravel\\framework\\src\\Illuminate\\Database\\Connection.php(1064): call_user_func(Object(Closure))
#7 C:\\xampp\\htdocs\\language\\vendor\\laravel\\framework\\src\\Illuminate\\Database\\Connection.php(1100): Illuminate\\Database\\Connection->getPdo()
#8 C:\\xampp\\htdocs\\language\\vendor\\laravel\\framework\\src\\Illuminate\\Database\\Connection.php(442): Illuminate\\Database\\Connection->getReadPdo()
#9 C:\\xampp\\htdocs\\language\\vendor\\laravel\\framework\\src\\Illuminate\\Database\\Connection.php(368): Illuminate\\Database\\Connection->getPdoForSelect(true)
#10 C:\\xampp\\htdocs\\language\\vendor\\laravel\\framework\\src\\Illuminate\\Database\\Connection.php(705): Illuminate\\Database\\Connection->Illuminate\\Database\\{closure}('select * from i...', Array)
#11 C:\\xampp\\htdocs\\language\\vendor\\laravel\\framework\\src\\Illuminate\\Database\\Connection.php(672): Illuminate\\Database\\Connection->runQueryCallback('select * from i...', Array, Object(Closure))
#12 C:\\xampp\\htdocs\\language\\vendor\\laravel\\framework\\src\\Illuminate\\Database\\Connection.php(376): Illuminate\\Database\\Connection->run('select * from i...', Array, Object(Closure))
#13 C:\\xampp\\htdocs\\language\\vendor\\laravel\\framework\\src\\Illuminate\\Database\\Schema\\MySqlBuilder.php(44): Illuminate\\Database\\Connection->select('select * from i...', Array)
#14 C:\\xampp\\htdocs\\language\\vendor\\laravel\\framework\\src\\Illuminate\\Support\\Facades\\Facade.php(261): Illuminate\\Database\\Schema\\MySqlBuilder->hasTable('configs')
#15 C:\\xampp\\htdocs\\language\\app\\Providers\\AppServiceProvider.php(80): Illuminate\\Support\\Facades\\Facade::__callStatic('hasTable', Array)
#16 C:\\xampp\\htdocs\\language\\vendor\\laravel\\framework\\src\\Illuminate\\Container\\BoundMethod.php(36): App\\Providers\\AppServiceProvider->boot()
#17 C:\\xampp\\htdocs\\language\\vendor\\laravel\\framework\\src\\Illuminate\\Container\\Util.php(40): Illuminate\\Container\\BoundMethod::Illuminate\\Container\\{closure}()
#18 C:\\xampp\\htdocs\\language\\vendor\\laravel\\framework\\src\\Illuminate\\Container\\BoundMethod.php(93): Illuminate\\Container\\Util::unwrapIfClosure(Object(Closure))
#19 C:\\xampp\\htdocs\\language\\vendor\\laravel\\framework\\src\\Illuminate\\Container\\BoundMethod.php(37): Illuminate\\Container\\BoundMethod::callBoundMethod(Object(Illuminate\\Foundation\\Application), Array, Object(Closure))
#20 C:\\xampp\\htdocs\\language\\vendor\\laravel\\framework\\src\\Illuminate\\Container\\Container.php(653): Illuminate\\Container\\BoundMethod::call(Object(Illuminate\\Foundation\\Application), Array, Array, NULL)
#21 C:\\xampp\\htdocs\\language\\vendor\\laravel\\framework\\src\\Illuminate\\Foundation\\Application.php(924): Illuminate\\Container\\Container->call(Array)
#22 C:\\xampp\\htdocs\\language\\vendor\\laravel\\framework\\src\\Illuminate\\Foundation\\Application.php(905): Illuminate\\Foundation\\Application->bootProvider(Object(App\\Providers\\AppServiceProvider))
#23 [internal function]: Illuminate\\Foundation\\Application->Illuminate\\Foundation\\{closure}(Object(App\\Providers\\AppServiceProvider), 58)
#24 C:\\xampp\\htdocs\\language\\vendor\\laravel\\framework\\src\\Illuminate\\Foundation\\Application.php(906): array_walk(Array, Object(Closure))
#25 C:\\xampp\\htdocs\\language\\vendor\\laravel\\framework\\src\\Illuminate\\Foundation\\Bootstrap\\BootProviders.php(17): Illuminate\\Foundation\\Application->boot()
#26 C:\\xampp\\htdocs\\language\\vendor\\laravel\\framework\\src\\Illuminate\\Foundation\\Application.php(237): Illuminate\\Foundation\\Bootstrap\\BootProviders->bootstrap(Object(Illuminate\\Foundation\\Application))
#27 C:\\xampp\\htdocs\\language\\vendor\\laravel\\framework\\src\\Illuminate\\Foundation\\Console\\Kernel.php(310): Illuminate\\Foundation\\Application->bootstrapWith(Array)
#28 C:\\xampp\\htdocs\\language\\vendor\\laravel\\framework\\src\\Illuminate\\Foundation\\Console\\Kernel.php(127): Illuminate\\Foundation\\Console\\Kernel->bootstrap()
#29 C:\\xampp\\htdocs\\language\\artisan(37): Illuminate\\Foundation\\Console\\Kernel->handle(Object(Symfony\\Component\\Console\\Input\\ArgvInput), Object(Symfony\\Component\\Console\\Output\\ConsoleOutput))
#30 {main}

[previous exception] [object] (PDOException(code: 1049): SQLSTATE[HY000] [1049] Unknown database 'mydb4' at C:\\xampp\\htdocs\\language\\vendor\\doctrine\\dbal\\lib\\Doctrine\\DBAL\\Driver\\PDOConnection.php:38)
[stacktrace]
#0 C:\\xampp\\htdocs\\language\\vendor\\doctrine\\dbal\\lib\\Doctrine\\DBAL\\Driver\\PDOConnection.php(38): PDO->__construct('mysql:host=loca...', 'root', '', Array)
#1 C:\\xampp\\htdocs\\language\\vendor\\laravel\\framework\\src\\Illuminate\\Database\\Connectors\\Connector.php(67): Doctrine\\DBAL\\Driver\\PDOConnection->__construct('mysql:host=loca...', 'root', '', Array)
#2 C:\\xampp\\htdocs\\language\\vendor\\laravel\\framework\\src\\Illuminate\\Database\\Connectors\\Connector.php(46): Illuminate\\Database\\Connectors\\Connector->createPdoConnection('mysql:host=loca...', 'root', '', Array)
#3 C:\\xampp\\htdocs\\language\\vendor\\laravel\\framework\\src\\Illuminate\\Database\\Connectors\\MySqlConnector.php(24): Illuminate\\Database\\Connectors\\Connector->createConnection('mysql:host=loca...', Array, Array)
#4 C:\\xampp\\htdocs\\language\\vendor\\laravel\\framework\\src\\Illuminate\\Database\\Connectors\\ConnectionFactory.php(184): Illuminate\\Database\\Connectors\\MySqlConnector->connect(Array)
#5 [internal function]: Illuminate\\Database\\Connectors\\ConnectionFactory->Illuminate\\Database\\Connectors\\{closure}()
#6 C:\\xampp\\htdocs\\language\\vendor\\laravel\\framework\\src\\Illuminate\\Database\\Connection.php(1064): call_user_func(Object(Closure))
#7 C:\\xampp\\htdocs\\language\\vendor\\laravel\\framework\\src\\Illuminate\\Database\\Connection.php(1100): Illuminate\\Database\\Connection->getPdo()
#8 C:\\xampp\\htdocs\\language\\vendor\\laravel\\framework\\src\\Illuminate\\Database\\Connection.php(442): Illuminate\\Database\\Connection->getReadPdo()
#9 C:\\xampp\\htdocs\\language\\vendor\\laravel\\framework\\src\\Illuminate\\Database\\Connection.php(368): Illuminate\\Database\\Connection->getPdoForSelect(true)
#10 C:\\xampp\\htdocs\\language\\vendor\\laravel\\framework\\src\\Illuminate\\Database\\Connection.php(705): Illuminate\\Database\\Connection->Illuminate\\Database\\{closure}('select * from i...', Array)
#11 C:\\xampp\\htdocs\\language\\vendor\\laravel\\framework\\src\\Illuminate\\Database\\Connection.php(672): Illuminate\\Database\\Connection->runQueryCallback('select * from i...', Array, Object(Closure))
#12 C:\\xampp\\htdocs\\language\\vendor\\laravel\\framework\\src\\Illuminate\\Database\\Connection.php(376): Illuminate\\Database\\Connection->run('select * from i...', Array, Object(Closure))
#13 C:\\xampp\\htdocs\\language\\vendor\\laravel\\framework\\src\\Illuminate\\Database\\Schema\\MySqlBuilder.php(44): Illuminate\\Database\\Connection->select('select * from i...', Array)
#14 C:\\xampp\\htdocs\\language\\vendor\\laravel\\framework\\src\\Illuminate\\Support\\Facades\\Facade.php(261): Illuminate\\Database\\Schema\\MySqlBuilder->hasTable('configs')
#15 C:\\xampp\\htdocs\\language\\app\\Providers\\AppServiceProvider.php(80): Illuminate\\Support\\Facades\\Facade::__callStatic('hasTable', Array)
#16 C:\\xampp\\htdocs\\language\\vendor\\laravel\\framework\\src\\Illuminate\\Container\\BoundMethod.php(36): App\\Providers\\AppServiceProvider->boot()
#17 C:\\xampp\\htdocs\\language\\vendor\\laravel\\framework\\src\\Illuminate\\Container\\Util.php(40): Illuminate\\Container\\BoundMethod::Illuminate\\Container\\{closure}()
#18 C:\\xampp\\htdocs\\language\\vendor\\laravel\\framework\\src\\Illuminate\\Container\\BoundMethod.php(93): Illuminate\\Container\\Util::unwrapIfClosure(Object(Closure))
#19 C:\\xampp\\htdocs\\language\\vendor\\laravel\\framework\\src\\Illuminate\\Container\\BoundMethod.php(37): Illuminate\\Container\\BoundMethod::callBoundMethod(Object(Illuminate\\Foundation\\Application), Array, Object(Closure))
#20 C:\\xampp\\htdocs\\language\\vendor\\laravel\\framework\\src\\Illuminate\\Container\\Container.php(653): Illuminate\\Container\\BoundMethod::call(Object(Illuminate\\Foundation\\Application), Array, Array, NULL)
#21 C:\\xampp\\htdocs\\language\\vendor\\laravel\\framework\\src\\Illuminate\\Foundation\\Application.php(924): Illuminate\\Container\\Container->call(Array)
#22 C:\\xampp\\htdocs\\language\\vendor\\laravel\\framework\\src\\Illuminate\\Foundation\\Application.php(905): Illuminate\\Foundation\\Application->bootProvider(Object(App\\Providers\\AppServiceProvider))
#23 [internal function]: Illuminate\\Foundation\\Application->Illuminate\\Foundation\\{closure}(Object(App\\Providers\\AppServiceProvider), 58)
#24 C:\\xampp\\htdocs\\language\\vendor\\laravel\\framework\\src\\Illuminate\\Foundation\\Application.php(906): array_walk(Array, Object(Closure))
#25 C:\\xampp\\htdocs\\language\\vendor\\laravel\\framework\\src\\Illuminate\\Foundation\\Bootstrap\\BootProviders.php(17): Illuminate\\Foundation\\Application->boot()
#26 C:\\xampp\\htdocs\\language\\vendor\\laravel\\framework\\src\\Illuminate\\Foundation\\Application.php(237): Illuminate\\Foundation\\Bootstrap\\BootProviders->bootstrap(Object(Illuminate\\Foundation\\Application))
#27 C:\\xampp\\htdocs\\language\\vendor\\laravel\\framework\\src\\Illuminate\\Foundation\\Console\\Kernel.php(310): Illuminate\\Foundation\\Application->bootstrapWith(Array)
#28 C:\\xampp\\htdocs\\language\\vendor\\laravel\\framework\\src\\Illuminate\\Foundation\\Console\\Kernel.php(127): Illuminate\\Foundation\\Console\\Kernel->bootstrap()
#29 C:\\xampp\\htdocs\\language\\artisan(37): Illuminate\\Foundation\\Console\\Kernel->handle(Object(Symfony\\Component\\Console\\Input\\ArgvInput), Object(Symfony\\Component\\Console\\Output\\ConsoleOutput))
#30 {main}
"} 
[28-07-24 20:31:40] local.ERROR: SQLSTATE[HY000] [1049] Unknown database 'mydb4' (SQL: select * from information_schema.tables where table_schema = mydb4 and table_name = configs and table_type = 'BASE TABLE') {"exception":"[object] (Illuminate\\Database\\QueryException(code: 1049): SQLSTATE[HY000] [1049] Unknown database 'mydb4' (SQL: select * from information_schema.tables where table_schema = mydb4 and table_name = configs and table_type = 'BASE TABLE') at C:\\xampp\\htdocs\\language\\vendor\\laravel\\framework\\src\\Illuminate\\Database\\Connection.php:712)
[stacktrace]
#0 C:\\xampp\\htdocs\\language\\vendor\\laravel\\framework\\src\\Illuminate\\Database\\Connection.php(672): Illuminate\\Database\\Connection->runQueryCallback('select * from i...', Array, Object(Closure))
#1 C:\\xampp\\htdocs\\language\\vendor\\laravel\\framework\\src\\Illuminate\\Database\\Connection.php(376): Illuminate\\Database\\Connection->run('select * from i...', Array, Object(Closure))
#2 C:\\xampp\\htdocs\\language\\vendor\\laravel\\framework\\src\\Illuminate\\Database\\Schema\\MySqlBuilder.php(44): Illuminate\\Database\\Connection->select('select * from i...', Array)
#3 C:\\xampp\\htdocs\\language\\vendor\\laravel\\framework\\src\\Illuminate\\Support\\Facades\\Facade.php(261): Illuminate\\Database\\Schema\\MySqlBuilder->hasTable('configs')
#4 C:\\xampp\\htdocs\\language\\app\\Providers\\AppServiceProvider.php(80): Illuminate\\Support\\Facades\\Facade::__callStatic('hasTable', Array)
#5 C:\\xampp\\htdocs\\language\\vendor\\laravel\\framework\\src\\Illuminate\\Container\\BoundMethod.php(36): App\\Providers\\AppServiceProvider->boot()
#6 C:\\xampp\\htdocs\\language\\vendor\\laravel\\framework\\src\\Illuminate\\Container\\Util.php(40): Illuminate\\Container\\BoundMethod::Illuminate\\Container\\{closure}()
#7 C:\\xampp\\htdocs\\language\\vendor\\laravel\\framework\\src\\Illuminate\\Container\\BoundMethod.php(93): Illuminate\\Container\\Util::unwrapIfClosure(Object(Closure))
#8 C:\\xampp\\htdocs\\language\\vendor\\laravel\\framework\\src\\Illuminate\\Container\\BoundMethod.php(37): Illuminate\\Container\\BoundMethod::callBoundMethod(Object(Illuminate\\Foundation\\Application), Array, Object(Closure))
#9 C:\\xampp\\htdocs\\language\\vendor\\laravel\\framework\\src\\Illuminate\\Container\\Container.php(653): Illuminate\\Container\\BoundMethod::call(Object(Illuminate\\Foundation\\Application), Array, Array, NULL)
#10 C:\\xampp\\htdocs\\language\\vendor\\laravel\\framework\\src\\Illuminate\\Foundation\\Application.php(924): Illuminate\\Container\\Container->call(Array)
#11 C:\\xampp\\htdocs\\language\\vendor\\laravel\\framework\\src\\Illuminate\\Foundation\\Application.php(905): Illuminate\\Foundation\\Application->bootProvider(Object(App\\Providers\\AppServiceProvider))
#12 [internal function]: Illuminate\\Foundation\\Application->Illuminate\\Foundation\\{closure}(Object(App\\Providers\\AppServiceProvider), 58)
#13 C:\\xampp\\htdocs\\language\\vendor\\laravel\\framework\\src\\Illuminate\\Foundation\\Application.php(906): array_walk(Array, Object(Closure))
#14 C:\\xampp\\htdocs\\language\\vendor\\laravel\\framework\\src\\Illuminate\\Foundation\\Bootstrap\\BootProviders.php(17): Illuminate\\Foundation\\Application->boot()
#15 C:\\xampp\\htdocs\\language\\vendor\\laravel\\framework\\src\\Illuminate\\Foundation\\Application.php(237): Illuminate\\Foundation\\Bootstrap\\BootProviders->bootstrap(Object(Illuminate\\Foundation\\Application))
#16 C:\\xampp\\htdocs\\language\\vendor\\laravel\\framework\\src\\Illuminate\\Foundation\\Console\\Kernel.php(310): Illuminate\\Foundation\\Application->bootstrapWith(Array)
#17 C:\\xampp\\htdocs\\language\\vendor\\laravel\\framework\\src\\Illuminate\\Foundation\\Console\\Kernel.php(127): Illuminate\\Foundation\\Console\\Kernel->bootstrap()
#18 C:\\xampp\\htdocs\\language\\artisan(37): Illuminate\\Foundation\\Console\\Kernel->handle(Object(Symfony\\Component\\Console\\Input\\ArgvInput), Object(Symfony\\Component\\Console\\Output\\ConsoleOutput))
#19 {main}

[previous exception] [object] (Doctrine\\DBAL\\Driver\\PDO\\Exception(code: 1049): SQLSTATE[HY000] [1049] Unknown database 'mydb4' at C:\\xampp\\htdocs\\language\\vendor\\doctrine\\dbal\\lib\\Doctrine\\DBAL\\Driver\\PDO\\Exception.php:18)
[stacktrace]
#0 C:\\xampp\\htdocs\\language\\vendor\\doctrine\\dbal\\lib\\Doctrine\\DBAL\\Driver\\PDOConnection.php(42): Doctrine\\DBAL\\Driver\\PDO\\Exception::new(Object(PDOException))
#1 C:\\xampp\\htdocs\\language\\vendor\\laravel\\framework\\src\\Illuminate\\Database\\Connectors\\Connector.php(67): Doctrine\\DBAL\\Driver\\PDOConnection->__construct('mysql:host=loca...', 'root', '', Array)
#2 C:\\xampp\\htdocs\\language\\vendor\\laravel\\framework\\src\\Illuminate\\Database\\Connectors\\Connector.php(46): Illuminate\\Database\\Connectors\\Connector->createPdoConnection('mysql:host=loca...', 'root', '', Array)
#3 C:\\xampp\\htdocs\\language\\vendor\\laravel\\framework\\src\\Illuminate\\Database\\Connectors\\MySqlConnector.php(24): Illuminate\\Database\\Connectors\\Connector->createConnection('mysql:host=loca...', Array, Array)
#4 C:\\xampp\\htdocs\\language\\vendor\\laravel\\framework\\src\\Illuminate\\Database\\Connectors\\ConnectionFactory.php(184): Illuminate\\Database\\Connectors\\MySqlConnector->connect(Array)
#5 [internal function]: Illuminate\\Database\\Connectors\\ConnectionFactory->Illuminate\\Database\\Connectors\\{closure}()
#6 C:\\xampp\\htdocs\\language\\vendor\\laravel\\framework\\src\\Illuminate\\Database\\Connection.php(1064): call_user_func(Object(Closure))
#7 C:\\xampp\\htdocs\\language\\vendor\\laravel\\framework\\src\\Illuminate\\Database\\Connection.php(1100): Illuminate\\Database\\Connection->getPdo()
#8 C:\\xampp\\htdocs\\language\\vendor\\laravel\\framework\\src\\Illuminate\\Database\\Connection.php(442): Illuminate\\Database\\Connection->getReadPdo()
#9 C:\\xampp\\htdocs\\language\\vendor\\laravel\\framework\\src\\Illuminate\\Database\\Connection.php(368): Illuminate\\Database\\Connection->getPdoForSelect(true)
#10 C:\\xampp\\htdocs\\language\\vendor\\laravel\\framework\\src\\Illuminate\\Database\\Connection.php(705): Illuminate\\Database\\Connection->Illuminate\\Database\\{closure}('select * from i...', Array)
#11 C:\\xampp\\htdocs\\language\\vendor\\laravel\\framework\\src\\Illuminate\\Database\\Connection.php(672): Illuminate\\Database\\Connection->runQueryCallback('select * from i...', Array, Object(Closure))
#12 C:\\xampp\\htdocs\\language\\vendor\\laravel\\framework\\src\\Illuminate\\Database\\Connection.php(376): Illuminate\\Database\\Connection->run('select * from i...', Array, Object(Closure))
#13 C:\\xampp\\htdocs\\language\\vendor\\laravel\\framework\\src\\Illuminate\\Database\\Schema\\MySqlBuilder.php(44): Illuminate\\Database\\Connection->select('select * from i...', Array)
#14 C:\\xampp\\htdocs\\language\\vendor\\laravel\\framework\\src\\Illuminate\\Support\\Facades\\Facade.php(261): Illuminate\\Database\\Schema\\MySqlBuilder->hasTable('configs')
#15 C:\\xampp\\htdocs\\language\\app\\Providers\\AppServiceProvider.php(80): Illuminate\\Support\\Facades\\Facade::__callStatic('hasTable', Array)
#16 C:\\xampp\\htdocs\\language\\vendor\\laravel\\framework\\src\\Illuminate\\Container\\BoundMethod.php(36): App\\Providers\\AppServiceProvider->boot()
#17 C:\\xampp\\htdocs\\language\\vendor\\laravel\\framework\\src\\Illuminate\\Container\\Util.php(40): Illuminate\\Container\\BoundMethod::Illuminate\\Container\\{closure}()
#18 C:\\xampp\\htdocs\\language\\vendor\\laravel\\framework\\src\\Illuminate\\Container\\BoundMethod.php(93): Illuminate\\Container\\Util::unwrapIfClosure(Object(Closure))
#19 C:\\xampp\\htdocs\\language\\vendor\\laravel\\framework\\src\\Illuminate\\Container\\BoundMethod.php(37): Illuminate\\Container\\BoundMethod::callBoundMethod(Object(Illuminate\\Foundation\\Application), Array, Object(Closure))
#20 C:\\xampp\\htdocs\\language\\vendor\\laravel\\framework\\src\\Illuminate\\Container\\Container.php(653): Illuminate\\Container\\BoundMethod::call(Object(Illuminate\\Foundation\\Application), Array, Array, NULL)
#21 C:\\xampp\\htdocs\\language\\vendor\\laravel\\framework\\src\\Illuminate\\Foundation\\Application.php(924): Illuminate\\Container\\Container->call(Array)
#22 C:\\xampp\\htdocs\\language\\vendor\\laravel\\framework\\src\\Illuminate\\Foundation\\Application.php(905): Illuminate\\Foundation\\Application->bootProvider(Object(App\\Providers\\AppServiceProvider))
#23 [internal function]: Illuminate\\Foundation\\Application->Illuminate\\Foundation\\{closure}(Object(App\\Providers\\AppServiceProvider), 58)
#24 C:\\xampp\\htdocs\\language\\vendor\\laravel\\framework\\src\\Illuminate\\Foundation\\Application.php(906): array_walk(Array, Object(Closure))
#25 C:\\xampp\\htdocs\\language\\vendor\\laravel\\framework\\src\\Illuminate\\Foundation\\Bootstrap\\BootProviders.php(17): Illuminate\\Foundation\\Application->boot()
#26 C:\\xampp\\htdocs\\language\\vendor\\laravel\\framework\\src\\Illuminate\\Foundation\\Application.php(237): Illuminate\\Foundation\\Bootstrap\\BootProviders->bootstrap(Object(Illuminate\\Foundation\\Application))
#27 C:\\xampp\\htdocs\\language\\vendor\\laravel\\framework\\src\\Illuminate\\Foundation\\Console\\Kernel.php(310): Illuminate\\Foundation\\Application->bootstrapWith(Array)
#28 C:\\xampp\\htdocs\\language\\vendor\\laravel\\framework\\src\\Illuminate\\Foundation\\Console\\Kernel.php(127): Illuminate\\Foundation\\Console\\Kernel->bootstrap()
#29 C:\\xampp\\htdocs\\language\\artisan(37): Illuminate\\Foundation\\Console\\Kernel->handle(Object(Symfony\\Component\\Console\\Input\\ArgvInput), Object(Symfony\\Component\\Console\\Output\\ConsoleOutput))
#30 {main}

[previous exception] [object] (PDOException(code: 1049): SQLSTATE[HY000] [1049] Unknown database 'mydb4' at C:\\xampp\\htdocs\\language\\vendor\\doctrine\\dbal\\lib\\Doctrine\\DBAL\\Driver\\PDOConnection.php:38)
[stacktrace]
#0 C:\\xampp\\htdocs\\language\\vendor\\doctrine\\dbal\\lib\\Doctrine\\DBAL\\Driver\\PDOConnection.php(38): PDO->__construct('mysql:host=loca...', 'root', '', Array)
#1 C:\\xampp\\htdocs\\language\\vendor\\laravel\\framework\\src\\Illuminate\\Database\\Connectors\\Connector.php(67): Doctrine\\DBAL\\Driver\\PDOConnection->__construct('mysql:host=loca...', 'root', '', Array)
#2 C:\\xampp\\htdocs\\language\\vendor\\laravel\\framework\\src\\Illuminate\\Database\\Connectors\\Connector.php(46): Illuminate\\Database\\Connectors\\Connector->createPdoConnection('mysql:host=loca...', 'root', '', Array)
#3 C:\\xampp\\htdocs\\language\\vendor\\laravel\\framework\\src\\Illuminate\\Database\\Connectors\\MySqlConnector.php(24): Illuminate\\Database\\Connectors\\Connector->createConnection('mysql:host=loca...', Array, Array)
#4 C:\\xampp\\htdocs\\language\\vendor\\laravel\\framework\\src\\Illuminate\\Database\\Connectors\\ConnectionFactory.php(184): Illuminate\\Database\\Connectors\\MySqlConnector->connect(Array)
#5 [internal function]: Illuminate\\Database\\Connectors\\ConnectionFactory->Illuminate\\Database\\Connectors\\{closure}()
#6 C:\\xampp\\htdocs\\language\\vendor\\laravel\\framework\\src\\Illuminate\\Database\\Connection.php(1064): call_user_func(Object(Closure))
#7 C:\\xampp\\htdocs\\language\\vendor\\laravel\\framework\\src\\Illuminate\\Database\\Connection.php(1100): Illuminate\\Database\\Connection->getPdo()
#8 C:\\xampp\\htdocs\\language\\vendor\\laravel\\framework\\src\\Illuminate\\Database\\Connection.php(442): Illuminate\\Database\\Connection->getReadPdo()
#9 C:\\xampp\\htdocs\\language\\vendor\\laravel\\framework\\src\\Illuminate\\Database\\Connection.php(368): Illuminate\\Database\\Connection->getPdoForSelect(true)
#10 C:\\xampp\\htdocs\\language\\vendor\\laravel\\framework\\src\\Illuminate\\Database\\Connection.php(705): Illuminate\\Database\\Connection->Illuminate\\Database\\{closure}('select * from i...', Array)
#11 C:\\xampp\\htdocs\\language\\vendor\\laravel\\framework\\src\\Illuminate\\Database\\Connection.php(672): Illuminate\\Database\\Connection->runQueryCallback('select * from i...', Array, Object(Closure))
#12 C:\\xampp\\htdocs\\language\\vendor\\laravel\\framework\\src\\Illuminate\\Database\\Connection.php(376): Illuminate\\Database\\Connection->run('select * from i...', Array, Object(Closure))
#13 C:\\xampp\\htdocs\\language\\vendor\\laravel\\framework\\src\\Illuminate\\Database\\Schema\\MySqlBuilder.php(44): Illuminate\\Database\\Connection->select('select * from i...', Array)
#14 C:\\xampp\\htdocs\\language\\vendor\\laravel\\framework\\src\\Illuminate\\Support\\Facades\\Facade.php(261): Illuminate\\Database\\Schema\\MySqlBuilder->hasTable('configs')
#15 C:\\xampp\\htdocs\\language\\app\\Providers\\AppServiceProvider.php(80): Illuminate\\Support\\Facades\\Facade::__callStatic('hasTable', Array)
#16 C:\\xampp\\htdocs\\language\\vendor\\laravel\\framework\\src\\Illuminate\\Container\\BoundMethod.php(36): App\\Providers\\AppServiceProvider->boot()
#17 C:\\xampp\\htdocs\\language\\vendor\\laravel\\framework\\src\\Illuminate\\Container\\Util.php(40): Illuminate\\Container\\BoundMethod::Illuminate\\Container\\{closure}()
#18 C:\\xampp\\htdocs\\language\\vendor\\laravel\\framework\\src\\Illuminate\\Container\\BoundMethod.php(93): Illuminate\\Container\\Util::unwrapIfClosure(Object(Closure))
#19 C:\\xampp\\htdocs\\language\\vendor\\laravel\\framework\\src\\Illuminate\\Container\\BoundMethod.php(37): Illuminate\\Container\\BoundMethod::callBoundMethod(Object(Illuminate\\Foundation\\Application), Array, Object(Closure))
#20 C:\\xampp\\htdocs\\language\\vendor\\laravel\\framework\\src\\Illuminate\\Container\\Container.php(653): Illuminate\\Container\\BoundMethod::call(Object(Illuminate\\Foundation\\Application), Array, Array, NULL)
#21 C:\\xampp\\htdocs\\language\\vendor\\laravel\\framework\\src\\Illuminate\\Foundation\\Application.php(924): Illuminate\\Container\\Container->call(Array)
#22 C:\\xampp\\htdocs\\language\\vendor\\laravel\\framework\\src\\Illuminate\\Foundation\\Application.php(905): Illuminate\\Foundation\\Application->bootProvider(Object(App\\Providers\\AppServiceProvider))
#23 [internal function]: Illuminate\\Foundation\\Application->Illuminate\\Foundation\\{closure}(Object(App\\Providers\\AppServiceProvider), 58)
#24 C:\\xampp\\htdocs\\language\\vendor\\laravel\\framework\\src\\Illuminate\\Foundation\\Application.php(906): array_walk(Array, Object(Closure))
#25 C:\\xampp\\htdocs\\language\\vendor\\laravel\\framework\\src\\Illuminate\\Foundation\\Bootstrap\\BootProviders.php(17): Illuminate\\Foundation\\Application->boot()
#26 C:\\xampp\\htdocs\\language\\vendor\\laravel\\framework\\src\\Illuminate\\Foundation\\Application.php(237): Illuminate\\Foundation\\Bootstrap\\BootProviders->bootstrap(Object(Illuminate\\Foundation\\Application))
#27 C:\\xampp\\htdocs\\language\\vendor\\laravel\\framework\\src\\Illuminate\\Foundation\\Console\\Kernel.php(310): Illuminate\\Foundation\\Application->bootstrapWith(Array)
#28 C:\\xampp\\htdocs\\language\\vendor\\laravel\\framework\\src\\Illuminate\\Foundation\\Console\\Kernel.php(127): Illuminate\\Foundation\\Console\\Kernel->bootstrap()
#29 C:\\xampp\\htdocs\\language\\artisan(37): Illuminate\\Foundation\\Console\\Kernel->handle(Object(Symfony\\Component\\Console\\Input\\ArgvInput), Object(Symfony\\Component\\Console\\Output\\ConsoleOutput))
#30 {main}
"} 
[28-07-24 20:31:43] local.ERROR: SQLSTATE[HY000] [1049] Unknown database 'mydb4' (SQL: select * from information_schema.tables where table_schema = mydb4 and table_name = configs and table_type = 'BASE TABLE') {"exception":"[object] (Illuminate\\Database\\QueryException(code: 1049): SQLSTATE[HY000] [1049] Unknown database 'mydb4' (SQL: select * from information_schema.tables where table_schema = mydb4 and table_name = configs and table_type = 'BASE TABLE') at C:\\xampp\\htdocs\\language\\vendor\\laravel\\framework\\src\\Illuminate\\Database\\Connection.php:712)
[stacktrace]
#0 C:\\xampp\\htdocs\\language\\vendor\\laravel\\framework\\src\\Illuminate\\Database\\Connection.php(672): Illuminate\\Database\\Connection->runQueryCallback('select * from i...', Array, Object(Closure))
#1 C:\\xampp\\htdocs\\language\\vendor\\laravel\\framework\\src\\Illuminate\\Database\\Connection.php(376): Illuminate\\Database\\Connection->run('select * from i...', Array, Object(Closure))
#2 C:\\xampp\\htdocs\\language\\vendor\\laravel\\framework\\src\\Illuminate\\Database\\Schema\\MySqlBuilder.php(44): Illuminate\\Database\\Connection->select('select * from i...', Array)
#3 C:\\xampp\\htdocs\\language\\vendor\\laravel\\framework\\src\\Illuminate\\Support\\Facades\\Facade.php(261): Illuminate\\Database\\Schema\\MySqlBuilder->hasTable('configs')
#4 C:\\xampp\\htdocs\\language\\app\\Providers\\AppServiceProvider.php(80): Illuminate\\Support\\Facades\\Facade::__callStatic('hasTable', Array)
#5 C:\\xampp\\htdocs\\language\\vendor\\laravel\\framework\\src\\Illuminate\\Container\\BoundMethod.php(36): App\\Providers\\AppServiceProvider->boot()
#6 C:\\xampp\\htdocs\\language\\vendor\\laravel\\framework\\src\\Illuminate\\Container\\Util.php(40): Illuminate\\Container\\BoundMethod::Illuminate\\Container\\{closure}()
#7 C:\\xampp\\htdocs\\language\\vendor\\laravel\\framework\\src\\Illuminate\\Container\\BoundMethod.php(93): Illuminate\\Container\\Util::unwrapIfClosure(Object(Closure))
#8 C:\\xampp\\htdocs\\language\\vendor\\laravel\\framework\\src\\Illuminate\\Container\\BoundMethod.php(37): Illuminate\\Container\\BoundMethod::callBoundMethod(Object(Illuminate\\Foundation\\Application), Array, Object(Closure))
#9 C:\\xampp\\htdocs\\language\\vendor\\laravel\\framework\\src\\Illuminate\\Container\\Container.php(653): Illuminate\\Container\\BoundMethod::call(Object(Illuminate\\Foundation\\Application), Array, Array, NULL)
#10 C:\\xampp\\htdocs\\language\\vendor\\laravel\\framework\\src\\Illuminate\\Foundation\\Application.php(924): Illuminate\\Container\\Container->call(Array)
#11 C:\\xampp\\htdocs\\language\\vendor\\laravel\\framework\\src\\Illuminate\\Foundation\\Application.php(905): Illuminate\\Foundation\\Application->bootProvider(Object(App\\Providers\\AppServiceProvider))
#12 [internal function]: Illuminate\\Foundation\\Application->Illuminate\\Foundation\\{closure}(Object(App\\Providers\\AppServiceProvider), 58)
#13 C:\\xampp\\htdocs\\language\\vendor\\laravel\\framework\\src\\Illuminate\\Foundation\\Application.php(906): array_walk(Array, Object(Closure))
#14 C:\\xampp\\htdocs\\language\\vendor\\laravel\\framework\\src\\Illuminate\\Foundation\\Bootstrap\\BootProviders.php(17): Illuminate\\Foundation\\Application->boot()
#15 C:\\xampp\\htdocs\\language\\vendor\\laravel\\framework\\src\\Illuminate\\Foundation\\Application.php(237): Illuminate\\Foundation\\Bootstrap\\BootProviders->bootstrap(Object(Illuminate\\Foundation\\Application))
#16 C:\\xampp\\htdocs\\language\\vendor\\laravel\\framework\\src\\Illuminate\\Foundation\\Console\\Kernel.php(310): Illuminate\\Foundation\\Application->bootstrapWith(Array)
#17 C:\\xampp\\htdocs\\language\\vendor\\laravel\\framework\\src\\Illuminate\\Foundation\\Console\\Kernel.php(127): Illuminate\\Foundation\\Console\\Kernel->bootstrap()
#18 C:\\xampp\\htdocs\\language\\artisan(37): Illuminate\\Foundation\\Console\\Kernel->handle(Object(Symfony\\Component\\Console\\Input\\ArgvInput), Object(Symfony\\Component\\Console\\Output\\ConsoleOutput))
#19 {main}

[previous exception] [object] (Doctrine\\DBAL\\Driver\\PDO\\Exception(code: 1049): SQLSTATE[HY000] [1049] Unknown database 'mydb4' at C:\\xampp\\htdocs\\language\\vendor\\doctrine\\dbal\\lib\\Doctrine\\DBAL\\Driver\\PDO\\Exception.php:18)
[stacktrace]
#0 C:\\xampp\\htdocs\\language\\vendor\\doctrine\\dbal\\lib\\Doctrine\\DBAL\\Driver\\PDOConnection.php(42): Doctrine\\DBAL\\Driver\\PDO\\Exception::new(Object(PDOException))
#1 C:\\xampp\\htdocs\\language\\vendor\\laravel\\framework\\src\\Illuminate\\Database\\Connectors\\Connector.php(67): Doctrine\\DBAL\\Driver\\PDOConnection->__construct('mysql:host=loca...', 'root', '', Array)
#2 C:\\xampp\\htdocs\\language\\vendor\\laravel\\framework\\src\\Illuminate\\Database\\Connectors\\Connector.php(46): Illuminate\\Database\\Connectors\\Connector->createPdoConnection('mysql:host=loca...', 'root', '', Array)
#3 C:\\xampp\\htdocs\\language\\vendor\\laravel\\framework\\src\\Illuminate\\Database\\Connectors\\MySqlConnector.php(24): Illuminate\\Database\\Connectors\\Connector->createConnection('mysql:host=loca...', Array, Array)
#4 C:\\xampp\\htdocs\\language\\vendor\\laravel\\framework\\src\\Illuminate\\Database\\Connectors\\ConnectionFactory.php(184): Illuminate\\Database\\Connectors\\MySqlConnector->connect(Array)
#5 [internal function]: Illuminate\\Database\\Connectors\\ConnectionFactory->Illuminate\\Database\\Connectors\\{closure}()
#6 C:\\xampp\\htdocs\\language\\vendor\\laravel\\framework\\src\\Illuminate\\Database\\Connection.php(1064): call_user_func(Object(Closure))
#7 C:\\xampp\\htdocs\\language\\vendor\\laravel\\framework\\src\\Illuminate\\Database\\Connection.php(1100): Illuminate\\Database\\Connection->getPdo()
#8 C:\\xampp\\htdocs\\language\\vendor\\laravel\\framework\\src\\Illuminate\\Database\\Connection.php(442): Illuminate\\Database\\Connection->getReadPdo()
#9 C:\\xampp\\htdocs\\language\\vendor\\laravel\\framework\\src\\Illuminate\\Database\\Connection.php(368): Illuminate\\Database\\Connection->getPdoForSelect(true)
#10 C:\\xampp\\htdocs\\language\\vendor\\laravel\\framework\\src\\Illuminate\\Database\\Connection.php(705): Illuminate\\Database\\Connection->Illuminate\\Database\\{closure}('select * from i...', Array)
#11 C:\\xampp\\htdocs\\language\\vendor\\laravel\\framework\\src\\Illuminate\\Database\\Connection.php(672): Illuminate\\Database\\Connection->runQueryCallback('select * from i...', Array, Object(Closure))
#12 C:\\xampp\\htdocs\\language\\vendor\\laravel\\framework\\src\\Illuminate\\Database\\Connection.php(376): Illuminate\\Database\\Connection->run('select * from i...', Array, Object(Closure))
#13 C:\\xampp\\htdocs\\language\\vendor\\laravel\\framework\\src\\Illuminate\\Database\\Schema\\MySqlBuilder.php(44): Illuminate\\Database\\Connection->select('select * from i...', Array)
#14 C:\\xampp\\htdocs\\language\\vendor\\laravel\\framework\\src\\Illuminate\\Support\\Facades\\Facade.php(261): Illuminate\\Database\\Schema\\MySqlBuilder->hasTable('configs')
#15 C:\\xampp\\htdocs\\language\\app\\Providers\\AppServiceProvider.php(80): Illuminate\\Support\\Facades\\Facade::__callStatic('hasTable', Array)
#16 C:\\xampp\\htdocs\\language\\vendor\\laravel\\framework\\src\\Illuminate\\Container\\BoundMethod.php(36): App\\Providers\\AppServiceProvider->boot()
#17 C:\\xampp\\htdocs\\language\\vendor\\laravel\\framework\\src\\Illuminate\\Container\\Util.php(40): Illuminate\\Container\\BoundMethod::Illuminate\\Container\\{closure}()
#18 C:\\xampp\\htdocs\\language\\vendor\\laravel\\framework\\src\\Illuminate\\Container\\BoundMethod.php(93): Illuminate\\Container\\Util::unwrapIfClosure(Object(Closure))
#19 C:\\xampp\\htdocs\\language\\vendor\\laravel\\framework\\src\\Illuminate\\Container\\BoundMethod.php(37): Illuminate\\Container\\BoundMethod::callBoundMethod(Object(Illuminate\\Foundation\\Application), Array, Object(Closure))
#20 C:\\xampp\\htdocs\\language\\vendor\\laravel\\framework\\src\\Illuminate\\Container\\Container.php(653): Illuminate\\Container\\BoundMethod::call(Object(Illuminate\\Foundation\\Application), Array, Array, NULL)
#21 C:\\xampp\\htdocs\\language\\vendor\\laravel\\framework\\src\\Illuminate\\Foundation\\Application.php(924): Illuminate\\Container\\Container->call(Array)
#22 C:\\xampp\\htdocs\\language\\vendor\\laravel\\framework\\src\\Illuminate\\Foundation\\Application.php(905): Illuminate\\Foundation\\Application->bootProvider(Object(App\\Providers\\AppServiceProvider))
#23 [internal function]: Illuminate\\Foundation\\Application->Illuminate\\Foundation\\{closure}(Object(App\\Providers\\AppServiceProvider), 58)
#24 C:\\xampp\\htdocs\\language\\vendor\\laravel\\framework\\src\\Illuminate\\Foundation\\Application.php(906): array_walk(Array, Object(Closure))
#25 C:\\xampp\\htdocs\\language\\vendor\\laravel\\framework\\src\\Illuminate\\Foundation\\Bootstrap\\BootProviders.php(17): Illuminate\\Foundation\\Application->boot()
#26 C:\\xampp\\htdocs\\language\\vendor\\laravel\\framework\\src\\Illuminate\\Foundation\\Application.php(237): Illuminate\\Foundation\\Bootstrap\\BootProviders->bootstrap(Object(Illuminate\\Foundation\\Application))
#27 C:\\xampp\\htdocs\\language\\vendor\\laravel\\framework\\src\\Illuminate\\Foundation\\Console\\Kernel.php(310): Illuminate\\Foundation\\Application->bootstrapWith(Array)
#28 C:\\xampp\\htdocs\\language\\vendor\\laravel\\framework\\src\\Illuminate\\Foundation\\Console\\Kernel.php(127): Illuminate\\Foundation\\Console\\Kernel->bootstrap()
#29 C:\\xampp\\htdocs\\language\\artisan(37): Illuminate\\Foundation\\Console\\Kernel->handle(Object(Symfony\\Component\\Console\\Input\\ArgvInput), Object(Symfony\\Component\\Console\\Output\\ConsoleOutput))
#30 {main}

[previous exception] [object] (PDOException(code: 1049): SQLSTATE[HY000] [1049] Unknown database 'mydb4' at C:\\xampp\\htdocs\\language\\vendor\\doctrine\\dbal\\lib\\Doctrine\\DBAL\\Driver\\PDOConnection.php:38)
[stacktrace]
#0 C:\\xampp\\htdocs\\language\\vendor\\doctrine\\dbal\\lib\\Doctrine\\DBAL\\Driver\\PDOConnection.php(38): PDO->__construct('mysql:host=loca...', 'root', '', Array)
#1 C:\\xampp\\htdocs\\language\\vendor\\laravel\\framework\\src\\Illuminate\\Database\\Connectors\\Connector.php(67): Doctrine\\DBAL\\Driver\\PDOConnection->__construct('mysql:host=loca...', 'root', '', Array)
#2 C:\\xampp\\htdocs\\language\\vendor\\laravel\\framework\\src\\Illuminate\\Database\\Connectors\\Connector.php(46): Illuminate\\Database\\Connectors\\Connector->createPdoConnection('mysql:host=loca...', 'root', '', Array)
#3 C:\\xampp\\htdocs\\language\\vendor\\laravel\\framework\\src\\Illuminate\\Database\\Connectors\\MySqlConnector.php(24): Illuminate\\Database\\Connectors\\Connector->createConnection('mysql:host=loca...', Array, Array)
#4 C:\\xampp\\htdocs\\language\\vendor\\laravel\\framework\\src\\Illuminate\\Database\\Connectors\\ConnectionFactory.php(184): Illuminate\\Database\\Connectors\\MySqlConnector->connect(Array)
#5 [internal function]: Illuminate\\Database\\Connectors\\ConnectionFactory->Illuminate\\Database\\Connectors\\{closure}()
#6 C:\\xampp\\htdocs\\language\\vendor\\laravel\\framework\\src\\Illuminate\\Database\\Connection.php(1064): call_user_func(Object(Closure))
#7 C:\\xampp\\htdocs\\language\\vendor\\laravel\\framework\\src\\Illuminate\\Database\\Connection.php(1100): Illuminate\\Database\\Connection->getPdo()
#8 C:\\xampp\\htdocs\\language\\vendor\\laravel\\framework\\src\\Illuminate\\Database\\Connection.php(442): Illuminate\\Database\\Connection->getReadPdo()
#9 C:\\xampp\\htdocs\\language\\vendor\\laravel\\framework\\src\\Illuminate\\Database\\Connection.php(368): Illuminate\\Database\\Connection->getPdoForSelect(true)
#10 C:\\xampp\\htdocs\\language\\vendor\\laravel\\framework\\src\\Illuminate\\Database\\Connection.php(705): Illuminate\\Database\\Connection->Illuminate\\Database\\{closure}('select * from i...', Array)
#11 C:\\xampp\\htdocs\\language\\vendor\\laravel\\framework\\src\\Illuminate\\Database\\Connection.php(672): Illuminate\\Database\\Connection->runQueryCallback('select * from i...', Array, Object(Closure))
#12 C:\\xampp\\htdocs\\language\\vendor\\laravel\\framework\\src\\Illuminate\\Database\\Connection.php(376): Illuminate\\Database\\Connection->run('select * from i...', Array, Object(Closure))
#13 C:\\xampp\\htdocs\\language\\vendor\\laravel\\framework\\src\\Illuminate\\Database\\Schema\\MySqlBuilder.php(44): Illuminate\\Database\\Connection->select('select * from i...', Array)
#14 C:\\xampp\\htdocs\\language\\vendor\\laravel\\framework\\src\\Illuminate\\Support\\Facades\\Facade.php(261): Illuminate\\Database\\Schema\\MySqlBuilder->hasTable('configs')
#15 C:\\xampp\\htdocs\\language\\app\\Providers\\AppServiceProvider.php(80): Illuminate\\Support\\Facades\\Facade::__callStatic('hasTable', Array)
#16 C:\\xampp\\htdocs\\language\\vendor\\laravel\\framework\\src\\Illuminate\\Container\\BoundMethod.php(36): App\\Providers\\AppServiceProvider->boot()
#17 C:\\xampp\\htdocs\\language\\vendor\\laravel\\framework\\src\\Illuminate\\Container\\Util.php(40): Illuminate\\Container\\BoundMethod::Illuminate\\Container\\{closure}()
#18 C:\\xampp\\htdocs\\language\\vendor\\laravel\\framework\\src\\Illuminate\\Container\\BoundMethod.php(93): Illuminate\\Container\\Util::unwrapIfClosure(Object(Closure))
#19 C:\\xampp\\htdocs\\language\\vendor\\laravel\\framework\\src\\Illuminate\\Container\\BoundMethod.php(37): Illuminate\\Container\\BoundMethod::callBoundMethod(Object(Illuminate\\Foundation\\Application), Array, Object(Closure))
#20 C:\\xampp\\htdocs\\language\\vendor\\laravel\\framework\\src\\Illuminate\\Container\\Container.php(653): Illuminate\\Container\\BoundMethod::call(Object(Illuminate\\Foundation\\Application), Array, Array, NULL)
#21 C:\\xampp\\htdocs\\language\\vendor\\laravel\\framework\\src\\Illuminate\\Foundation\\Application.php(924): Illuminate\\Container\\Container->call(Array)
#22 C:\\xampp\\htdocs\\language\\vendor\\laravel\\framework\\src\\Illuminate\\Foundation\\Application.php(905): Illuminate\\Foundation\\Application->bootProvider(Object(App\\Providers\\AppServiceProvider))
#23 [internal function]: Illuminate\\Foundation\\Application->Illuminate\\Foundation\\{closure}(Object(App\\Providers\\AppServiceProvider), 58)
#24 C:\\xampp\\htdocs\\language\\vendor\\laravel\\framework\\src\\Illuminate\\Foundation\\Application.php(906): array_walk(Array, Object(Closure))
#25 C:\\xampp\\htdocs\\language\\vendor\\laravel\\framework\\src\\Illuminate\\Foundation\\Bootstrap\\BootProviders.php(17): Illuminate\\Foundation\\Application->boot()
#26 C:\\xampp\\htdocs\\language\\vendor\\laravel\\framework\\src\\Illuminate\\Foundation\\Application.php(237): Illuminate\\Foundation\\Bootstrap\\BootProviders->bootstrap(Object(Illuminate\\Foundation\\Application))
#27 C:\\xampp\\htdocs\\language\\vendor\\laravel\\framework\\src\\Illuminate\\Foundation\\Console\\Kernel.php(310): Illuminate\\Foundation\\Application->bootstrapWith(Array)
#28 C:\\xampp\\htdocs\\language\\vendor\\laravel\\framework\\src\\Illuminate\\Foundation\\Console\\Kernel.php(127): Illuminate\\Foundation\\Console\\Kernel->bootstrap()
#29 C:\\xampp\\htdocs\\language\\artisan(37): Illuminate\\Foundation\\Console\\Kernel->handle(Object(Symfony\\Component\\Console\\Input\\ArgvInput), Object(Symfony\\Component\\Console\\Output\\ConsoleOutput))
#30 {main}
"} 
[28-07-24 20:33:20] local.ERROR: SQLSTATE[HY000] [1049] Unknown database 'mydb4' (SQL: select * from information_schema.tables where table_schema = mydb4 and table_name = configs and table_type = 'BASE TABLE') {"exception":"[object] (Illuminate\\Database\\QueryException(code: 1049): SQLSTATE[HY000] [1049] Unknown database 'mydb4' (SQL: select * from information_schema.tables where table_schema = mydb4 and table_name = configs and table_type = 'BASE TABLE') at C:\\xampp\\htdocs\\language\\vendor\\laravel\\framework\\src\\Illuminate\\Database\\Connection.php:712)
[stacktrace]
#0 C:\\xampp\\htdocs\\language\\vendor\\laravel\\framework\\src\\Illuminate\\Database\\Connection.php(672): Illuminate\\Database\\Connection->runQueryCallback('select * from i...', Array, Object(Closure))
#1 C:\\xampp\\htdocs\\language\\vendor\\laravel\\framework\\src\\Illuminate\\Database\\Connection.php(376): Illuminate\\Database\\Connection->run('select * from i...', Array, Object(Closure))
#2 C:\\xampp\\htdocs\\language\\vendor\\laravel\\framework\\src\\Illuminate\\Database\\Schema\\MySqlBuilder.php(44): Illuminate\\Database\\Connection->select('select * from i...', Array)
#3 C:\\xampp\\htdocs\\language\\vendor\\laravel\\framework\\src\\Illuminate\\Support\\Facades\\Facade.php(261): Illuminate\\Database\\Schema\\MySqlBuilder->hasTable('configs')
#4 C:\\xampp\\htdocs\\language\\app\\Providers\\AppServiceProvider.php(80): Illuminate\\Support\\Facades\\Facade::__callStatic('hasTable', Array)
#5 C:\\xampp\\htdocs\\language\\vendor\\laravel\\framework\\src\\Illuminate\\Container\\BoundMethod.php(36): App\\Providers\\AppServiceProvider->boot()
#6 C:\\xampp\\htdocs\\language\\vendor\\laravel\\framework\\src\\Illuminate\\Container\\Util.php(40): Illuminate\\Container\\BoundMethod::Illuminate\\Container\\{closure}()
#7 C:\\xampp\\htdocs\\language\\vendor\\laravel\\framework\\src\\Illuminate\\Container\\BoundMethod.php(93): Illuminate\\Container\\Util::unwrapIfClosure(Object(Closure))
#8 C:\\xampp\\htdocs\\language\\vendor\\laravel\\framework\\src\\Illuminate\\Container\\BoundMethod.php(37): Illuminate\\Container\\BoundMethod::callBoundMethod(Object(Illuminate\\Foundation\\Application), Array, Object(Closure))
#9 C:\\xampp\\htdocs\\language\\vendor\\laravel\\framework\\src\\Illuminate\\Container\\Container.php(653): Illuminate\\Container\\BoundMethod::call(Object(Illuminate\\Foundation\\Application), Array, Array, NULL)
#10 C:\\xampp\\htdocs\\language\\vendor\\laravel\\framework\\src\\Illuminate\\Foundation\\Application.php(924): Illuminate\\Container\\Container->call(Array)
#11 C:\\xampp\\htdocs\\language\\vendor\\laravel\\framework\\src\\Illuminate\\Foundation\\Application.php(905): Illuminate\\Foundation\\Application->bootProvider(Object(App\\Providers\\AppServiceProvider))
#12 [internal function]: Illuminate\\Foundation\\Application->Illuminate\\Foundation\\{closure}(Object(App\\Providers\\AppServiceProvider), 58)
#13 C:\\xampp\\htdocs\\language\\vendor\\laravel\\framework\\src\\Illuminate\\Foundation\\Application.php(906): array_walk(Array, Object(Closure))
#14 C:\\xampp\\htdocs\\language\\vendor\\laravel\\framework\\src\\Illuminate\\Foundation\\Bootstrap\\BootProviders.php(17): Illuminate\\Foundation\\Application->boot()
#15 C:\\xampp\\htdocs\\language\\vendor\\laravel\\framework\\src\\Illuminate\\Foundation\\Application.php(237): Illuminate\\Foundation\\Bootstrap\\BootProviders->bootstrap(Object(Illuminate\\Foundation\\Application))
#16 C:\\xampp\\htdocs\\language\\vendor\\laravel\\framework\\src\\Illuminate\\Foundation\\Console\\Kernel.php(310): Illuminate\\Foundation\\Application->bootstrapWith(Array)
#17 C:\\xampp\\htdocs\\language\\vendor\\laravel\\framework\\src\\Illuminate\\Foundation\\Console\\Kernel.php(127): Illuminate\\Foundation\\Console\\Kernel->bootstrap()
#18 C:\\xampp\\htdocs\\language\\artisan(37): Illuminate\\Foundation\\Console\\Kernel->handle(Object(Symfony\\Component\\Console\\Input\\ArgvInput), Object(Symfony\\Component\\Console\\Output\\ConsoleOutput))
#19 {main}

[previous exception] [object] (Doctrine\\DBAL\\Driver\\PDO\\Exception(code: 1049): SQLSTATE[HY000] [1049] Unknown database 'mydb4' at C:\\xampp\\htdocs\\language\\vendor\\doctrine\\dbal\\lib\\Doctrine\\DBAL\\Driver\\PDO\\Exception.php:18)
[stacktrace]
#0 C:\\xampp\\htdocs\\language\\vendor\\doctrine\\dbal\\lib\\Doctrine\\DBAL\\Driver\\PDOConnection.php(42): Doctrine\\DBAL\\Driver\\PDO\\Exception::new(Object(PDOException))
#1 C:\\xampp\\htdocs\\language\\vendor\\laravel\\framework\\src\\Illuminate\\Database\\Connectors\\Connector.php(67): Doctrine\\DBAL\\Driver\\PDOConnection->__construct('mysql:host=loca...', 'root', '', Array)
#2 C:\\xampp\\htdocs\\language\\vendor\\laravel\\framework\\src\\Illuminate\\Database\\Connectors\\Connector.php(46): Illuminate\\Database\\Connectors\\Connector->createPdoConnection('mysql:host=loca...', 'root', '', Array)
#3 C:\\xampp\\htdocs\\language\\vendor\\laravel\\framework\\src\\Illuminate\\Database\\Connectors\\MySqlConnector.php(24): Illuminate\\Database\\Connectors\\Connector->createConnection('mysql:host=loca...', Array, Array)
#4 C:\\xampp\\htdocs\\language\\vendor\\laravel\\framework\\src\\Illuminate\\Database\\Connectors\\ConnectionFactory.php(184): Illuminate\\Database\\Connectors\\MySqlConnector->connect(Array)
#5 [internal function]: Illuminate\\Database\\Connectors\\ConnectionFactory->Illuminate\\Database\\Connectors\\{closure}()
#6 C:\\xampp\\htdocs\\language\\vendor\\laravel\\framework\\src\\Illuminate\\Database\\Connection.php(1064): call_user_func(Object(Closure))
#7 C:\\xampp\\htdocs\\language\\vendor\\laravel\\framework\\src\\Illuminate\\Database\\Connection.php(1100): Illuminate\\Database\\Connection->getPdo()
#8 C:\\xampp\\htdocs\\language\\vendor\\laravel\\framework\\src\\Illuminate\\Database\\Connection.php(442): Illuminate\\Database\\Connection->getReadPdo()
#9 C:\\xampp\\htdocs\\language\\vendor\\laravel\\framework\\src\\Illuminate\\Database\\Connection.php(368): Illuminate\\Database\\Connection->getPdoForSelect(true)
#10 C:\\xampp\\htdocs\\language\\vendor\\laravel\\framework\\src\\Illuminate\\Database\\Connection.php(705): Illuminate\\Database\\Connection->Illuminate\\Database\\{closure}('select * from i...', Array)
#11 C:\\xampp\\htdocs\\language\\vendor\\laravel\\framework\\src\\Illuminate\\Database\\Connection.php(672): Illuminate\\Database\\Connection->runQueryCallback('select * from i...', Array, Object(Closure))
#12 C:\\xampp\\htdocs\\language\\vendor\\laravel\\framework\\src\\Illuminate\\Database\\Connection.php(376): Illuminate\\Database\\Connection->run('select * from i...', Array, Object(Closure))
#13 C:\\xampp\\htdocs\\language\\vendor\\laravel\\framework\\src\\Illuminate\\Database\\Schema\\MySqlBuilder.php(44): Illuminate\\Database\\Connection->select('select * from i...', Array)
#14 C:\\xampp\\htdocs\\language\\vendor\\laravel\\framework\\src\\Illuminate\\Support\\Facades\\Facade.php(261): Illuminate\\Database\\Schema\\MySqlBuilder->hasTable('configs')
#15 C:\\xampp\\htdocs\\language\\app\\Providers\\AppServiceProvider.php(80): Illuminate\\Support\\Facades\\Facade::__callStatic('hasTable', Array)
#16 C:\\xampp\\htdocs\\language\\vendor\\laravel\\framework\\src\\Illuminate\\Container\\BoundMethod.php(36): App\\Providers\\AppServiceProvider->boot()
#17 C:\\xampp\\htdocs\\language\\vendor\\laravel\\framework\\src\\Illuminate\\Container\\Util.php(40): Illuminate\\Container\\BoundMethod::Illuminate\\Container\\{closure}()
#18 C:\\xampp\\htdocs\\language\\vendor\\laravel\\framework\\src\\Illuminate\\Container\\BoundMethod.php(93): Illuminate\\Container\\Util::unwrapIfClosure(Object(Closure))
#19 C:\\xampp\\htdocs\\language\\vendor\\laravel\\framework\\src\\Illuminate\\Container\\BoundMethod.php(37): Illuminate\\Container\\BoundMethod::callBoundMethod(Object(Illuminate\\Foundation\\Application), Array, Object(Closure))
#20 C:\\xampp\\htdocs\\language\\vendor\\laravel\\framework\\src\\Illuminate\\Container\\Container.php(653): Illuminate\\Container\\BoundMethod::call(Object(Illuminate\\Foundation\\Application), Array, Array, NULL)
#21 C:\\xampp\\htdocs\\language\\vendor\\laravel\\framework\\src\\Illuminate\\Foundation\\Application.php(924): Illuminate\\Container\\Container->call(Array)
#22 C:\\xampp\\htdocs\\language\\vendor\\laravel\\framework\\src\\Illuminate\\Foundation\\Application.php(905): Illuminate\\Foundation\\Application->bootProvider(Object(App\\Providers\\AppServiceProvider))
#23 [internal function]: Illuminate\\Foundation\\Application->Illuminate\\Foundation\\{closure}(Object(App\\Providers\\AppServiceProvider), 58)
#24 C:\\xampp\\htdocs\\language\\vendor\\laravel\\framework\\src\\Illuminate\\Foundation\\Application.php(906): array_walk(Array, Object(Closure))
#25 C:\\xampp\\htdocs\\language\\vendor\\laravel\\framework\\src\\Illuminate\\Foundation\\Bootstrap\\BootProviders.php(17): Illuminate\\Foundation\\Application->boot()
#26 C:\\xampp\\htdocs\\language\\vendor\\laravel\\framework\\src\\Illuminate\\Foundation\\Application.php(237): Illuminate\\Foundation\\Bootstrap\\BootProviders->bootstrap(Object(Illuminate\\Foundation\\Application))
#27 C:\\xampp\\htdocs\\language\\vendor\\laravel\\framework\\src\\Illuminate\\Foundation\\Console\\Kernel.php(310): Illuminate\\Foundation\\Application->bootstrapWith(Array)
#28 C:\\xampp\\htdocs\\language\\vendor\\laravel\\framework\\src\\Illuminate\\Foundation\\Console\\Kernel.php(127): Illuminate\\Foundation\\Console\\Kernel->bootstrap()
#29 C:\\xampp\\htdocs\\language\\artisan(37): Illuminate\\Foundation\\Console\\Kernel->handle(Object(Symfony\\Component\\Console\\Input\\ArgvInput), Object(Symfony\\Component\\Console\\Output\\ConsoleOutput))
#30 {main}

[previous exception] [object] (PDOException(code: 1049): SQLSTATE[HY000] [1049] Unknown database 'mydb4' at C:\\xampp\\htdocs\\language\\vendor\\doctrine\\dbal\\lib\\Doctrine\\DBAL\\Driver\\PDOConnection.php:38)
[stacktrace]
#0 C:\\xampp\\htdocs\\language\\vendor\\doctrine\\dbal\\lib\\Doctrine\\DBAL\\Driver\\PDOConnection.php(38): PDO->__construct('mysql:host=loca...', 'root', '', Array)
#1 C:\\xampp\\htdocs\\language\\vendor\\laravel\\framework\\src\\Illuminate\\Database\\Connectors\\Connector.php(67): Doctrine\\DBAL\\Driver\\PDOConnection->__construct('mysql:host=loca...', 'root', '', Array)
#2 C:\\xampp\\htdocs\\language\\vendor\\laravel\\framework\\src\\Illuminate\\Database\\Connectors\\Connector.php(46): Illuminate\\Database\\Connectors\\Connector->createPdoConnection('mysql:host=loca...', 'root', '', Array)
#3 C:\\xampp\\htdocs\\language\\vendor\\laravel\\framework\\src\\Illuminate\\Database\\Connectors\\MySqlConnector.php(24): Illuminate\\Database\\Connectors\\Connector->createConnection('mysql:host=loca...', Array, Array)
#4 C:\\xampp\\htdocs\\language\\vendor\\laravel\\framework\\src\\Illuminate\\Database\\Connectors\\ConnectionFactory.php(184): Illuminate\\Database\\Connectors\\MySqlConnector->connect(Array)
#5 [internal function]: Illuminate\\Database\\Connectors\\ConnectionFactory->Illuminate\\Database\\Connectors\\{closure}()
#6 C:\\xampp\\htdocs\\language\\vendor\\laravel\\framework\\src\\Illuminate\\Database\\Connection.php(1064): call_user_func(Object(Closure))
#7 C:\\xampp\\htdocs\\language\\vendor\\laravel\\framework\\src\\Illuminate\\Database\\Connection.php(1100): Illuminate\\Database\\Connection->getPdo()
#8 C:\\xampp\\htdocs\\language\\vendor\\laravel\\framework\\src\\Illuminate\\Database\\Connection.php(442): Illuminate\\Database\\Connection->getReadPdo()
#9 C:\\xampp\\htdocs\\language\\vendor\\laravel\\framework\\src\\Illuminate\\Database\\Connection.php(368): Illuminate\\Database\\Connection->getPdoForSelect(true)
#10 C:\\xampp\\htdocs\\language\\vendor\\laravel\\framework\\src\\Illuminate\\Database\\Connection.php(705): Illuminate\\Database\\Connection->Illuminate\\Database\\{closure}('select * from i...', Array)
#11 C:\\xampp\\htdocs\\language\\vendor\\laravel\\framework\\src\\Illuminate\\Database\\Connection.php(672): Illuminate\\Database\\Connection->runQueryCallback('select * from i...', Array, Object(Closure))
#12 C:\\xampp\\htdocs\\language\\vendor\\laravel\\framework\\src\\Illuminate\\Database\\Connection.php(376): Illuminate\\Database\\Connection->run('select * from i...', Array, Object(Closure))
#13 C:\\xampp\\htdocs\\language\\vendor\\laravel\\framework\\src\\Illuminate\\Database\\Schema\\MySqlBuilder.php(44): Illuminate\\Database\\Connection->select('select * from i...', Array)
#14 C:\\xampp\\htdocs\\language\\vendor\\laravel\\framework\\src\\Illuminate\\Support\\Facades\\Facade.php(261): Illuminate\\Database\\Schema\\MySqlBuilder->hasTable('configs')
#15 C:\\xampp\\htdocs\\language\\app\\Providers\\AppServiceProvider.php(80): Illuminate\\Support\\Facades\\Facade::__callStatic('hasTable', Array)
#16 C:\\xampp\\htdocs\\language\\vendor\\laravel\\framework\\src\\Illuminate\\Container\\BoundMethod.php(36): App\\Providers\\AppServiceProvider->boot()
#17 C:\\xampp\\htdocs\\language\\vendor\\laravel\\framework\\src\\Illuminate\\Container\\Util.php(40): Illuminate\\Container\\BoundMethod::Illuminate\\Container\\{closure}()
#18 C:\\xampp\\htdocs\\language\\vendor\\laravel\\framework\\src\\Illuminate\\Container\\BoundMethod.php(93): Illuminate\\Container\\Util::unwrapIfClosure(Object(Closure))
#19 C:\\xampp\\htdocs\\language\\vendor\\laravel\\framework\\src\\Illuminate\\Container\\BoundMethod.php(37): Illuminate\\Container\\BoundMethod::callBoundMethod(Object(Illuminate\\Foundation\\Application), Array, Object(Closure))
#20 C:\\xampp\\htdocs\\language\\vendor\\laravel\\framework\\src\\Illuminate\\Container\\Container.php(653): Illuminate\\Container\\BoundMethod::call(Object(Illuminate\\Foundation\\Application), Array, Array, NULL)
#21 C:\\xampp\\htdocs\\language\\vendor\\laravel\\framework\\src\\Illuminate\\Foundation\\Application.php(924): Illuminate\\Container\\Container->call(Array)
#22 C:\\xampp\\htdocs\\language\\vendor\\laravel\\framework\\src\\Illuminate\\Foundation\\Application.php(905): Illuminate\\Foundation\\Application->bootProvider(Object(App\\Providers\\AppServiceProvider))
#23 [internal function]: Illuminate\\Foundation\\Application->Illuminate\\Foundation\\{closure}(Object(App\\Providers\\AppServiceProvider), 58)
#24 C:\\xampp\\htdocs\\language\\vendor\\laravel\\framework\\src\\Illuminate\\Foundation\\Application.php(906): array_walk(Array, Object(Closure))
#25 C:\\xampp\\htdocs\\language\\vendor\\laravel\\framework\\src\\Illuminate\\Foundation\\Bootstrap\\BootProviders.php(17): Illuminate\\Foundation\\Application->boot()
#26 C:\\xampp\\htdocs\\language\\vendor\\laravel\\framework\\src\\Illuminate\\Foundation\\Application.php(237): Illuminate\\Foundation\\Bootstrap\\BootProviders->bootstrap(Object(Illuminate\\Foundation\\Application))
#27 C:\\xampp\\htdocs\\language\\vendor\\laravel\\framework\\src\\Illuminate\\Foundation\\Console\\Kernel.php(310): Illuminate\\Foundation\\Application->bootstrapWith(Array)
#28 C:\\xampp\\htdocs\\language\\vendor\\laravel\\framework\\src\\Illuminate\\Foundation\\Console\\Kernel.php(127): Illuminate\\Foundation\\Console\\Kernel->bootstrap()
#29 C:\\xampp\\htdocs\\language\\artisan(37): Illuminate\\Foundation\\Console\\Kernel->handle(Object(Symfony\\Component\\Console\\Input\\ArgvInput), Object(Symfony\\Component\\Console\\Output\\ConsoleOutput))
#30 {main}
"} 
[28-07-24 20:33:22] local.ERROR: SQLSTATE[HY000] [1049] Unknown database 'mydb4' (SQL: select * from information_schema.tables where table_schema = mydb4 and table_name = configs and table_type = 'BASE TABLE') {"exception":"[object] (Illuminate\\Database\\QueryException(code: 1049): SQLSTATE[HY000] [1049] Unknown database 'mydb4' (SQL: select * from information_schema.tables where table_schema = mydb4 and table_name = configs and table_type = 'BASE TABLE') at C:\\xampp\\htdocs\\language\\vendor\\laravel\\framework\\src\\Illuminate\\Database\\Connection.php:712)
[stacktrace]
#0 C:\\xampp\\htdocs\\language\\vendor\\laravel\\framework\\src\\Illuminate\\Database\\Connection.php(672): Illuminate\\Database\\Connection->runQueryCallback('select * from i...', Array, Object(Closure))
#1 C:\\xampp\\htdocs\\language\\vendor\\laravel\\framework\\src\\Illuminate\\Database\\Connection.php(376): Illuminate\\Database\\Connection->run('select * from i...', Array, Object(Closure))
#2 C:\\xampp\\htdocs\\language\\vendor\\laravel\\framework\\src\\Illuminate\\Database\\Schema\\MySqlBuilder.php(44): Illuminate\\Database\\Connection->select('select * from i...', Array)
#3 C:\\xampp\\htdocs\\language\\vendor\\laravel\\framework\\src\\Illuminate\\Support\\Facades\\Facade.php(261): Illuminate\\Database\\Schema\\MySqlBuilder->hasTable('configs')
#4 C:\\xampp\\htdocs\\language\\app\\Providers\\AppServiceProvider.php(80): Illuminate\\Support\\Facades\\Facade::__callStatic('hasTable', Array)
#5 C:\\xampp\\htdocs\\language\\vendor\\laravel\\framework\\src\\Illuminate\\Container\\BoundMethod.php(36): App\\Providers\\AppServiceProvider->boot()
#6 C:\\xampp\\htdocs\\language\\vendor\\laravel\\framework\\src\\Illuminate\\Container\\Util.php(40): Illuminate\\Container\\BoundMethod::Illuminate\\Container\\{closure}()
#7 C:\\xampp\\htdocs\\language\\vendor\\laravel\\framework\\src\\Illuminate\\Container\\BoundMethod.php(93): Illuminate\\Container\\Util::unwrapIfClosure(Object(Closure))
#8 C:\\xampp\\htdocs\\language\\vendor\\laravel\\framework\\src\\Illuminate\\Container\\BoundMethod.php(37): Illuminate\\Container\\BoundMethod::callBoundMethod(Object(Illuminate\\Foundation\\Application), Array, Object(Closure))
#9 C:\\xampp\\htdocs\\language\\vendor\\laravel\\framework\\src\\Illuminate\\Container\\Container.php(653): Illuminate\\Container\\BoundMethod::call(Object(Illuminate\\Foundation\\Application), Array, Array, NULL)
#10 C:\\xampp\\htdocs\\language\\vendor\\laravel\\framework\\src\\Illuminate\\Foundation\\Application.php(924): Illuminate\\Container\\Container->call(Array)
#11 C:\\xampp\\htdocs\\language\\vendor\\laravel\\framework\\src\\Illuminate\\Foundation\\Application.php(905): Illuminate\\Foundation\\Application->bootProvider(Object(App\\Providers\\AppServiceProvider))
#12 [internal function]: Illuminate\\Foundation\\Application->Illuminate\\Foundation\\{closure}(Object(App\\Providers\\AppServiceProvider), 58)
#13 C:\\xampp\\htdocs\\language\\vendor\\laravel\\framework\\src\\Illuminate\\Foundation\\Application.php(906): array_walk(Array, Object(Closure))
#14 C:\\xampp\\htdocs\\language\\vendor\\laravel\\framework\\src\\Illuminate\\Foundation\\Bootstrap\\BootProviders.php(17): Illuminate\\Foundation\\Application->boot()
#15 C:\\xampp\\htdocs\\language\\vendor\\laravel\\framework\\src\\Illuminate\\Foundation\\Application.php(237): Illuminate\\Foundation\\Bootstrap\\BootProviders->bootstrap(Object(Illuminate\\Foundation\\Application))
#16 C:\\xampp\\htdocs\\language\\vendor\\laravel\\framework\\src\\Illuminate\\Foundation\\Console\\Kernel.php(310): Illuminate\\Foundation\\Application->bootstrapWith(Array)
#17 C:\\xampp\\htdocs\\language\\vendor\\laravel\\framework\\src\\Illuminate\\Foundation\\Console\\Kernel.php(127): Illuminate\\Foundation\\Console\\Kernel->bootstrap()
#18 C:\\xampp\\htdocs\\language\\artisan(37): Illuminate\\Foundation\\Console\\Kernel->handle(Object(Symfony\\Component\\Console\\Input\\ArgvInput), Object(Symfony\\Component\\Console\\Output\\ConsoleOutput))
#19 {main}

[previous exception] [object] (Doctrine\\DBAL\\Driver\\PDO\\Exception(code: 1049): SQLSTATE[HY000] [1049] Unknown database 'mydb4' at C:\\xampp\\htdocs\\language\\vendor\\doctrine\\dbal\\lib\\Doctrine\\DBAL\\Driver\\PDO\\Exception.php:18)
[stacktrace]
#0 C:\\xampp\\htdocs\\language\\vendor\\doctrine\\dbal\\lib\\Doctrine\\DBAL\\Driver\\PDOConnection.php(42): Doctrine\\DBAL\\Driver\\PDO\\Exception::new(Object(PDOException))
#1 C:\\xampp\\htdocs\\language\\vendor\\laravel\\framework\\src\\Illuminate\\Database\\Connectors\\Connector.php(67): Doctrine\\DBAL\\Driver\\PDOConnection->__construct('mysql:host=loca...', 'root', '', Array)
#2 C:\\xampp\\htdocs\\language\\vendor\\laravel\\framework\\src\\Illuminate\\Database\\Connectors\\Connector.php(46): Illuminate\\Database\\Connectors\\Connector->createPdoConnection('mysql:host=loca...', 'root', '', Array)
#3 C:\\xampp\\htdocs\\language\\vendor\\laravel\\framework\\src\\Illuminate\\Database\\Connectors\\MySqlConnector.php(24): Illuminate\\Database\\Connectors\\Connector->createConnection('mysql:host=loca...', Array, Array)
#4 C:\\xampp\\htdocs\\language\\vendor\\laravel\\framework\\src\\Illuminate\\Database\\Connectors\\ConnectionFactory.php(184): Illuminate\\Database\\Connectors\\MySqlConnector->connect(Array)
#5 [internal function]: Illuminate\\Database\\Connectors\\ConnectionFactory->Illuminate\\Database\\Connectors\\{closure}()
#6 C:\\xampp\\htdocs\\language\\vendor\\laravel\\framework\\src\\Illuminate\\Database\\Connection.php(1064): call_user_func(Object(Closure))
#7 C:\\xampp\\htdocs\\language\\vendor\\laravel\\framework\\src\\Illuminate\\Database\\Connection.php(1100): Illuminate\\Database\\Connection->getPdo()
#8 C:\\xampp\\htdocs\\language\\vendor\\laravel\\framework\\src\\Illuminate\\Database\\Connection.php(442): Illuminate\\Database\\Connection->getReadPdo()
#9 C:\\xampp\\htdocs\\language\\vendor\\laravel\\framework\\src\\Illuminate\\Database\\Connection.php(368): Illuminate\\Database\\Connection->getPdoForSelect(true)
#10 C:\\xampp\\htdocs\\language\\vendor\\laravel\\framework\\src\\Illuminate\\Database\\Connection.php(705): Illuminate\\Database\\Connection->Illuminate\\Database\\{closure}('select * from i...', Array)
#11 C:\\xampp\\htdocs\\language\\vendor\\laravel\\framework\\src\\Illuminate\\Database\\Connection.php(672): Illuminate\\Database\\Connection->runQueryCallback('select * from i...', Array, Object(Closure))
#12 C:\\xampp\\htdocs\\language\\vendor\\laravel\\framework\\src\\Illuminate\\Database\\Connection.php(376): Illuminate\\Database\\Connection->run('select * from i...', Array, Object(Closure))
#13 C:\\xampp\\htdocs\\language\\vendor\\laravel\\framework\\src\\Illuminate\\Database\\Schema\\MySqlBuilder.php(44): Illuminate\\Database\\Connection->select('select * from i...', Array)
#14 C:\\xampp\\htdocs\\language\\vendor\\laravel\\framework\\src\\Illuminate\\Support\\Facades\\Facade.php(261): Illuminate\\Database\\Schema\\MySqlBuilder->hasTable('configs')
#15 C:\\xampp\\htdocs\\language\\app\\Providers\\AppServiceProvider.php(80): Illuminate\\Support\\Facades\\Facade::__callStatic('hasTable', Array)
#16 C:\\xampp\\htdocs\\language\\vendor\\laravel\\framework\\src\\Illuminate\\Container\\BoundMethod.php(36): App\\Providers\\AppServiceProvider->boot()
#17 C:\\xampp\\htdocs\\language\\vendor\\laravel\\framework\\src\\Illuminate\\Container\\Util.php(40): Illuminate\\Container\\BoundMethod::Illuminate\\Container\\{closure}()
#18 C:\\xampp\\htdocs\\language\\vendor\\laravel\\framework\\src\\Illuminate\\Container\\BoundMethod.php(93): Illuminate\\Container\\Util::unwrapIfClosure(Object(Closure))
#19 C:\\xampp\\htdocs\\language\\vendor\\laravel\\framework\\src\\Illuminate\\Container\\BoundMethod.php(37): Illuminate\\Container\\BoundMethod::callBoundMethod(Object(Illuminate\\Foundation\\Application), Array, Object(Closure))
#20 C:\\xampp\\htdocs\\language\\vendor\\laravel\\framework\\src\\Illuminate\\Container\\Container.php(653): Illuminate\\Container\\BoundMethod::call(Object(Illuminate\\Foundation\\Application), Array, Array, NULL)
#21 C:\\xampp\\htdocs\\language\\vendor\\laravel\\framework\\src\\Illuminate\\Foundation\\Application.php(924): Illuminate\\Container\\Container->call(Array)
#22 C:\\xampp\\htdocs\\language\\vendor\\laravel\\framework\\src\\Illuminate\\Foundation\\Application.php(905): Illuminate\\Foundation\\Application->bootProvider(Object(App\\Providers\\AppServiceProvider))
#23 [internal function]: Illuminate\\Foundation\\Application->Illuminate\\Foundation\\{closure}(Object(App\\Providers\\AppServiceProvider), 58)
#24 C:\\xampp\\htdocs\\language\\vendor\\laravel\\framework\\src\\Illuminate\\Foundation\\Application.php(906): array_walk(Array, Object(Closure))
#25 C:\\xampp\\htdocs\\language\\vendor\\laravel\\framework\\src\\Illuminate\\Foundation\\Bootstrap\\BootProviders.php(17): Illuminate\\Foundation\\Application->boot()
#26 C:\\xampp\\htdocs\\language\\vendor\\laravel\\framework\\src\\Illuminate\\Foundation\\Application.php(237): Illuminate\\Foundation\\Bootstrap\\BootProviders->bootstrap(Object(Illuminate\\Foundation\\Application))
#27 C:\\xampp\\htdocs\\language\\vendor\\laravel\\framework\\src\\Illuminate\\Foundation\\Console\\Kernel.php(310): Illuminate\\Foundation\\Application->bootstrapWith(Array)
#28 C:\\xampp\\htdocs\\language\\vendor\\laravel\\framework\\src\\Illuminate\\Foundation\\Console\\Kernel.php(127): Illuminate\\Foundation\\Console\\Kernel->bootstrap()
#29 C:\\xampp\\htdocs\\language\\artisan(37): Illuminate\\Foundation\\Console\\Kernel->handle(Object(Symfony\\Component\\Console\\Input\\ArgvInput), Object(Symfony\\Component\\Console\\Output\\ConsoleOutput))
#30 {main}

[previous exception] [object] (PDOException(code: 1049): SQLSTATE[HY000] [1049] Unknown database 'mydb4' at C:\\xampp\\htdocs\\language\\vendor\\doctrine\\dbal\\lib\\Doctrine\\DBAL\\Driver\\PDOConnection.php:38)
[stacktrace]
#0 C:\\xampp\\htdocs\\language\\vendor\\doctrine\\dbal\\lib\\Doctrine\\DBAL\\Driver\\PDOConnection.php(38): PDO->__construct('mysql:host=loca...', 'root', '', Array)
#1 C:\\xampp\\htdocs\\language\\vendor\\laravel\\framework\\src\\Illuminate\\Database\\Connectors\\Connector.php(67): Doctrine\\DBAL\\Driver\\PDOConnection->__construct('mysql:host=loca...', 'root', '', Array)
#2 C:\\xampp\\htdocs\\language\\vendor\\laravel\\framework\\src\\Illuminate\\Database\\Connectors\\Connector.php(46): Illuminate\\Database\\Connectors\\Connector->createPdoConnection('mysql:host=loca...', 'root', '', Array)
#3 C:\\xampp\\htdocs\\language\\vendor\\laravel\\framework\\src\\Illuminate\\Database\\Connectors\\MySqlConnector.php(24): Illuminate\\Database\\Connectors\\Connector->createConnection('mysql:host=loca...', Array, Array)
#4 C:\\xampp\\htdocs\\language\\vendor\\laravel\\framework\\src\\Illuminate\\Database\\Connectors\\ConnectionFactory.php(184): Illuminate\\Database\\Connectors\\MySqlConnector->connect(Array)
#5 [internal function]: Illuminate\\Database\\Connectors\\ConnectionFactory->Illuminate\\Database\\Connectors\\{closure}()
#6 C:\\xampp\\htdocs\\language\\vendor\\laravel\\framework\\src\\Illuminate\\Database\\Connection.php(1064): call_user_func(Object(Closure))
#7 C:\\xampp\\htdocs\\language\\vendor\\laravel\\framework\\src\\Illuminate\\Database\\Connection.php(1100): Illuminate\\Database\\Connection->getPdo()
#8 C:\\xampp\\htdocs\\language\\vendor\\laravel\\framework\\src\\Illuminate\\Database\\Connection.php(442): Illuminate\\Database\\Connection->getReadPdo()
#9 C:\\xampp\\htdocs\\language\\vendor\\laravel\\framework\\src\\Illuminate\\Database\\Connection.php(368): Illuminate\\Database\\Connection->getPdoForSelect(true)
#10 C:\\xampp\\htdocs\\language\\vendor\\laravel\\framework\\src\\Illuminate\\Database\\Connection.php(705): Illuminate\\Database\\Connection->Illuminate\\Database\\{closure}('select * from i...', Array)
#11 C:\\xampp\\htdocs\\language\\vendor\\laravel\\framework\\src\\Illuminate\\Database\\Connection.php(672): Illuminate\\Database\\Connection->runQueryCallback('select * from i...', Array, Object(Closure))
#12 C:\\xampp\\htdocs\\language\\vendor\\laravel\\framework\\src\\Illuminate\\Database\\Connection.php(376): Illuminate\\Database\\Connection->run('select * from i...', Array, Object(Closure))
#13 C:\\xampp\\htdocs\\language\\vendor\\laravel\\framework\\src\\Illuminate\\Database\\Schema\\MySqlBuilder.php(44): Illuminate\\Database\\Connection->select('select * from i...', Array)
#14 C:\\xampp\\htdocs\\language\\vendor\\laravel\\framework\\src\\Illuminate\\Support\\Facades\\Facade.php(261): Illuminate\\Database\\Schema\\MySqlBuilder->hasTable('configs')
#15 C:\\xampp\\htdocs\\language\\app\\Providers\\AppServiceProvider.php(80): Illuminate\\Support\\Facades\\Facade::__callStatic('hasTable', Array)
#16 C:\\xampp\\htdocs\\language\\vendor\\laravel\\framework\\src\\Illuminate\\Container\\BoundMethod.php(36): App\\Providers\\AppServiceProvider->boot()
#17 C:\\xampp\\htdocs\\language\\vendor\\laravel\\framework\\src\\Illuminate\\Container\\Util.php(40): Illuminate\\Container\\BoundMethod::Illuminate\\Container\\{closure}()
#18 C:\\xampp\\htdocs\\language\\vendor\\laravel\\framework\\src\\Illuminate\\Container\\BoundMethod.php(93): Illuminate\\Container\\Util::unwrapIfClosure(Object(Closure))
#19 C:\\xampp\\htdocs\\language\\vendor\\laravel\\framework\\src\\Illuminate\\Container\\BoundMethod.php(37): Illuminate\\Container\\BoundMethod::callBoundMethod(Object(Illuminate\\Foundation\\Application), Array, Object(Closure))
#20 C:\\xampp\\htdocs\\language\\vendor\\laravel\\framework\\src\\Illuminate\\Container\\Container.php(653): Illuminate\\Container\\BoundMethod::call(Object(Illuminate\\Foundation\\Application), Array, Array, NULL)
#21 C:\\xampp\\htdocs\\language\\vendor\\laravel\\framework\\src\\Illuminate\\Foundation\\Application.php(924): Illuminate\\Container\\Container->call(Array)
#22 C:\\xampp\\htdocs\\language\\vendor\\laravel\\framework\\src\\Illuminate\\Foundation\\Application.php(905): Illuminate\\Foundation\\Application->bootProvider(Object(App\\Providers\\AppServiceProvider))
#23 [internal function]: Illuminate\\Foundation\\Application->Illuminate\\Foundation\\{closure}(Object(App\\Providers\\AppServiceProvider), 58)
#24 C:\\xampp\\htdocs\\language\\vendor\\laravel\\framework\\src\\Illuminate\\Foundation\\Application.php(906): array_walk(Array, Object(Closure))
#25 C:\\xampp\\htdocs\\language\\vendor\\laravel\\framework\\src\\Illuminate\\Foundation\\Bootstrap\\BootProviders.php(17): Illuminate\\Foundation\\Application->boot()
#26 C:\\xampp\\htdocs\\language\\vendor\\laravel\\framework\\src\\Illuminate\\Foundation\\Application.php(237): Illuminate\\Foundation\\Bootstrap\\BootProviders->bootstrap(Object(Illuminate\\Foundation\\Application))
#27 C:\\xampp\\htdocs\\language\\vendor\\laravel\\framework\\src\\Illuminate\\Foundation\\Console\\Kernel.php(310): Illuminate\\Foundation\\Application->bootstrapWith(Array)
#28 C:\\xampp\\htdocs\\language\\vendor\\laravel\\framework\\src\\Illuminate\\Foundation\\Console\\Kernel.php(127): Illuminate\\Foundation\\Console\\Kernel->bootstrap()
#29 C:\\xampp\\htdocs\\language\\artisan(37): Illuminate\\Foundation\\Console\\Kernel->handle(Object(Symfony\\Component\\Console\\Input\\ArgvInput), Object(Symfony\\Component\\Console\\Output\\ConsoleOutput))
#30 {main}
"} 
[28-07-24 20:33:24] local.ERROR: SQLSTATE[HY000] [1049] Unknown database 'mydb4' (SQL: select * from information_schema.tables where table_schema = mydb4 and table_name = configs and table_type = 'BASE TABLE') {"exception":"[object] (Illuminate\\Database\\QueryException(code: 1049): SQLSTATE[HY000] [1049] Unknown database 'mydb4' (SQL: select * from information_schema.tables where table_schema = mydb4 and table_name = configs and table_type = 'BASE TABLE') at C:\\xampp\\htdocs\\language\\vendor\\laravel\\framework\\src\\Illuminate\\Database\\Connection.php:712)
[stacktrace]
#0 C:\\xampp\\htdocs\\language\\vendor\\laravel\\framework\\src\\Illuminate\\Database\\Connection.php(672): Illuminate\\Database\\Connection->runQueryCallback('select * from i...', Array, Object(Closure))
#1 C:\\xampp\\htdocs\\language\\vendor\\laravel\\framework\\src\\Illuminate\\Database\\Connection.php(376): Illuminate\\Database\\Connection->run('select * from i...', Array, Object(Closure))
#2 C:\\xampp\\htdocs\\language\\vendor\\laravel\\framework\\src\\Illuminate\\Database\\Schema\\MySqlBuilder.php(44): Illuminate\\Database\\Connection->select('select * from i...', Array)
#3 C:\\xampp\\htdocs\\language\\vendor\\laravel\\framework\\src\\Illuminate\\Support\\Facades\\Facade.php(261): Illuminate\\Database\\Schema\\MySqlBuilder->hasTable('configs')
#4 C:\\xampp\\htdocs\\language\\app\\Providers\\AppServiceProvider.php(80): Illuminate\\Support\\Facades\\Facade::__callStatic('hasTable', Array)
#5 C:\\xampp\\htdocs\\language\\vendor\\laravel\\framework\\src\\Illuminate\\Container\\BoundMethod.php(36): App\\Providers\\AppServiceProvider->boot()
#6 C:\\xampp\\htdocs\\language\\vendor\\laravel\\framework\\src\\Illuminate\\Container\\Util.php(40): Illuminate\\Container\\BoundMethod::Illuminate\\Container\\{closure}()
#7 C:\\xampp\\htdocs\\language\\vendor\\laravel\\framework\\src\\Illuminate\\Container\\BoundMethod.php(93): Illuminate\\Container\\Util::unwrapIfClosure(Object(Closure))
#8 C:\\xampp\\htdocs\\language\\vendor\\laravel\\framework\\src\\Illuminate\\Container\\BoundMethod.php(37): Illuminate\\Container\\BoundMethod::callBoundMethod(Object(Illuminate\\Foundation\\Application), Array, Object(Closure))
#9 C:\\xampp\\htdocs\\language\\vendor\\laravel\\framework\\src\\Illuminate\\Container\\Container.php(653): Illuminate\\Container\\BoundMethod::call(Object(Illuminate\\Foundation\\Application), Array, Array, NULL)
#10 C:\\xampp\\htdocs\\language\\vendor\\laravel\\framework\\src\\Illuminate\\Foundation\\Application.php(924): Illuminate\\Container\\Container->call(Array)
#11 C:\\xampp\\htdocs\\language\\vendor\\laravel\\framework\\src\\Illuminate\\Foundation\\Application.php(905): Illuminate\\Foundation\\Application->bootProvider(Object(App\\Providers\\AppServiceProvider))
#12 [internal function]: Illuminate\\Foundation\\Application->Illuminate\\Foundation\\{closure}(Object(App\\Providers\\AppServiceProvider), 58)
#13 C:\\xampp\\htdocs\\language\\vendor\\laravel\\framework\\src\\Illuminate\\Foundation\\Application.php(906): array_walk(Array, Object(Closure))
#14 C:\\xampp\\htdocs\\language\\vendor\\laravel\\framework\\src\\Illuminate\\Foundation\\Bootstrap\\BootProviders.php(17): Illuminate\\Foundation\\Application->boot()
#15 C:\\xampp\\htdocs\\language\\vendor\\laravel\\framework\\src\\Illuminate\\Foundation\\Application.php(237): Illuminate\\Foundation\\Bootstrap\\BootProviders->bootstrap(Object(Illuminate\\Foundation\\Application))
#16 C:\\xampp\\htdocs\\language\\vendor\\laravel\\framework\\src\\Illuminate\\Foundation\\Console\\Kernel.php(310): Illuminate\\Foundation\\Application->bootstrapWith(Array)
#17 C:\\xampp\\htdocs\\language\\vendor\\laravel\\framework\\src\\Illuminate\\Foundation\\Console\\Kernel.php(127): Illuminate\\Foundation\\Console\\Kernel->bootstrap()
#18 C:\\xampp\\htdocs\\language\\artisan(37): Illuminate\\Foundation\\Console\\Kernel->handle(Object(Symfony\\Component\\Console\\Input\\ArgvInput), Object(Symfony\\Component\\Console\\Output\\ConsoleOutput))
#19 {main}

[previous exception] [object] (Doctrine\\DBAL\\Driver\\PDO\\Exception(code: 1049): SQLSTATE[HY000] [1049] Unknown database 'mydb4' at C:\\xampp\\htdocs\\language\\vendor\\doctrine\\dbal\\lib\\Doctrine\\DBAL\\Driver\\PDO\\Exception.php:18)
[stacktrace]
#0 C:\\xampp\\htdocs\\language\\vendor\\doctrine\\dbal\\lib\\Doctrine\\DBAL\\Driver\\PDOConnection.php(42): Doctrine\\DBAL\\Driver\\PDO\\Exception::new(Object(PDOException))
#1 C:\\xampp\\htdocs\\language\\vendor\\laravel\\framework\\src\\Illuminate\\Database\\Connectors\\Connector.php(67): Doctrine\\DBAL\\Driver\\PDOConnection->__construct('mysql:host=loca...', 'root', '', Array)
#2 C:\\xampp\\htdocs\\language\\vendor\\laravel\\framework\\src\\Illuminate\\Database\\Connectors\\Connector.php(46): Illuminate\\Database\\Connectors\\Connector->createPdoConnection('mysql:host=loca...', 'root', '', Array)
#3 C:\\xampp\\htdocs\\language\\vendor\\laravel\\framework\\src\\Illuminate\\Database\\Connectors\\MySqlConnector.php(24): Illuminate\\Database\\Connectors\\Connector->createConnection('mysql:host=loca...', Array, Array)
#4 C:\\xampp\\htdocs\\language\\vendor\\laravel\\framework\\src\\Illuminate\\Database\\Connectors\\ConnectionFactory.php(184): Illuminate\\Database\\Connectors\\MySqlConnector->connect(Array)
#5 [internal function]: Illuminate\\Database\\Connectors\\ConnectionFactory->Illuminate\\Database\\Connectors\\{closure}()
#6 C:\\xampp\\htdocs\\language\\vendor\\laravel\\framework\\src\\Illuminate\\Database\\Connection.php(1064): call_user_func(Object(Closure))
#7 C:\\xampp\\htdocs\\language\\vendor\\laravel\\framework\\src\\Illuminate\\Database\\Connection.php(1100): Illuminate\\Database\\Connection->getPdo()
#8 C:\\xampp\\htdocs\\language\\vendor\\laravel\\framework\\src\\Illuminate\\Database\\Connection.php(442): Illuminate\\Database\\Connection->getReadPdo()
#9 C:\\xampp\\htdocs\\language\\vendor\\laravel\\framework\\src\\Illuminate\\Database\\Connection.php(368): Illuminate\\Database\\Connection->getPdoForSelect(true)
#10 C:\\xampp\\htdocs\\language\\vendor\\laravel\\framework\\src\\Illuminate\\Database\\Connection.php(705): Illuminate\\Database\\Connection->Illuminate\\Database\\{closure}('select * from i...', Array)
#11 C:\\xampp\\htdocs\\language\\vendor\\laravel\\framework\\src\\Illuminate\\Database\\Connection.php(672): Illuminate\\Database\\Connection->runQueryCallback('select * from i...', Array, Object(Closure))
#12 C:\\xampp\\htdocs\\language\\vendor\\laravel\\framework\\src\\Illuminate\\Database\\Connection.php(376): Illuminate\\Database\\Connection->run('select * from i...', Array, Object(Closure))
#13 C:\\xampp\\htdocs\\language\\vendor\\laravel\\framework\\src\\Illuminate\\Database\\Schema\\MySqlBuilder.php(44): Illuminate\\Database\\Connection->select('select * from i...', Array)
#14 C:\\xampp\\htdocs\\language\\vendor\\laravel\\framework\\src\\Illuminate\\Support\\Facades\\Facade.php(261): Illuminate\\Database\\Schema\\MySqlBuilder->hasTable('configs')
#15 C:\\xampp\\htdocs\\language\\app\\Providers\\AppServiceProvider.php(80): Illuminate\\Support\\Facades\\Facade::__callStatic('hasTable', Array)
#16 C:\\xampp\\htdocs\\language\\vendor\\laravel\\framework\\src\\Illuminate\\Container\\BoundMethod.php(36): App\\Providers\\AppServiceProvider->boot()
#17 C:\\xampp\\htdocs\\language\\vendor\\laravel\\framework\\src\\Illuminate\\Container\\Util.php(40): Illuminate\\Container\\BoundMethod::Illuminate\\Container\\{closure}()
#18 C:\\xampp\\htdocs\\language\\vendor\\laravel\\framework\\src\\Illuminate\\Container\\BoundMethod.php(93): Illuminate\\Container\\Util::unwrapIfClosure(Object(Closure))
#19 C:\\xampp\\htdocs\\language\\vendor\\laravel\\framework\\src\\Illuminate\\Container\\BoundMethod.php(37): Illuminate\\Container\\BoundMethod::callBoundMethod(Object(Illuminate\\Foundation\\Application), Array, Object(Closure))
#20 C:\\xampp\\htdocs\\language\\vendor\\laravel\\framework\\src\\Illuminate\\Container\\Container.php(653): Illuminate\\Container\\BoundMethod::call(Object(Illuminate\\Foundation\\Application), Array, Array, NULL)
#21 C:\\xampp\\htdocs\\language\\vendor\\laravel\\framework\\src\\Illuminate\\Foundation\\Application.php(924): Illuminate\\Container\\Container->call(Array)
#22 C:\\xampp\\htdocs\\language\\vendor\\laravel\\framework\\src\\Illuminate\\Foundation\\Application.php(905): Illuminate\\Foundation\\Application->bootProvider(Object(App\\Providers\\AppServiceProvider))
#23 [internal function]: Illuminate\\Foundation\\Application->Illuminate\\Foundation\\{closure}(Object(App\\Providers\\AppServiceProvider), 58)
#24 C:\\xampp\\htdocs\\language\\vendor\\laravel\\framework\\src\\Illuminate\\Foundation\\Application.php(906): array_walk(Array, Object(Closure))
#25 C:\\xampp\\htdocs\\language\\vendor\\laravel\\framework\\src\\Illuminate\\Foundation\\Bootstrap\\BootProviders.php(17): Illuminate\\Foundation\\Application->boot()
#26 C:\\xampp\\htdocs\\language\\vendor\\laravel\\framework\\src\\Illuminate\\Foundation\\Application.php(237): Illuminate\\Foundation\\Bootstrap\\BootProviders->bootstrap(Object(Illuminate\\Foundation\\Application))
#27 C:\\xampp\\htdocs\\language\\vendor\\laravel\\framework\\src\\Illuminate\\Foundation\\Console\\Kernel.php(310): Illuminate\\Foundation\\Application->bootstrapWith(Array)
#28 C:\\xampp\\htdocs\\language\\vendor\\laravel\\framework\\src\\Illuminate\\Foundation\\Console\\Kernel.php(127): Illuminate\\Foundation\\Console\\Kernel->bootstrap()
#29 C:\\xampp\\htdocs\\language\\artisan(37): Illuminate\\Foundation\\Console\\Kernel->handle(Object(Symfony\\Component\\Console\\Input\\ArgvInput), Object(Symfony\\Component\\Console\\Output\\ConsoleOutput))
#30 {main}

[previous exception] [object] (PDOException(code: 1049): SQLSTATE[HY000] [1049] Unknown database 'mydb4' at C:\\xampp\\htdocs\\language\\vendor\\doctrine\\dbal\\lib\\Doctrine\\DBAL\\Driver\\PDOConnection.php:38)
[stacktrace]
#0 C:\\xampp\\htdocs\\language\\vendor\\doctrine\\dbal\\lib\\Doctrine\\DBAL\\Driver\\PDOConnection.php(38): PDO->__construct('mysql:host=loca...', 'root', '', Array)
#1 C:\\xampp\\htdocs\\language\\vendor\\laravel\\framework\\src\\Illuminate\\Database\\Connectors\\Connector.php(67): Doctrine\\DBAL\\Driver\\PDOConnection->__construct('mysql:host=loca...', 'root', '', Array)
#2 C:\\xampp\\htdocs\\language\\vendor\\laravel\\framework\\src\\Illuminate\\Database\\Connectors\\Connector.php(46): Illuminate\\Database\\Connectors\\Connector->createPdoConnection('mysql:host=loca...', 'root', '', Array)
#3 C:\\xampp\\htdocs\\language\\vendor\\laravel\\framework\\src\\Illuminate\\Database\\Connectors\\MySqlConnector.php(24): Illuminate\\Database\\Connectors\\Connector->createConnection('mysql:host=loca...', Array, Array)
#4 C:\\xampp\\htdocs\\language\\vendor\\laravel\\framework\\src\\Illuminate\\Database\\Connectors\\ConnectionFactory.php(184): Illuminate\\Database\\Connectors\\MySqlConnector->connect(Array)
#5 [internal function]: Illuminate\\Database\\Connectors\\ConnectionFactory->Illuminate\\Database\\Connectors\\{closure}()
#6 C:\\xampp\\htdocs\\language\\vendor\\laravel\\framework\\src\\Illuminate\\Database\\Connection.php(1064): call_user_func(Object(Closure))
#7 C:\\xampp\\htdocs\\language\\vendor\\laravel\\framework\\src\\Illuminate\\Database\\Connection.php(1100): Illuminate\\Database\\Connection->getPdo()
#8 C:\\xampp\\htdocs\\language\\vendor\\laravel\\framework\\src\\Illuminate\\Database\\Connection.php(442): Illuminate\\Database\\Connection->getReadPdo()
#9 C:\\xampp\\htdocs\\language\\vendor\\laravel\\framework\\src\\Illuminate\\Database\\Connection.php(368): Illuminate\\Database\\Connection->getPdoForSelect(true)
#10 C:\\xampp\\htdocs\\language\\vendor\\laravel\\framework\\src\\Illuminate\\Database\\Connection.php(705): Illuminate\\Database\\Connection->Illuminate\\Database\\{closure}('select * from i...', Array)
#11 C:\\xampp\\htdocs\\language\\vendor\\laravel\\framework\\src\\Illuminate\\Database\\Connection.php(672): Illuminate\\Database\\Connection->runQueryCallback('select * from i...', Array, Object(Closure))
#12 C:\\xampp\\htdocs\\language\\vendor\\laravel\\framework\\src\\Illuminate\\Database\\Connection.php(376): Illuminate\\Database\\Connection->run('select * from i...', Array, Object(Closure))
#13 C:\\xampp\\htdocs\\language\\vendor\\laravel\\framework\\src\\Illuminate\\Database\\Schema\\MySqlBuilder.php(44): Illuminate\\Database\\Connection->select('select * from i...', Array)
#14 C:\\xampp\\htdocs\\language\\vendor\\laravel\\framework\\src\\Illuminate\\Support\\Facades\\Facade.php(261): Illuminate\\Database\\Schema\\MySqlBuilder->hasTable('configs')
#15 C:\\xampp\\htdocs\\language\\app\\Providers\\AppServiceProvider.php(80): Illuminate\\Support\\Facades\\Facade::__callStatic('hasTable', Array)
#16 C:\\xampp\\htdocs\\language\\vendor\\laravel\\framework\\src\\Illuminate\\Container\\BoundMethod.php(36): App\\Providers\\AppServiceProvider->boot()
#17 C:\\xampp\\htdocs\\language\\vendor\\laravel\\framework\\src\\Illuminate\\Container\\Util.php(40): Illuminate\\Container\\BoundMethod::Illuminate\\Container\\{closure}()
#18 C:\\xampp\\htdocs\\language\\vendor\\laravel\\framework\\src\\Illuminate\\Container\\BoundMethod.php(93): Illuminate\\Container\\Util::unwrapIfClosure(Object(Closure))
#19 C:\\xampp\\htdocs\\language\\vendor\\laravel\\framework\\src\\Illuminate\\Container\\BoundMethod.php(37): Illuminate\\Container\\BoundMethod::callBoundMethod(Object(Illuminate\\Foundation\\Application), Array, Object(Closure))
#20 C:\\xampp\\htdocs\\language\\vendor\\laravel\\framework\\src\\Illuminate\\Container\\Container.php(653): Illuminate\\Container\\BoundMethod::call(Object(Illuminate\\Foundation\\Application), Array, Array, NULL)
#21 C:\\xampp\\htdocs\\language\\vendor\\laravel\\framework\\src\\Illuminate\\Foundation\\Application.php(924): Illuminate\\Container\\Container->call(Array)
#22 C:\\xampp\\htdocs\\language\\vendor\\laravel\\framework\\src\\Illuminate\\Foundation\\Application.php(905): Illuminate\\Foundation\\Application->bootProvider(Object(App\\Providers\\AppServiceProvider))
#23 [internal function]: Illuminate\\Foundation\\Application->Illuminate\\Foundation\\{closure}(Object(App\\Providers\\AppServiceProvider), 58)
#24 C:\\xampp\\htdocs\\language\\vendor\\laravel\\framework\\src\\Illuminate\\Foundation\\Application.php(906): array_walk(Array, Object(Closure))
#25 C:\\xampp\\htdocs\\language\\vendor\\laravel\\framework\\src\\Illuminate\\Foundation\\Bootstrap\\BootProviders.php(17): Illuminate\\Foundation\\Application->boot()
#26 C:\\xampp\\htdocs\\language\\vendor\\laravel\\framework\\src\\Illuminate\\Foundation\\Application.php(237): Illuminate\\Foundation\\Bootstrap\\BootProviders->bootstrap(Object(Illuminate\\Foundation\\Application))
#27 C:\\xampp\\htdocs\\language\\vendor\\laravel\\framework\\src\\Illuminate\\Foundation\\Console\\Kernel.php(310): Illuminate\\Foundation\\Application->bootstrapWith(Array)
#28 C:\\xampp\\htdocs\\language\\vendor\\laravel\\framework\\src\\Illuminate\\Foundation\\Console\\Kernel.php(127): Illuminate\\Foundation\\Console\\Kernel->bootstrap()
#29 C:\\xampp\\htdocs\\language\\artisan(37): Illuminate\\Foundation\\Console\\Kernel->handle(Object(Symfony\\Component\\Console\\Input\\ArgvInput), Object(Symfony\\Component\\Console\\Output\\ConsoleOutput))
#30 {main}
"} 
[28-07-24 21:38:23] local.INFO: {"id":45,"uuid":"8bf08c04-6cdf-4e16-81ea-67106f62cb42","first_name":"as","last_name":"as","email":"rirdogikno@gufum.com","dob":null,"phone":null,"gender":null,"address":null,"city":null,"pincode":null,"state":null,"country":null,"avatar_type":"gravatar","avatar_location":null,"password_changed_at":null,"active":true,"confirmation_code":null,"confirmed":true,"timezone":null,"last_login_at":"2028-02-24T07:03:19.000000Z","last_login_ip":"127.0.0.1","created_at":"2028-02-24T06:17:43.000000Z","updated_at":"2028-02-24T07:03:19.000000Z","deleted_at":null,"stripe_id":null,"card_brand":null,"card_last_four":null,"trial_ends_at":null,"full_name":"as as","image":"https:\/\/www.gravatar.com\/avatar\/ded267a347adea5c5a8f11c551fa7a25.jpg?s=80&d=mm&r=g","roles":[{"id":3,"name":"student","guard_name":"web","created_at":"2024-02-06T03:46:23.000000Z","updated_at":"2024-02-06T03:46:23.000000Z","pivot":{"model_id":45,"role_id":3,"model_type":"App\\Models\\Auth\\User"}}],"permissions":[],"providers":[]}  
[28-07-24 21:38:23] local.INFO: {"id":44,"uuid":"c13ed994-a234-4c32-ab0d-094bced0265e","first_name":"s","last_name":"s","email":"rortihedru@gufum.com","dob":null,"phone":null,"gender":null,"address":null,"city":null,"pincode":null,"state":null,"country":null,"avatar_type":"gravatar","avatar_location":null,"password_changed_at":null,"active":true,"confirmation_code":null,"confirmed":true,"timezone":null,"last_login_at":"2028-02-24T05:33:04.000000Z","last_login_ip":"127.0.0.1","created_at":"2028-02-24T05:32:56.000000Z","updated_at":"2028-02-24T05:33:04.000000Z","deleted_at":null,"stripe_id":null,"card_brand":null,"card_last_four":null,"trial_ends_at":null,"full_name":"s s","image":"https:\/\/www.gravatar.com\/avatar\/e1354f3c8b95244591cf475690afef26.jpg?s=80&d=mm&r=g","roles":[{"id":3,"name":"student","guard_name":"web","created_at":"2024-02-06T03:46:23.000000Z","updated_at":"2024-02-06T03:46:23.000000Z","pivot":{"model_id":44,"role_id":3,"model_type":"App\\Models\\Auth\\User"}}],"permissions":[],"providers":[]}  
[28-07-24 21:38:23] local.INFO: {"id":43,"uuid":"c143ba6e-cc8c-4e80-bc5b-55c290f62955","first_name":"a","last_name":"a","email":"lncnbewkuc@localjobsnearme.com","dob":null,"phone":null,"gender":null,"address":null,"city":null,"pincode":null,"state":null,"country":null,"avatar_type":"gravatar","avatar_location":null,"password_changed_at":null,"active":true,"confirmation_code":null,"confirmed":true,"timezone":null,"last_login_at":"2029-02-24T03:18:53.000000Z","last_login_ip":"127.0.0.1","created_at":"2024-02-20T22:57:37.000000Z","updated_at":"2029-02-24T03:18:53.000000Z","deleted_at":null,"stripe_id":null,"card_brand":null,"card_last_four":null,"trial_ends_at":null,"full_name":"a a","image":"https:\/\/www.gravatar.com\/avatar\/95d37ea6f4fa43b397bde91c4ee06587.jpg?s=80&d=mm&r=g","roles":[{"id":3,"name":"student","guard_name":"web","created_at":"2024-02-06T03:46:23.000000Z","updated_at":"2024-02-06T03:46:23.000000Z","pivot":{"model_id":43,"role_id":3,"model_type":"App\\Models\\Auth\\User"}}],"permissions":[],"providers":[]}  
[28-07-24 21:38:23] local.INFO: {"id":42,"uuid":"aff834f2-c8dc-4819-b2da-65826f3e4c68","first_name":"as","last_name":"asd","email":"vzgollgeemtqgbv@localjobsnearme.com","dob":null,"phone":null,"gender":null,"address":null,"city":null,"pincode":null,"state":null,"country":null,"avatar_type":"gravatar","avatar_location":null,"password_changed_at":null,"active":true,"confirmation_code":null,"confirmed":true,"timezone":null,"last_login_at":"2024-02-20T22:24:23.000000Z","last_login_ip":"127.0.0.1","created_at":"2024-02-20T00:57:44.000000Z","updated_at":"2024-02-20T22:24:23.000000Z","deleted_at":null,"stripe_id":null,"card_brand":null,"card_last_four":null,"trial_ends_at":null,"full_name":"as asd","image":"https:\/\/www.gravatar.com\/avatar\/ffed831e71eae10f183ce6c117e4c419.jpg?s=80&d=mm&r=g","roles":[{"id":3,"name":"student","guard_name":"web","created_at":"2024-02-06T03:46:23.000000Z","updated_at":"2024-02-06T03:46:23.000000Z","pivot":{"model_id":42,"role_id":3,"model_type":"App\\Models\\Auth\\User"}}],"permissions":[],"providers":[]}  
[28-07-24 21:38:23] local.INFO: {"id":41,"uuid":"53120f7f-cc3a-48f7-8a8d-66b4641a6556","first_name":"asd","last_name":"asd","email":"nerkacitru@gufum.com","dob":null,"phone":null,"gender":null,"address":null,"city":null,"pincode":null,"state":null,"country":null,"avatar_type":"gravatar","avatar_location":null,"password_changed_at":null,"active":true,"confirmation_code":null,"confirmed":true,"timezone":null,"last_login_at":"2024-02-20T00:55:47.000000Z","last_login_ip":"127.0.0.1","created_at":"2024-02-20T00:55:38.000000Z","updated_at":"2024-02-20T00:55:47.000000Z","deleted_at":null,"stripe_id":null,"card_brand":null,"card_last_four":null,"trial_ends_at":null,"full_name":"asd asd","image":"https:\/\/www.gravatar.com\/avatar\/96cfff9af2f15dcff7b6ecc2270d8dd5.jpg?s=80&d=mm&r=g","roles":[{"id":3,"name":"student","guard_name":"web","created_at":"2024-02-06T03:46:23.000000Z","updated_at":"2024-02-06T03:46:23.000000Z","pivot":{"model_id":41,"role_id":3,"model_type":"App\\Models\\Auth\\User"}}],"permissions":[],"providers":[]}  
[28-07-24 21:38:23] local.INFO: {"id":40,"uuid":"8bfcd05c-2f38-40f6-8545-8a0ce0e302f4","first_name":"s","last_name":"s","email":"darkamerzu@gufum.com","dob":null,"phone":null,"gender":null,"address":null,"city":null,"pincode":null,"state":null,"country":null,"avatar_type":"gravatar","avatar_location":null,"password_changed_at":null,"active":true,"confirmation_code":null,"confirmed":true,"timezone":null,"last_login_at":"2024-02-19T06:34:44.000000Z","last_login_ip":"127.0.0.1","created_at":"2024-02-19T05:58:47.000000Z","updated_at":"2024-02-19T06:34:44.000000Z","deleted_at":null,"stripe_id":null,"card_brand":null,"card_last_four":null,"trial_ends_at":null,"full_name":"s s","image":"https:\/\/www.gravatar.com\/avatar\/0185c2e42c834497240f9541de501aca.jpg?s=80&d=mm&r=g","roles":[{"id":3,"name":"student","guard_name":"web","created_at":"2024-02-06T03:46:23.000000Z","updated_at":"2024-02-06T03:46:23.000000Z","pivot":{"model_id":40,"role_id":3,"model_type":"App\\Models\\Auth\\User"}}],"permissions":[],"providers":[]}  
[28-07-24 21:38:23] local.INFO: {"id":39,"uuid":"9bb8f11d-1588-447e-a6bf-9f26f0413dcd","first_name":"asdasd","last_name":"gsdsdfasf","email":"tadvrvxpisizt@logodesignex.com","dob":null,"phone":null,"gender":null,"address":null,"city":null,"pincode":null,"state":null,"country":null,"avatar_type":"gravatar","avatar_location":null,"password_changed_at":null,"active":true,"confirmation_code":null,"confirmed":true,"timezone":null,"last_login_at":"2024-02-20T00:43:54.000000Z","last_login_ip":"127.0.0.1","created_at":"2024-02-19T05:31:18.000000Z","updated_at":"2024-02-20T00:43:54.000000Z","deleted_at":null,"stripe_id":null,"card_brand":null,"card_last_four":null,"trial_ends_at":null,"full_name":"asdasd gsdsdfasf","image":"https:\/\/www.gravatar.com\/avatar\/6dd3c067476f8cb92a294a2017ac1602.jpg?s=80&d=mm&r=g","roles":[{"id":3,"name":"student","guard_name":"web","created_at":"2024-02-06T03:46:23.000000Z","updated_at":"2024-02-06T03:46:23.000000Z","pivot":{"model_id":39,"role_id":3,"model_type":"App\\Models\\Auth\\User"}}],"permissions":[],"providers":[]}  
[28-07-24 21:38:23] local.INFO: {"id":38,"uuid":"fa45a1c9-94e0-4ee2-90a0-7203b2cbf2b1","first_name":"a","last_name":"a","email":"buydohulma@gufum.com","dob":null,"phone":null,"gender":null,"address":null,"city":null,"pincode":null,"state":null,"country":null,"avatar_type":"gravatar","avatar_location":null,"password_changed_at":null,"active":true,"confirmation_code":null,"confirmed":true,"timezone":null,"last_login_at":"2024-02-18T22:21:04.000000Z","last_login_ip":"127.0.0.1","created_at":"2024-02-18T22:20:54.000000Z","updated_at":"2024-02-18T22:21:04.000000Z","deleted_at":null,"stripe_id":null,"card_brand":null,"card_last_four":null,"trial_ends_at":null,"full_name":"a a","image":"https:\/\/www.gravatar.com\/avatar\/eb9be2e80adc6c53405883fee4807e6f.jpg?s=80&d=mm&r=g","roles":[{"id":3,"name":"student","guard_name":"web","created_at":"2024-02-06T03:46:23.000000Z","updated_at":"2024-02-06T03:46:23.000000Z","pivot":{"model_id":38,"role_id":3,"model_type":"App\\Models\\Auth\\User"}}],"permissions":[],"providers":[]}  
[28-07-24 21:38:23] local.INFO: {"id":37,"uuid":"92c4c821-3ea4-4632-989a-52db5a28186e","first_name":"jefferson","last_name":"danilson","email":"frqwrtxwhcxagz@localjobsnearme.com","dob":null,"phone":null,"gender":null,"address":null,"city":null,"pincode":null,"state":null,"country":null,"avatar_type":"gravatar","avatar_location":null,"password_changed_at":null,"active":true,"confirmation_code":null,"confirmed":true,"timezone":null,"last_login_at":"2024-02-19T00:04:24.000000Z","last_login_ip":"127.0.0.1","created_at":"2024-02-16T06:46:59.000000Z","updated_at":"2024-02-19T00:04:24.000000Z","deleted_at":null,"stripe_id":null,"card_brand":null,"card_last_four":null,"trial_ends_at":null,"full_name":"jefferson danilson","image":"https:\/\/www.gravatar.com\/avatar\/3dbfa97948113c19e474536b70889b3a.jpg?s=80&d=mm&r=g","roles":[{"id":3,"name":"student","guard_name":"web","created_at":"2024-02-06T03:46:23.000000Z","updated_at":"2024-02-06T03:46:23.000000Z","pivot":{"model_id":37,"role_id":3,"model_type":"App\\Models\\Auth\\User"}}],"permissions":[],"providers":[]}  
[28-07-24 21:38:23] local.INFO: {"id":36,"uuid":"f01f0b46-d1c8-4ad6-91a2-fb91a93e67cb","first_name":"a","last_name":"a","email":"wohbhapusdve@localjobsnearme.com","dob":null,"phone":null,"gender":null,"address":null,"city":null,"pincode":null,"state":null,"country":null,"avatar_type":"gravatar","avatar_location":null,"password_changed_at":null,"active":true,"confirmation_code":null,"confirmed":true,"timezone":null,"last_login_at":"2024-02-16T06:45:59.000000Z","last_login_ip":"127.0.0.1","created_at":"2024-02-16T01:38:46.000000Z","updated_at":"2024-02-16T06:45:59.000000Z","deleted_at":null,"stripe_id":null,"card_brand":null,"card_last_four":null,"trial_ends_at":null,"full_name":"a a","image":"https:\/\/www.gravatar.com\/avatar\/b4bbbceb57ee54546e382a084bba521d.jpg?s=80&d=mm&r=g","roles":[{"id":3,"name":"student","guard_name":"web","created_at":"2024-02-06T03:46:23.000000Z","updated_at":"2024-02-06T03:46:23.000000Z","pivot":{"model_id":36,"role_id":3,"model_type":"App\\Models\\Auth\\User"}}],"permissions":[],"providers":[]}  
[28-07-24 21:38:47] local.INFO: menuController - index  
[28-07-24 21:38:47] local.INFO: Menu Item Labels: {"labels":["Blogs","Courses","Bundles","Forums","Contact"]} 
[28-07-24 21:39:36] local.INFO: menuController - index  
[28-07-24 21:39:36] local.INFO: Menu Item Labels: {"labels":["Blogs","Courses","Bundles","Forums","Contact"]} 
[28-07-24 21:42:51] local.INFO: menuController - index  
[28-07-24 21:42:51] local.INFO: Menu Item Labels: {"labels":["Blogs","Courses","Bundles","Forums","Contact"]} 
[28-07-24 21:43:18] local.INFO: menuController - index  
[28-07-24 21:43:18] local.INFO: Menu Item Labels: {"labels":["Blogs","Courses","Bundles","Forums","Contact"]} 
[28-07-24 21:43:36] local.ERROR: Call to a member function delete() on null {"userId":1,"exception":"[object] (Error(code: 0): Call to a member function delete() on null at C:\\xampp\\htdocs\\language\\vendor\\harimayco\\laravel-menu\\src\\Controllers\\MenuController.php:31)
[stacktrace]
#0 C:\\xampp\\htdocs\\language\\vendor\\laravel\\framework\\src\\Illuminate\\Routing\\Controller.php(54): Harimayco\\Menu\\Controllers\\MenuController->deletemenug()
#1 C:\\xampp\\htdocs\\language\\vendor\\laravel\\framework\\src\\Illuminate\\Routing\\ControllerDispatcher.php(45): Illuminate\\Routing\\Controller->callAction('deletemenug', Array)
#2 C:\\xampp\\htdocs\\language\\vendor\\laravel\\framework\\src\\Illuminate\\Routing\\Route.php(262): Illuminate\\Routing\\ControllerDispatcher->dispatch(Object(Illuminate\\Routing\\Route), Object(Harimayco\\Menu\\Controllers\\MenuController), 'deletemenug')
#3 C:\\xampp\\htdocs\\language\\vendor\\laravel\\framework\\src\\Illuminate\\Routing\\Route.php(205): Illuminate\\Routing\\Route->runController()
#4 C:\\xampp\\htdocs\\language\\vendor\\laravel\\framework\\src\\Illuminate\\Routing\\Router.php(721): Illuminate\\Routing\\Route->run()
#5 C:\\xampp\\htdocs\\language\\vendor\\laravel\\framework\\src\\Illuminate\\Pipeline\\Pipeline.php(128): Illuminate\\Routing\\Router->Illuminate\\Routing\\{closure}(Object(Illuminate\\Http\\Request))
#6 C:\\xampp\\htdocs\\language\\vendor\\laravel\\framework\\src\\Illuminate\\Pipeline\\Pipeline.php(103): Illuminate\\Pipeline\\Pipeline->Illuminate\\Pipeline\\{closure}(Object(Illuminate\\Http\\Request))
#7 C:\\xampp\\htdocs\\language\\vendor\\laravel\\framework\\src\\Illuminate\\Routing\\Router.php(723): Illuminate\\Pipeline\\Pipeline->then(Object(Closure))
#8 C:\\xampp\\htdocs\\language\\vendor\\laravel\\framework\\src\\Illuminate\\Routing\\Router.php(698): Illuminate\\Routing\\Router->runRouteWithinStack(Object(Illuminate\\Routing\\Route), Object(Illuminate\\Http\\Request))
#9 C:\\xampp\\htdocs\\language\\vendor\\laravel\\framework\\src\\Illuminate\\Routing\\Router.php(662): Illuminate\\Routing\\Router->runRoute(Object(Illuminate\\Http\\Request), Object(Illuminate\\Routing\\Route))
#10 C:\\xampp\\htdocs\\language\\vendor\\laravel\\framework\\src\\Illuminate\\Routing\\Router.php(651): Illuminate\\Routing\\Router->dispatchToRoute(Object(Illuminate\\Http\\Request))
#11 C:\\xampp\\htdocs\\language\\vendor\\laravel\\framework\\src\\Illuminate\\Foundation\\Http\\Kernel.php(167): Illuminate\\Routing\\Router->dispatch(Object(Illuminate\\Http\\Request))
#12 C:\\xampp\\htdocs\\language\\vendor\\laravel\\framework\\src\\Illuminate\\Pipeline\\Pipeline.php(128): Illuminate\\Foundation\\Http\\Kernel->Illuminate\\Foundation\\Http\\{closure}(Object(Illuminate\\Http\\Request))
#13 C:\\xampp\\htdocs\\language\\vendor\\barryvdh\\laravel-debugbar\\src\\Middleware\\InjectDebugbar.php(59): Illuminate\\Pipeline\\Pipeline->Illuminate\\Pipeline\\{closure}(Object(Illuminate\\Http\\Request))
#14 C:\\xampp\\htdocs\\language\\vendor\\laravel\\framework\\src\\Illuminate\\Pipeline\\Pipeline.php(167): Barryvdh\\Debugbar\\Middleware\\InjectDebugbar->handle(Object(Illuminate\\Http\\Request), Object(Closure))
#15 C:\\xampp\\htdocs\\language\\vendor\\laravel\\framework\\src\\Illuminate\\View\\Middleware\\ShareErrorsFromSession.php(49): Illuminate\\Pipeline\\Pipeline->Illuminate\\Pipeline\\{closure}(Object(Illuminate\\Http\\Request))
#16 C:\\xampp\\htdocs\\language\\vendor\\laravel\\framework\\src\\Illuminate\\Pipeline\\Pipeline.php(167): Illuminate\\View\\Middleware\\ShareErrorsFromSession->handle(Object(Illuminate\\Http\\Request), Object(Closure))
#17 C:\\xampp\\htdocs\\language\\vendor\\laravel\\framework\\src\\Illuminate\\Session\\Middleware\\StartSession.php(121): Illuminate\\Pipeline\\Pipeline->Illuminate\\Pipeline\\{closure}(Object(Illuminate\\Http\\Request))
#18 C:\\xampp\\htdocs\\language\\vendor\\laravel\\framework\\src\\Illuminate\\Session\\Middleware\\StartSession.php(64): Illuminate\\Session\\Middleware\\StartSession->handleStatefulRequest(Object(Illuminate\\Http\\Request), Object(Illuminate\\Session\\Store), Object(Closure))
#19 C:\\xampp\\htdocs\\language\\vendor\\laravel\\framework\\src\\Illuminate\\Pipeline\\Pipeline.php(167): Illuminate\\Session\\Middleware\\StartSession->handle(Object(Illuminate\\Http\\Request), Object(Closure))
#20 C:\\xampp\\htdocs\\language\\vendor\\fideloper\\proxy\\src\\TrustProxies.php(57): Illuminate\\Pipeline\\Pipeline->Illuminate\\Pipeline\\{closure}(Object(Illuminate\\Http\\Request))
#21 C:\\xampp\\htdocs\\language\\vendor\\laravel\\framework\\src\\Illuminate\\Pipeline\\Pipeline.php(167): Fideloper\\Proxy\\TrustProxies->handle(Object(Illuminate\\Http\\Request), Object(Closure))
#22 C:\\xampp\\htdocs\\language\\vendor\\laravel\\framework\\src\\Illuminate\\Foundation\\Http\\Middleware\\TransformsRequest.php(21): Illuminate\\Pipeline\\Pipeline->Illuminate\\Pipeline\\{closure}(Object(Illuminate\\Http\\Request))
#23 C:\\xampp\\htdocs\\language\\vendor\\laravel\\framework\\src\\Illuminate\\Foundation\\Http\\Middleware\\ConvertEmptyStringsToNull.php(31): Illuminate\\Foundation\\Http\\Middleware\\TransformsRequest->handle(Object(Illuminate\\Http\\Request), Object(Closure))
#24 C:\\xampp\\htdocs\\language\\vendor\\laravel\\framework\\src\\Illuminate\\Pipeline\\Pipeline.php(167): Illuminate\\Foundation\\Http\\Middleware\\ConvertEmptyStringsToNull->handle(Object(Illuminate\\Http\\Request), Object(Closure))
#25 C:\\xampp\\htdocs\\language\\vendor\\laravel\\framework\\src\\Illuminate\\Foundation\\Http\\Middleware\\TransformsRequest.php(21): Illuminate\\Pipeline\\Pipeline->Illuminate\\Pipeline\\{closure}(Object(Illuminate\\Http\\Request))
#26 C:\\xampp\\htdocs\\language\\vendor\\laravel\\framework\\src\\Illuminate\\Foundation\\Http\\Middleware\\TrimStrings.php(40): Illuminate\\Foundation\\Http\\Middleware\\TransformsRequest->handle(Object(Illuminate\\Http\\Request), Object(Closure))
#27 C:\\xampp\\htdocs\\language\\vendor\\laravel\\framework\\src\\Illuminate\\Pipeline\\Pipeline.php(167): Illuminate\\Foundation\\Http\\Middleware\\TrimStrings->handle(Object(Illuminate\\Http\\Request), Object(Closure))
#28 C:\\xampp\\htdocs\\language\\vendor\\laravel\\framework\\src\\Illuminate\\Foundation\\Http\\Middleware\\ValidatePostSize.php(27): Illuminate\\Pipeline\\Pipeline->Illuminate\\Pipeline\\{closure}(Object(Illuminate\\Http\\Request))
#29 C:\\xampp\\htdocs\\language\\vendor\\laravel\\framework\\src\\Illuminate\\Pipeline\\Pipeline.php(167): Illuminate\\Foundation\\Http\\Middleware\\ValidatePostSize->handle(Object(Illuminate\\Http\\Request), Object(Closure))
#30 C:\\xampp\\htdocs\\language\\vendor\\laravel\\framework\\src\\Illuminate\\Foundation\\Http\\Middleware\\PreventRequestsDuringMaintenance.php(86): Illuminate\\Pipeline\\Pipeline->Illuminate\\Pipeline\\{closure}(Object(Illuminate\\Http\\Request))
#31 C:\\xampp\\htdocs\\language\\vendor\\laravel\\framework\\src\\Illuminate\\Pipeline\\Pipeline.php(167): Illuminate\\Foundation\\Http\\Middleware\\PreventRequestsDuringMaintenance->handle(Object(Illuminate\\Http\\Request), Object(Closure))
#32 C:\\xampp\\htdocs\\language\\vendor\\laravel\\framework\\src\\Illuminate\\Pipeline\\Pipeline.php(103): Illuminate\\Pipeline\\Pipeline->Illuminate\\Pipeline\\{closure}(Object(Illuminate\\Http\\Request))
#33 C:\\xampp\\htdocs\\language\\vendor\\laravel\\framework\\src\\Illuminate\\Foundation\\Http\\Kernel.php(142): Illuminate\\Pipeline\\Pipeline->then(Object(Closure))
#34 C:\\xampp\\htdocs\\language\\vendor\\laravel\\framework\\src\\Illuminate\\Foundation\\Http\\Kernel.php(111): Illuminate\\Foundation\\Http\\Kernel->sendRequestThroughRouter(Object(Illuminate\\Http\\Request))
#35 C:\\xampp\\htdocs\\language\\public\\index.php(59): Illuminate\\Foundation\\Http\\Kernel->handle(Object(Illuminate\\Http\\Request))
#36 C:\\xampp\\htdocs\\language\\server.php(19): require_once('C:\\\\xampp\\\\htdocs...')
#37 {main}
"} 
[28-07-24 21:43:45] local.INFO: menuController - index  
[28-07-24 21:43:45] local.INFO: Menu Item Labels: {"labels":["Blogs","Courses","Bundles","Forums","Contact"]} 
[28-07-24 21:43:45] local.INFO: Menu Data: {"menu_data":null} 
[28-07-24 21:45:24] local.INFO: menuController - index  
[28-07-24 21:45:24] local.INFO: Menu Item Labels: {"labels":["Blogs","Courses","Bundles","Forums","Contact"]} 
[28-07-24 21:45:24] local.INFO: Menu Data: {"menu_data":null} 
[28-07-24 21:45:39] local.INFO: menuController - index  
[28-07-24 21:45:39] local.INFO: Menu Item Labels: {"labels":["Blogs","Courses","Bundles","Forums","Contact"]} 
[28-07-24 21:46:19] local.INFO: menuController - index  
[28-07-24 21:46:19] local.INFO: Menu Item Labels: {"labels":["Blogs","Courses","Bundles","Forums","Contact"]} 
[28-07-24 21:46:29] local.INFO: menuController - index  
[28-07-24 21:46:29] local.INFO: Menu Item Labels: {"labels":["Blogs","Courses","Bundles","Forums","Contact"]} 
[28-07-24 21:46:29] local.INFO: Menu Data: {"menu_data":null} 
[28-07-24 21:52:39] local.INFO: menuController - index  
[28-07-24 21:52:39] local.INFO: Menu Item Labels: {"labels":["Blogs","Courses","Bundles","Forums","Contact"]} 
[28-07-24 21:52:39] local.INFO: Menu Data: {"menu_data":null} 
[28-07-24 21:53:30] local.INFO: menuController - index  
[28-07-24 21:53:30] local.INFO: Menu Item Labels: {"labels":["Blogs","Courses","Bundles","Forums","Contact","COURSES"]} 
[28-07-24 21:53:30] local.INFO: Menu Data: {"menu_data":null} 
[28-07-24 21:53:40] local.INFO: menuController - index  
[28-07-24 21:53:40] local.INFO: Menu Item Labels: {"labels":["Blogs","Courses","Bundles","Forums","Contact","COURSES"]} 
[28-07-24 21:53:59] local.INFO: menuController - index  
[28-07-24 21:53:59] local.INFO: Menu Item Labels: {"labels":["Blogs","Courses","Bundles","Forums","Contact","COURSES"]} 
[28-07-24 21:53:59] local.INFO: Menu Data: {"menu_data":null} 
[28-07-24 21:55:01] local.INFO: menuController - index  
[28-07-24 21:55:02] local.INFO: Menu Item Labels: {"labels":["Blogs","Courses","Bundles","Forums","Contact","COURSES"]} 
[28-07-24 21:55:02] local.INFO: Menu Data: {"menu_data":null} 
[28-07-24 21:55:41] local.INFO: menuController - index  
[28-07-24 21:55:41] local.INFO: Menu Item Labels: {"labels":["Blogs","Courses","Bundles","Forums","Contact","COURSE"]} 
[28-07-24 21:55:41] local.INFO: Menu Data: {"menu_data":null} 
[28-07-24 21:56:32] local.INFO: menuController - index  
[28-07-24 21:56:32] local.INFO: Menu Item Labels: {"labels":["Blogs","Courses","Bundles","Forums","Contact","COURSE"]} 
[28-07-24 21:56:32] local.INFO: Menu Data: {"menu_data":null} 
[28-07-24 21:57:21] local.ERROR: Undefined index: class {"userId":1,"exception":"[object] (ErrorException(code: 0): Undefined index: class at C:\\xampp\\htdocs\\language\\vendor\\harimayco\\laravel-menu\\src\\Controllers\\MenuController.php:46)
[stacktrace]
#0 C:\\xampp\\htdocs\\language\\vendor\\harimayco\\laravel-menu\\src\\Controllers\\MenuController.php(46): Illuminate\\Foundation\\Bootstrap\\HandleExceptions->handleError(8, 'Undefined index...', 'C:\\\\xampp\\\\htdocs...', 46, Array)
#1 C:\\xampp\\htdocs\\language\\vendor\\laravel\\framework\\src\\Illuminate\\Routing\\Controller.php(54): Harimayco\\Menu\\Controllers\\MenuController->updateitem()
#2 C:\\xampp\\htdocs\\language\\vendor\\laravel\\framework\\src\\Illuminate\\Routing\\ControllerDispatcher.php(45): Illuminate\\Routing\\Controller->callAction('updateitem', Array)
#3 C:\\xampp\\htdocs\\language\\vendor\\laravel\\framework\\src\\Illuminate\\Routing\\Route.php(262): Illuminate\\Routing\\ControllerDispatcher->dispatch(Object(Illuminate\\Routing\\Route), Object(Harimayco\\Menu\\Controllers\\MenuController), 'updateitem')
#4 C:\\xampp\\htdocs\\language\\vendor\\laravel\\framework\\src\\Illuminate\\Routing\\Route.php(205): Illuminate\\Routing\\Route->runController()
#5 C:\\xampp\\htdocs\\language\\vendor\\laravel\\framework\\src\\Illuminate\\Routing\\Router.php(721): Illuminate\\Routing\\Route->run()
#6 C:\\xampp\\htdocs\\language\\vendor\\laravel\\framework\\src\\Illuminate\\Pipeline\\Pipeline.php(128): Illuminate\\Routing\\Router->Illuminate\\Routing\\{closure}(Object(Illuminate\\Http\\Request))
#7 C:\\xampp\\htdocs\\language\\vendor\\laravel\\framework\\src\\Illuminate\\Pipeline\\Pipeline.php(103): Illuminate\\Pipeline\\Pipeline->Illuminate\\Pipeline\\{closure}(Object(Illuminate\\Http\\Request))
#8 C:\\xampp\\htdocs\\language\\vendor\\laravel\\framework\\src\\Illuminate\\Routing\\Router.php(723): Illuminate\\Pipeline\\Pipeline->then(Object(Closure))
#9 C:\\xampp\\htdocs\\language\\vendor\\laravel\\framework\\src\\Illuminate\\Routing\\Router.php(698): Illuminate\\Routing\\Router->runRouteWithinStack(Object(Illuminate\\Routing\\Route), Object(Illuminate\\Http\\Request))
#10 C:\\xampp\\htdocs\\language\\vendor\\laravel\\framework\\src\\Illuminate\\Routing\\Router.php(662): Illuminate\\Routing\\Router->runRoute(Object(Illuminate\\Http\\Request), Object(Illuminate\\Routing\\Route))
#11 C:\\xampp\\htdocs\\language\\vendor\\laravel\\framework\\src\\Illuminate\\Routing\\Router.php(651): Illuminate\\Routing\\Router->dispatchToRoute(Object(Illuminate\\Http\\Request))
#12 C:\\xampp\\htdocs\\language\\vendor\\laravel\\framework\\src\\Illuminate\\Foundation\\Http\\Kernel.php(167): Illuminate\\Routing\\Router->dispatch(Object(Illuminate\\Http\\Request))
#13 C:\\xampp\\htdocs\\language\\vendor\\laravel\\framework\\src\\Illuminate\\Pipeline\\Pipeline.php(128): Illuminate\\Foundation\\Http\\Kernel->Illuminate\\Foundation\\Http\\{closure}(Object(Illuminate\\Http\\Request))
#14 C:\\xampp\\htdocs\\language\\vendor\\barryvdh\\laravel-debugbar\\src\\Middleware\\InjectDebugbar.php(59): Illuminate\\Pipeline\\Pipeline->Illuminate\\Pipeline\\{closure}(Object(Illuminate\\Http\\Request))
#15 C:\\xampp\\htdocs\\language\\vendor\\laravel\\framework\\src\\Illuminate\\Pipeline\\Pipeline.php(167): Barryvdh\\Debugbar\\Middleware\\InjectDebugbar->handle(Object(Illuminate\\Http\\Request), Object(Closure))
#16 C:\\xampp\\htdocs\\language\\vendor\\laravel\\framework\\src\\Illuminate\\View\\Middleware\\ShareErrorsFromSession.php(49): Illuminate\\Pipeline\\Pipeline->Illuminate\\Pipeline\\{closure}(Object(Illuminate\\Http\\Request))
#17 C:\\xampp\\htdocs\\language\\vendor\\laravel\\framework\\src\\Illuminate\\Pipeline\\Pipeline.php(167): Illuminate\\View\\Middleware\\ShareErrorsFromSession->handle(Object(Illuminate\\Http\\Request), Object(Closure))
#18 C:\\xampp\\htdocs\\language\\vendor\\laravel\\framework\\src\\Illuminate\\Session\\Middleware\\StartSession.php(121): Illuminate\\Pipeline\\Pipeline->Illuminate\\Pipeline\\{closure}(Object(Illuminate\\Http\\Request))
#19 C:\\xampp\\htdocs\\language\\vendor\\laravel\\framework\\src\\Illuminate\\Session\\Middleware\\StartSession.php(64): Illuminate\\Session\\Middleware\\StartSession->handleStatefulRequest(Object(Illuminate\\Http\\Request), Object(Illuminate\\Session\\Store), Object(Closure))
#20 C:\\xampp\\htdocs\\language\\vendor\\laravel\\framework\\src\\Illuminate\\Pipeline\\Pipeline.php(167): Illuminate\\Session\\Middleware\\StartSession->handle(Object(Illuminate\\Http\\Request), Object(Closure))
#21 C:\\xampp\\htdocs\\language\\vendor\\fideloper\\proxy\\src\\TrustProxies.php(57): Illuminate\\Pipeline\\Pipeline->Illuminate\\Pipeline\\{closure}(Object(Illuminate\\Http\\Request))
#22 C:\\xampp\\htdocs\\language\\vendor\\laravel\\framework\\src\\Illuminate\\Pipeline\\Pipeline.php(167): Fideloper\\Proxy\\TrustProxies->handle(Object(Illuminate\\Http\\Request), Object(Closure))
#23 C:\\xampp\\htdocs\\language\\vendor\\laravel\\framework\\src\\Illuminate\\Foundation\\Http\\Middleware\\TransformsRequest.php(21): Illuminate\\Pipeline\\Pipeline->Illuminate\\Pipeline\\{closure}(Object(Illuminate\\Http\\Request))
#24 C:\\xampp\\htdocs\\language\\vendor\\laravel\\framework\\src\\Illuminate\\Foundation\\Http\\Middleware\\ConvertEmptyStringsToNull.php(31): Illuminate\\Foundation\\Http\\Middleware\\TransformsRequest->handle(Object(Illuminate\\Http\\Request), Object(Closure))
#25 C:\\xampp\\htdocs\\language\\vendor\\laravel\\framework\\src\\Illuminate\\Pipeline\\Pipeline.php(167): Illuminate\\Foundation\\Http\\Middleware\\ConvertEmptyStringsToNull->handle(Object(Illuminate\\Http\\Request), Object(Closure))
#26 C:\\xampp\\htdocs\\language\\vendor\\laravel\\framework\\src\\Illuminate\\Foundation\\Http\\Middleware\\TransformsRequest.php(21): Illuminate\\Pipeline\\Pipeline->Illuminate\\Pipeline\\{closure}(Object(Illuminate\\Http\\Request))
#27 C:\\xampp\\htdocs\\language\\vendor\\laravel\\framework\\src\\Illuminate\\Foundation\\Http\\Middleware\\TrimStrings.php(40): Illuminate\\Foundation\\Http\\Middleware\\TransformsRequest->handle(Object(Illuminate\\Http\\Request), Object(Closure))
#28 C:\\xampp\\htdocs\\language\\vendor\\laravel\\framework\\src\\Illuminate\\Pipeline\\Pipeline.php(167): Illuminate\\Foundation\\Http\\Middleware\\TrimStrings->handle(Object(Illuminate\\Http\\Request), Object(Closure))
#29 C:\\xampp\\htdocs\\language\\vendor\\laravel\\framework\\src\\Illuminate\\Foundation\\Http\\Middleware\\ValidatePostSize.php(27): Illuminate\\Pipeline\\Pipeline->Illuminate\\Pipeline\\{closure}(Object(Illuminate\\Http\\Request))
#30 C:\\xampp\\htdocs\\language\\vendor\\laravel\\framework\\src\\Illuminate\\Pipeline\\Pipeline.php(167): Illuminate\\Foundation\\Http\\Middleware\\ValidatePostSize->handle(Object(Illuminate\\Http\\Request), Object(Closure))
#31 C:\\xampp\\htdocs\\language\\vendor\\laravel\\framework\\src\\Illuminate\\Foundation\\Http\\Middleware\\PreventRequestsDuringMaintenance.php(86): Illuminate\\Pipeline\\Pipeline->Illuminate\\Pipeline\\{closure}(Object(Illuminate\\Http\\Request))
#32 C:\\xampp\\htdocs\\language\\vendor\\laravel\\framework\\src\\Illuminate\\Pipeline\\Pipeline.php(167): Illuminate\\Foundation\\Http\\Middleware\\PreventRequestsDuringMaintenance->handle(Object(Illuminate\\Http\\Request), Object(Closure))
#33 C:\\xampp\\htdocs\\language\\vendor\\laravel\\framework\\src\\Illuminate\\Pipeline\\Pipeline.php(103): Illuminate\\Pipeline\\Pipeline->Illuminate\\Pipeline\\{closure}(Object(Illuminate\\Http\\Request))
#34 C:\\xampp\\htdocs\\language\\vendor\\laravel\\framework\\src\\Illuminate\\Foundation\\Http\\Kernel.php(142): Illuminate\\Pipeline\\Pipeline->then(Object(Closure))
#35 C:\\xampp\\htdocs\\language\\vendor\\laravel\\framework\\src\\Illuminate\\Foundation\\Http\\Kernel.php(111): Illuminate\\Foundation\\Http\\Kernel->sendRequestThroughRouter(Object(Illuminate\\Http\\Request))
#36 C:\\xampp\\htdocs\\language\\public\\index.php(59): Illuminate\\Foundation\\Http\\Kernel->handle(Object(Illuminate\\Http\\Request))
#37 C:\\xampp\\htdocs\\language\\server.php(19): require_once('C:\\\\xampp\\\\htdocs...')
#38 {main}
"} 
[28-07-24 21:57:27] local.INFO: menuController - index  
[28-07-24 21:57:27] local.INFO: Menu Item Labels: {"labels":["Blogs","Courses","Bundles","Forums","Contact","COURSE"]} 
[28-07-24 21:57:27] local.INFO: Menu Data: {"menu_data":null} 
[28-07-24 21:59:14] local.INFO: menuController - index  
[28-07-24 21:59:14] local.INFO: Menu Item Labels: {"labels":["Blogs","BUY COURSES","Bundles","Forums","Contact","COURSE"]} 
[28-07-24 21:59:14] local.INFO: Menu Data: {"menu_data":null} 
[28-07-24 22:00:25] local.ERROR: Method App\Http\Controllers\Backend\BlogController::getIndex does not exist. {"userId":1,"exception":"[object] (BadMethodCallException(code: 0): Method App\\Http\\Controllers\\Backend\\BlogController::getIndex does not exist. at C:\\xampp\\htdocs\\language\\vendor\\laravel\\framework\\src\\Illuminate\\Routing\\Controller.php:68)
[stacktrace]
#0 C:\\xampp\\htdocs\\language\\vendor\\laravel\\framework\\src\\Illuminate\\Routing\\Controller.php(54): Illuminate\\Routing\\Controller->__call('getIndex', Array)
#1 C:\\xampp\\htdocs\\language\\vendor\\laravel\\framework\\src\\Illuminate\\Routing\\ControllerDispatcher.php(45): Illuminate\\Routing\\Controller->callAction('getIndex', Array)
#2 C:\\xampp\\htdocs\\language\\vendor\\laravel\\framework\\src\\Illuminate\\Routing\\Route.php(262): Illuminate\\Routing\\ControllerDispatcher->dispatch(Object(Illuminate\\Routing\\Route), Object(App\\Http\\Controllers\\Backend\\BlogController), 'getIndex')
#3 C:\\xampp\\htdocs\\language\\vendor\\laravel\\framework\\src\\Illuminate\\Routing\\Route.php(205): Illuminate\\Routing\\Route->runController()
#4 C:\\xampp\\htdocs\\language\\vendor\\laravel\\framework\\src\\Illuminate\\Routing\\Router.php(721): Illuminate\\Routing\\Route->run()
#5 C:\\xampp\\htdocs\\language\\vendor\\laravel\\framework\\src\\Illuminate\\Pipeline\\Pipeline.php(128): Illuminate\\Routing\\Router->Illuminate\\Routing\\{closure}(Object(Illuminate\\Http\\Request))
#6 C:\\xampp\\htdocs\\language\\app\\Http\\Middleware\\LocaleMiddleware.php(58): Illuminate\\Pipeline\\Pipeline->Illuminate\\Pipeline\\{closure}(Object(Illuminate\\Http\\Request))
#7 C:\\xampp\\htdocs\\language\\vendor\\laravel\\framework\\src\\Illuminate\\Pipeline\\Pipeline.php(167): App\\Http\\Middleware\\LocaleMiddleware->handle(Object(Illuminate\\Http\\Request), Object(Closure))
#8 C:\\xampp\\htdocs\\language\\vendor\\laravel\\framework\\src\\Illuminate\\Routing\\Middleware\\SubstituteBindings.php(50): Illuminate\\Pipeline\\Pipeline->Illuminate\\Pipeline\\{closure}(Object(Illuminate\\Http\\Request))
#9 C:\\xampp\\htdocs\\language\\vendor\\laravel\\framework\\src\\Illuminate\\Pipeline\\Pipeline.php(167): Illuminate\\Routing\\Middleware\\SubstituteBindings->handle(Object(Illuminate\\Http\\Request), Object(Closure))
#10 C:\\xampp\\htdocs\\language\\vendor\\laravel\\framework\\src\\Illuminate\\Foundation\\Http\\Middleware\\VerifyCsrfToken.php(78): Illuminate\\Pipeline\\Pipeline->Illuminate\\Pipeline\\{closure}(Object(Illuminate\\Http\\Request))
#11 C:\\xampp\\htdocs\\language\\vendor\\laravel\\framework\\src\\Illuminate\\Pipeline\\Pipeline.php(167): Illuminate\\Foundation\\Http\\Middleware\\VerifyCsrfToken->handle(Object(Illuminate\\Http\\Request), Object(Closure))
#12 C:\\xampp\\htdocs\\language\\vendor\\laravel\\framework\\src\\Illuminate\\Cookie\\Middleware\\AddQueuedCookiesToResponse.php(37): Illuminate\\Pipeline\\Pipeline->Illuminate\\Pipeline\\{closure}(Object(Illuminate\\Http\\Request))
#13 C:\\xampp\\htdocs\\language\\vendor\\laravel\\framework\\src\\Illuminate\\Pipeline\\Pipeline.php(167): Illuminate\\Cookie\\Middleware\\AddQueuedCookiesToResponse->handle(Object(Illuminate\\Http\\Request), Object(Closure))
#14 C:\\xampp\\htdocs\\language\\vendor\\laravel\\framework\\src\\Illuminate\\Cookie\\Middleware\\EncryptCookies.php(67): Illuminate\\Pipeline\\Pipeline->Illuminate\\Pipeline\\{closure}(Object(Illuminate\\Http\\Request))
#15 C:\\xampp\\htdocs\\language\\vendor\\laravel\\framework\\src\\Illuminate\\Pipeline\\Pipeline.php(167): Illuminate\\Cookie\\Middleware\\EncryptCookies->handle(Object(Illuminate\\Http\\Request), Object(Closure))
#16 C:\\xampp\\htdocs\\language\\vendor\\laravel\\framework\\src\\Illuminate\\Pipeline\\Pipeline.php(103): Illuminate\\Pipeline\\Pipeline->Illuminate\\Pipeline\\{closure}(Object(Illuminate\\Http\\Request))
#17 C:\\xampp\\htdocs\\language\\vendor\\laravel\\framework\\src\\Illuminate\\Routing\\Router.php(723): Illuminate\\Pipeline\\Pipeline->then(Object(Closure))
#18 C:\\xampp\\htdocs\\language\\vendor\\laravel\\framework\\src\\Illuminate\\Routing\\Router.php(698): Illuminate\\Routing\\Router->runRouteWithinStack(Object(Illuminate\\Routing\\Route), Object(Illuminate\\Http\\Request))
#19 C:\\xampp\\htdocs\\language\\vendor\\laravel\\framework\\src\\Illuminate\\Routing\\Router.php(662): Illuminate\\Routing\\Router->runRoute(Object(Illuminate\\Http\\Request), Object(Illuminate\\Routing\\Route))
#20 C:\\xampp\\htdocs\\language\\vendor\\laravel\\framework\\src\\Illuminate\\Routing\\Router.php(651): Illuminate\\Routing\\Router->dispatchToRoute(Object(Illuminate\\Http\\Request))
#21 C:\\xampp\\htdocs\\language\\vendor\\laravel\\framework\\src\\Illuminate\\Foundation\\Http\\Kernel.php(167): Illuminate\\Routing\\Router->dispatch(Object(Illuminate\\Http\\Request))
#22 C:\\xampp\\htdocs\\language\\vendor\\laravel\\framework\\src\\Illuminate\\Pipeline\\Pipeline.php(128): Illuminate\\Foundation\\Http\\Kernel->Illuminate\\Foundation\\Http\\{closure}(Object(Illuminate\\Http\\Request))
#23 C:\\xampp\\htdocs\\language\\vendor\\barryvdh\\laravel-debugbar\\src\\Middleware\\InjectDebugbar.php(59): Illuminate\\Pipeline\\Pipeline->Illuminate\\Pipeline\\{closure}(Object(Illuminate\\Http\\Request))
#24 C:\\xampp\\htdocs\\language\\vendor\\laravel\\framework\\src\\Illuminate\\Pipeline\\Pipeline.php(167): Barryvdh\\Debugbar\\Middleware\\InjectDebugbar->handle(Object(Illuminate\\Http\\Request), Object(Closure))
#25 C:\\xampp\\htdocs\\language\\vendor\\laravel\\framework\\src\\Illuminate\\View\\Middleware\\ShareErrorsFromSession.php(49): Illuminate\\Pipeline\\Pipeline->Illuminate\\Pipeline\\{closure}(Object(Illuminate\\Http\\Request))
#26 C:\\xampp\\htdocs\\language\\vendor\\laravel\\framework\\src\\Illuminate\\Pipeline\\Pipeline.php(167): Illuminate\\View\\Middleware\\ShareErrorsFromSession->handle(Object(Illuminate\\Http\\Request), Object(Closure))
#27 C:\\xampp\\htdocs\\language\\vendor\\laravel\\framework\\src\\Illuminate\\Session\\Middleware\\StartSession.php(121): Illuminate\\Pipeline\\Pipeline->Illuminate\\Pipeline\\{closure}(Object(Illuminate\\Http\\Request))
#28 C:\\xampp\\htdocs\\language\\vendor\\laravel\\framework\\src\\Illuminate\\Session\\Middleware\\StartSession.php(64): Illuminate\\Session\\Middleware\\StartSession->handleStatefulRequest(Object(Illuminate\\Http\\Request), Object(Illuminate\\Session\\Store), Object(Closure))
#29 C:\\xampp\\htdocs\\language\\vendor\\laravel\\framework\\src\\Illuminate\\Pipeline\\Pipeline.php(167): Illuminate\\Session\\Middleware\\StartSession->handle(Object(Illuminate\\Http\\Request), Object(Closure))
#30 C:\\xampp\\htdocs\\language\\vendor\\fideloper\\proxy\\src\\TrustProxies.php(57): Illuminate\\Pipeline\\Pipeline->Illuminate\\Pipeline\\{closure}(Object(Illuminate\\Http\\Request))
#31 C:\\xampp\\htdocs\\language\\vendor\\laravel\\framework\\src\\Illuminate\\Pipeline\\Pipeline.php(167): Fideloper\\Proxy\\TrustProxies->handle(Object(Illuminate\\Http\\Request), Object(Closure))
#32 C:\\xampp\\htdocs\\language\\vendor\\laravel\\framework\\src\\Illuminate\\Foundation\\Http\\Middleware\\TransformsRequest.php(21): Illuminate\\Pipeline\\Pipeline->Illuminate\\Pipeline\\{closure}(Object(Illuminate\\Http\\Request))
#33 C:\\xampp\\htdocs\\language\\vendor\\laravel\\framework\\src\\Illuminate\\Foundation\\Http\\Middleware\\ConvertEmptyStringsToNull.php(31): Illuminate\\Foundation\\Http\\Middleware\\TransformsRequest->handle(Object(Illuminate\\Http\\Request), Object(Closure))
#34 C:\\xampp\\htdocs\\language\\vendor\\laravel\\framework\\src\\Illuminate\\Pipeline\\Pipeline.php(167): Illuminate\\Foundation\\Http\\Middleware\\ConvertEmptyStringsToNull->handle(Object(Illuminate\\Http\\Request), Object(Closure))
#35 C:\\xampp\\htdocs\\language\\vendor\\laravel\\framework\\src\\Illuminate\\Foundation\\Http\\Middleware\\TransformsRequest.php(21): Illuminate\\Pipeline\\Pipeline->Illuminate\\Pipeline\\{closure}(Object(Illuminate\\Http\\Request))
#36 C:\\xampp\\htdocs\\language\\vendor\\laravel\\framework\\src\\Illuminate\\Foundation\\Http\\Middleware\\TrimStrings.php(40): Illuminate\\Foundation\\Http\\Middleware\\TransformsRequest->handle(Object(Illuminate\\Http\\Request), Object(Closure))
#37 C:\\xampp\\htdocs\\language\\vendor\\laravel\\framework\\src\\Illuminate\\Pipeline\\Pipeline.php(167): Illuminate\\Foundation\\Http\\Middleware\\TrimStrings->handle(Object(Illuminate\\Http\\Request), Object(Closure))
#38 C:\\xampp\\htdocs\\language\\vendor\\laravel\\framework\\src\\Illuminate\\Foundation\\Http\\Middleware\\ValidatePostSize.php(27): Illuminate\\Pipeline\\Pipeline->Illuminate\\Pipeline\\{closure}(Object(Illuminate\\Http\\Request))
#39 C:\\xampp\\htdocs\\language\\vendor\\laravel\\framework\\src\\Illuminate\\Pipeline\\Pipeline.php(167): Illuminate\\Foundation\\Http\\Middleware\\ValidatePostSize->handle(Object(Illuminate\\Http\\Request), Object(Closure))
#40 C:\\xampp\\htdocs\\language\\vendor\\laravel\\framework\\src\\Illuminate\\Foundation\\Http\\Middleware\\PreventRequestsDuringMaintenance.php(86): Illuminate\\Pipeline\\Pipeline->Illuminate\\Pipeline\\{closure}(Object(Illuminate\\Http\\Request))
#41 C:\\xampp\\htdocs\\language\\vendor\\laravel\\framework\\src\\Illuminate\\Pipeline\\Pipeline.php(167): Illuminate\\Foundation\\Http\\Middleware\\PreventRequestsDuringMaintenance->handle(Object(Illuminate\\Http\\Request), Object(Closure))
#42 C:\\xampp\\htdocs\\language\\vendor\\laravel\\framework\\src\\Illuminate\\Pipeline\\Pipeline.php(103): Illuminate\\Pipeline\\Pipeline->Illuminate\\Pipeline\\{closure}(Object(Illuminate\\Http\\Request))
#43 C:\\xampp\\htdocs\\language\\vendor\\laravel\\framework\\src\\Illuminate\\Foundation\\Http\\Kernel.php(142): Illuminate\\Pipeline\\Pipeline->then(Object(Closure))
#44 C:\\xampp\\htdocs\\language\\vendor\\laravel\\framework\\src\\Illuminate\\Foundation\\Http\\Kernel.php(111): Illuminate\\Foundation\\Http\\Kernel->sendRequestThroughRouter(Object(Illuminate\\Http\\Request))
#45 C:\\xampp\\htdocs\\language\\public\\index.php(59): Illuminate\\Foundation\\Http\\Kernel->handle(Object(Illuminate\\Http\\Request))
#46 C:\\xampp\\htdocs\\language\\server.php(19): require_once('C:\\\\xampp\\\\htdocs...')
#47 {main}
"} 
[28-07-24 22:01:55] local.ERROR: Method App\Http\Controllers\Backend\BlogController::getIndex does not exist. {"userId":1,"exception":"[object] (BadMethodCallException(code: 0): Method App\\Http\\Controllers\\Backend\\BlogController::getIndex does not exist. at C:\\xampp\\htdocs\\language\\vendor\\laravel\\framework\\src\\Illuminate\\Routing\\Controller.php:68)
[stacktrace]
#0 C:\\xampp\\htdocs\\language\\vendor\\laravel\\framework\\src\\Illuminate\\Routing\\Controller.php(54): Illuminate\\Routing\\Controller->__call('getIndex', Array)
#1 C:\\xampp\\htdocs\\language\\vendor\\laravel\\framework\\src\\Illuminate\\Routing\\ControllerDispatcher.php(45): Illuminate\\Routing\\Controller->callAction('getIndex', Array)
#2 C:\\xampp\\htdocs\\language\\vendor\\laravel\\framework\\src\\Illuminate\\Routing\\Route.php(262): Illuminate\\Routing\\ControllerDispatcher->dispatch(Object(Illuminate\\Routing\\Route), Object(App\\Http\\Controllers\\Backend\\BlogController), 'getIndex')
#3 C:\\xampp\\htdocs\\language\\vendor\\laravel\\framework\\src\\Illuminate\\Routing\\Route.php(205): Illuminate\\Routing\\Route->runController()
#4 C:\\xampp\\htdocs\\language\\vendor\\laravel\\framework\\src\\Illuminate\\Routing\\Router.php(721): Illuminate\\Routing\\Route->run()
#5 C:\\xampp\\htdocs\\language\\vendor\\laravel\\framework\\src\\Illuminate\\Pipeline\\Pipeline.php(128): Illuminate\\Routing\\Router->Illuminate\\Routing\\{closure}(Object(Illuminate\\Http\\Request))
#6 C:\\xampp\\htdocs\\language\\app\\Http\\Middleware\\LocaleMiddleware.php(58): Illuminate\\Pipeline\\Pipeline->Illuminate\\Pipeline\\{closure}(Object(Illuminate\\Http\\Request))
#7 C:\\xampp\\htdocs\\language\\vendor\\laravel\\framework\\src\\Illuminate\\Pipeline\\Pipeline.php(167): App\\Http\\Middleware\\LocaleMiddleware->handle(Object(Illuminate\\Http\\Request), Object(Closure))
#8 C:\\xampp\\htdocs\\language\\vendor\\laravel\\framework\\src\\Illuminate\\Routing\\Middleware\\SubstituteBindings.php(50): Illuminate\\Pipeline\\Pipeline->Illuminate\\Pipeline\\{closure}(Object(Illuminate\\Http\\Request))
#9 C:\\xampp\\htdocs\\language\\vendor\\laravel\\framework\\src\\Illuminate\\Pipeline\\Pipeline.php(167): Illuminate\\Routing\\Middleware\\SubstituteBindings->handle(Object(Illuminate\\Http\\Request), Object(Closure))
#10 C:\\xampp\\htdocs\\language\\vendor\\laravel\\framework\\src\\Illuminate\\Foundation\\Http\\Middleware\\VerifyCsrfToken.php(78): Illuminate\\Pipeline\\Pipeline->Illuminate\\Pipeline\\{closure}(Object(Illuminate\\Http\\Request))
#11 C:\\xampp\\htdocs\\language\\vendor\\laravel\\framework\\src\\Illuminate\\Pipeline\\Pipeline.php(167): Illuminate\\Foundation\\Http\\Middleware\\VerifyCsrfToken->handle(Object(Illuminate\\Http\\Request), Object(Closure))
#12 C:\\xampp\\htdocs\\language\\vendor\\laravel\\framework\\src\\Illuminate\\Cookie\\Middleware\\AddQueuedCookiesToResponse.php(37): Illuminate\\Pipeline\\Pipeline->Illuminate\\Pipeline\\{closure}(Object(Illuminate\\Http\\Request))
#13 C:\\xampp\\htdocs\\language\\vendor\\laravel\\framework\\src\\Illuminate\\Pipeline\\Pipeline.php(167): Illuminate\\Cookie\\Middleware\\AddQueuedCookiesToResponse->handle(Object(Illuminate\\Http\\Request), Object(Closure))
#14 C:\\xampp\\htdocs\\language\\vendor\\laravel\\framework\\src\\Illuminate\\Cookie\\Middleware\\EncryptCookies.php(67): Illuminate\\Pipeline\\Pipeline->Illuminate\\Pipeline\\{closure}(Object(Illuminate\\Http\\Request))
#15 C:\\xampp\\htdocs\\language\\vendor\\laravel\\framework\\src\\Illuminate\\Pipeline\\Pipeline.php(167): Illuminate\\Cookie\\Middleware\\EncryptCookies->handle(Object(Illuminate\\Http\\Request), Object(Closure))
#16 C:\\xampp\\htdocs\\language\\vendor\\laravel\\framework\\src\\Illuminate\\Pipeline\\Pipeline.php(103): Illuminate\\Pipeline\\Pipeline->Illuminate\\Pipeline\\{closure}(Object(Illuminate\\Http\\Request))
#17 C:\\xampp\\htdocs\\language\\vendor\\laravel\\framework\\src\\Illuminate\\Routing\\Router.php(723): Illuminate\\Pipeline\\Pipeline->then(Object(Closure))
#18 C:\\xampp\\htdocs\\language\\vendor\\laravel\\framework\\src\\Illuminate\\Routing\\Router.php(698): Illuminate\\Routing\\Router->runRouteWithinStack(Object(Illuminate\\Routing\\Route), Object(Illuminate\\Http\\Request))
#19 C:\\xampp\\htdocs\\language\\vendor\\laravel\\framework\\src\\Illuminate\\Routing\\Router.php(662): Illuminate\\Routing\\Router->runRoute(Object(Illuminate\\Http\\Request), Object(Illuminate\\Routing\\Route))
#20 C:\\xampp\\htdocs\\language\\vendor\\laravel\\framework\\src\\Illuminate\\Routing\\Router.php(651): Illuminate\\Routing\\Router->dispatchToRoute(Object(Illuminate\\Http\\Request))
#21 C:\\xampp\\htdocs\\language\\vendor\\laravel\\framework\\src\\Illuminate\\Foundation\\Http\\Kernel.php(167): Illuminate\\Routing\\Router->dispatch(Object(Illuminate\\Http\\Request))
#22 C:\\xampp\\htdocs\\language\\vendor\\laravel\\framework\\src\\Illuminate\\Pipeline\\Pipeline.php(128): Illuminate\\Foundation\\Http\\Kernel->Illuminate\\Foundation\\Http\\{closure}(Object(Illuminate\\Http\\Request))
#23 C:\\xampp\\htdocs\\language\\vendor\\barryvdh\\laravel-debugbar\\src\\Middleware\\InjectDebugbar.php(59): Illuminate\\Pipeline\\Pipeline->Illuminate\\Pipeline\\{closure}(Object(Illuminate\\Http\\Request))
#24 C:\\xampp\\htdocs\\language\\vendor\\laravel\\framework\\src\\Illuminate\\Pipeline\\Pipeline.php(167): Barryvdh\\Debugbar\\Middleware\\InjectDebugbar->handle(Object(Illuminate\\Http\\Request), Object(Closure))
#25 C:\\xampp\\htdocs\\language\\vendor\\laravel\\framework\\src\\Illuminate\\View\\Middleware\\ShareErrorsFromSession.php(49): Illuminate\\Pipeline\\Pipeline->Illuminate\\Pipeline\\{closure}(Object(Illuminate\\Http\\Request))
#26 C:\\xampp\\htdocs\\language\\vendor\\laravel\\framework\\src\\Illuminate\\Pipeline\\Pipeline.php(167): Illuminate\\View\\Middleware\\ShareErrorsFromSession->handle(Object(Illuminate\\Http\\Request), Object(Closure))
#27 C:\\xampp\\htdocs\\language\\vendor\\laravel\\framework\\src\\Illuminate\\Session\\Middleware\\StartSession.php(121): Illuminate\\Pipeline\\Pipeline->Illuminate\\Pipeline\\{closure}(Object(Illuminate\\Http\\Request))
#28 C:\\xampp\\htdocs\\language\\vendor\\laravel\\framework\\src\\Illuminate\\Session\\Middleware\\StartSession.php(64): Illuminate\\Session\\Middleware\\StartSession->handleStatefulRequest(Object(Illuminate\\Http\\Request), Object(Illuminate\\Session\\Store), Object(Closure))
#29 C:\\xampp\\htdocs\\language\\vendor\\laravel\\framework\\src\\Illuminate\\Pipeline\\Pipeline.php(167): Illuminate\\Session\\Middleware\\StartSession->handle(Object(Illuminate\\Http\\Request), Object(Closure))
#30 C:\\xampp\\htdocs\\language\\vendor\\fideloper\\proxy\\src\\TrustProxies.php(57): Illuminate\\Pipeline\\Pipeline->Illuminate\\Pipeline\\{closure}(Object(Illuminate\\Http\\Request))
#31 C:\\xampp\\htdocs\\language\\vendor\\laravel\\framework\\src\\Illuminate\\Pipeline\\Pipeline.php(167): Fideloper\\Proxy\\TrustProxies->handle(Object(Illuminate\\Http\\Request), Object(Closure))
#32 C:\\xampp\\htdocs\\language\\vendor\\laravel\\framework\\src\\Illuminate\\Foundation\\Http\\Middleware\\TransformsRequest.php(21): Illuminate\\Pipeline\\Pipeline->Illuminate\\Pipeline\\{closure}(Object(Illuminate\\Http\\Request))
#33 C:\\xampp\\htdocs\\language\\vendor\\laravel\\framework\\src\\Illuminate\\Foundation\\Http\\Middleware\\ConvertEmptyStringsToNull.php(31): Illuminate\\Foundation\\Http\\Middleware\\TransformsRequest->handle(Object(Illuminate\\Http\\Request), Object(Closure))
#34 C:\\xampp\\htdocs\\language\\vendor\\laravel\\framework\\src\\Illuminate\\Pipeline\\Pipeline.php(167): Illuminate\\Foundation\\Http\\Middleware\\ConvertEmptyStringsToNull->handle(Object(Illuminate\\Http\\Request), Object(Closure))
#35 C:\\xampp\\htdocs\\language\\vendor\\laravel\\framework\\src\\Illuminate\\Foundation\\Http\\Middleware\\TransformsRequest.php(21): Illuminate\\Pipeline\\Pipeline->Illuminate\\Pipeline\\{closure}(Object(Illuminate\\Http\\Request))
#36 C:\\xampp\\htdocs\\language\\vendor\\laravel\\framework\\src\\Illuminate\\Foundation\\Http\\Middleware\\TrimStrings.php(40): Illuminate\\Foundation\\Http\\Middleware\\TransformsRequest->handle(Object(Illuminate\\Http\\Request), Object(Closure))
#37 C:\\xampp\\htdocs\\language\\vendor\\laravel\\framework\\src\\Illuminate\\Pipeline\\Pipeline.php(167): Illuminate\\Foundation\\Http\\Middleware\\TrimStrings->handle(Object(Illuminate\\Http\\Request), Object(Closure))
#38 C:\\xampp\\htdocs\\language\\vendor\\laravel\\framework\\src\\Illuminate\\Foundation\\Http\\Middleware\\ValidatePostSize.php(27): Illuminate\\Pipeline\\Pipeline->Illuminate\\Pipeline\\{closure}(Object(Illuminate\\Http\\Request))
#39 C:\\xampp\\htdocs\\language\\vendor\\laravel\\framework\\src\\Illuminate\\Pipeline\\Pipeline.php(167): Illuminate\\Foundation\\Http\\Middleware\\ValidatePostSize->handle(Object(Illuminate\\Http\\Request), Object(Closure))
#40 C:\\xampp\\htdocs\\language\\vendor\\laravel\\framework\\src\\Illuminate\\Foundation\\Http\\Middleware\\PreventRequestsDuringMaintenance.php(86): Illuminate\\Pipeline\\Pipeline->Illuminate\\Pipeline\\{closure}(Object(Illuminate\\Http\\Request))
#41 C:\\xampp\\htdocs\\language\\vendor\\laravel\\framework\\src\\Illuminate\\Pipeline\\Pipeline.php(167): Illuminate\\Foundation\\Http\\Middleware\\PreventRequestsDuringMaintenance->handle(Object(Illuminate\\Http\\Request), Object(Closure))
#42 C:\\xampp\\htdocs\\language\\vendor\\laravel\\framework\\src\\Illuminate\\Pipeline\\Pipeline.php(103): Illuminate\\Pipeline\\Pipeline->Illuminate\\Pipeline\\{closure}(Object(Illuminate\\Http\\Request))
#43 C:\\xampp\\htdocs\\language\\vendor\\laravel\\framework\\src\\Illuminate\\Foundation\\Http\\Kernel.php(142): Illuminate\\Pipeline\\Pipeline->then(Object(Closure))
#44 C:\\xampp\\htdocs\\language\\vendor\\laravel\\framework\\src\\Illuminate\\Foundation\\Http\\Kernel.php(111): Illuminate\\Foundation\\Http\\Kernel->sendRequestThroughRouter(Object(Illuminate\\Http\\Request))
#45 C:\\xampp\\htdocs\\language\\public\\index.php(59): Illuminate\\Foundation\\Http\\Kernel->handle(Object(Illuminate\\Http\\Request))
#46 C:\\xampp\\htdocs\\language\\server.php(19): require_once('C:\\\\xampp\\\\htdocs...')
#47 {main}
"} 
[28-07-24 22:03:04] local.INFO: menuController - index  
[28-07-24 22:03:04] local.INFO: Menu Item Labels: {"labels":["Blogs","BUY COURSES","Bundles","Forums","Contact","COURSE","About Margies"]} 
[28-07-24 22:03:04] local.INFO: Menu Data: {"menu_data":null} 
[28-07-24 22:03:33] local.ERROR: Undefined index: class {"userId":1,"exception":"[object] (ErrorException(code: 0): Undefined index: class at C:\\xampp\\htdocs\\language\\vendor\\harimayco\\laravel-menu\\src\\Controllers\\MenuController.php:46)
[stacktrace]
#0 C:\\xampp\\htdocs\\language\\vendor\\harimayco\\laravel-menu\\src\\Controllers\\MenuController.php(46): Illuminate\\Foundation\\Bootstrap\\HandleExceptions->handleError(8, 'Undefined index...', 'C:\\\\xampp\\\\htdocs...', 46, Array)
#1 C:\\xampp\\htdocs\\language\\vendor\\laravel\\framework\\src\\Illuminate\\Routing\\Controller.php(54): Harimayco\\Menu\\Controllers\\MenuController->updateitem()
#2 C:\\xampp\\htdocs\\language\\vendor\\laravel\\framework\\src\\Illuminate\\Routing\\ControllerDispatcher.php(45): Illuminate\\Routing\\Controller->callAction('updateitem', Array)
#3 C:\\xampp\\htdocs\\language\\vendor\\laravel\\framework\\src\\Illuminate\\Routing\\Route.php(262): Illuminate\\Routing\\ControllerDispatcher->dispatch(Object(Illuminate\\Routing\\Route), Object(Harimayco\\Menu\\Controllers\\MenuController), 'updateitem')
#4 C:\\xampp\\htdocs\\language\\vendor\\laravel\\framework\\src\\Illuminate\\Routing\\Route.php(205): Illuminate\\Routing\\Route->runController()
#5 C:\\xampp\\htdocs\\language\\vendor\\laravel\\framework\\src\\Illuminate\\Routing\\Router.php(721): Illuminate\\Routing\\Route->run()
#6 C:\\xampp\\htdocs\\language\\vendor\\laravel\\framework\\src\\Illuminate\\Pipeline\\Pipeline.php(128): Illuminate\\Routing\\Router->Illuminate\\Routing\\{closure}(Object(Illuminate\\Http\\Request))
#7 C:\\xampp\\htdocs\\language\\vendor\\laravel\\framework\\src\\Illuminate\\Pipeline\\Pipeline.php(103): Illuminate\\Pipeline\\Pipeline->Illuminate\\Pipeline\\{closure}(Object(Illuminate\\Http\\Request))
#8 C:\\xampp\\htdocs\\language\\vendor\\laravel\\framework\\src\\Illuminate\\Routing\\Router.php(723): Illuminate\\Pipeline\\Pipeline->then(Object(Closure))
#9 C:\\xampp\\htdocs\\language\\vendor\\laravel\\framework\\src\\Illuminate\\Routing\\Router.php(698): Illuminate\\Routing\\Router->runRouteWithinStack(Object(Illuminate\\Routing\\Route), Object(Illuminate\\Http\\Request))
#10 C:\\xampp\\htdocs\\language\\vendor\\laravel\\framework\\src\\Illuminate\\Routing\\Router.php(662): Illuminate\\Routing\\Router->runRoute(Object(Illuminate\\Http\\Request), Object(Illuminate\\Routing\\Route))
#11 C:\\xampp\\htdocs\\language\\vendor\\laravel\\framework\\src\\Illuminate\\Routing\\Router.php(651): Illuminate\\Routing\\Router->dispatchToRoute(Object(Illuminate\\Http\\Request))
#12 C:\\xampp\\htdocs\\language\\vendor\\laravel\\framework\\src\\Illuminate\\Foundation\\Http\\Kernel.php(167): Illuminate\\Routing\\Router->dispatch(Object(Illuminate\\Http\\Request))
#13 C:\\xampp\\htdocs\\language\\vendor\\laravel\\framework\\src\\Illuminate\\Pipeline\\Pipeline.php(128): Illuminate\\Foundation\\Http\\Kernel->Illuminate\\Foundation\\Http\\{closure}(Object(Illuminate\\Http\\Request))
#14 C:\\xampp\\htdocs\\language\\vendor\\barryvdh\\laravel-debugbar\\src\\Middleware\\InjectDebugbar.php(59): Illuminate\\Pipeline\\Pipeline->Illuminate\\Pipeline\\{closure}(Object(Illuminate\\Http\\Request))
#15 C:\\xampp\\htdocs\\language\\vendor\\laravel\\framework\\src\\Illuminate\\Pipeline\\Pipeline.php(167): Barryvdh\\Debugbar\\Middleware\\InjectDebugbar->handle(Object(Illuminate\\Http\\Request), Object(Closure))
#16 C:\\xampp\\htdocs\\language\\vendor\\laravel\\framework\\src\\Illuminate\\View\\Middleware\\ShareErrorsFromSession.php(49): Illuminate\\Pipeline\\Pipeline->Illuminate\\Pipeline\\{closure}(Object(Illuminate\\Http\\Request))
#17 C:\\xampp\\htdocs\\language\\vendor\\laravel\\framework\\src\\Illuminate\\Pipeline\\Pipeline.php(167): Illuminate\\View\\Middleware\\ShareErrorsFromSession->handle(Object(Illuminate\\Http\\Request), Object(Closure))
#18 C:\\xampp\\htdocs\\language\\vendor\\laravel\\framework\\src\\Illuminate\\Session\\Middleware\\StartSession.php(121): Illuminate\\Pipeline\\Pipeline->Illuminate\\Pipeline\\{closure}(Object(Illuminate\\Http\\Request))
#19 C:\\xampp\\htdocs\\language\\vendor\\laravel\\framework\\src\\Illuminate\\Session\\Middleware\\StartSession.php(64): Illuminate\\Session\\Middleware\\StartSession->handleStatefulRequest(Object(Illuminate\\Http\\Request), Object(Illuminate\\Session\\Store), Object(Closure))
#20 C:\\xampp\\htdocs\\language\\vendor\\laravel\\framework\\src\\Illuminate\\Pipeline\\Pipeline.php(167): Illuminate\\Session\\Middleware\\StartSession->handle(Object(Illuminate\\Http\\Request), Object(Closure))
#21 C:\\xampp\\htdocs\\language\\vendor\\fideloper\\proxy\\src\\TrustProxies.php(57): Illuminate\\Pipeline\\Pipeline->Illuminate\\Pipeline\\{closure}(Object(Illuminate\\Http\\Request))
#22 C:\\xampp\\htdocs\\language\\vendor\\laravel\\framework\\src\\Illuminate\\Pipeline\\Pipeline.php(167): Fideloper\\Proxy\\TrustProxies->handle(Object(Illuminate\\Http\\Request), Object(Closure))
#23 C:\\xampp\\htdocs\\language\\vendor\\laravel\\framework\\src\\Illuminate\\Foundation\\Http\\Middleware\\TransformsRequest.php(21): Illuminate\\Pipeline\\Pipeline->Illuminate\\Pipeline\\{closure}(Object(Illuminate\\Http\\Request))
#24 C:\\xampp\\htdocs\\language\\vendor\\laravel\\framework\\src\\Illuminate\\Foundation\\Http\\Middleware\\ConvertEmptyStringsToNull.php(31): Illuminate\\Foundation\\Http\\Middleware\\TransformsRequest->handle(Object(Illuminate\\Http\\Request), Object(Closure))
#25 C:\\xampp\\htdocs\\language\\vendor\\laravel\\framework\\src\\Illuminate\\Pipeline\\Pipeline.php(167): Illuminate\\Foundation\\Http\\Middleware\\ConvertEmptyStringsToNull->handle(Object(Illuminate\\Http\\Request), Object(Closure))
#26 C:\\xampp\\htdocs\\language\\vendor\\laravel\\framework\\src\\Illuminate\\Foundation\\Http\\Middleware\\TransformsRequest.php(21): Illuminate\\Pipeline\\Pipeline->Illuminate\\Pipeline\\{closure}(Object(Illuminate\\Http\\Request))
#27 C:\\xampp\\htdocs\\language\\vendor\\laravel\\framework\\src\\Illuminate\\Foundation\\Http\\Middleware\\TrimStrings.php(40): Illuminate\\Foundation\\Http\\Middleware\\TransformsRequest->handle(Object(Illuminate\\Http\\Request), Object(Closure))
#28 C:\\xampp\\htdocs\\language\\vendor\\laravel\\framework\\src\\Illuminate\\Pipeline\\Pipeline.php(167): Illuminate\\Foundation\\Http\\Middleware\\TrimStrings->handle(Object(Illuminate\\Http\\Request), Object(Closure))
#29 C:\\xampp\\htdocs\\language\\vendor\\laravel\\framework\\src\\Illuminate\\Foundation\\Http\\Middleware\\ValidatePostSize.php(27): Illuminate\\Pipeline\\Pipeline->Illuminate\\Pipeline\\{closure}(Object(Illuminate\\Http\\Request))
#30 C:\\xampp\\htdocs\\language\\vendor\\laravel\\framework\\src\\Illuminate\\Pipeline\\Pipeline.php(167): Illuminate\\Foundation\\Http\\Middleware\\ValidatePostSize->handle(Object(Illuminate\\Http\\Request), Object(Closure))
#31 C:\\xampp\\htdocs\\language\\vendor\\laravel\\framework\\src\\Illuminate\\Foundation\\Http\\Middleware\\PreventRequestsDuringMaintenance.php(86): Illuminate\\Pipeline\\Pipeline->Illuminate\\Pipeline\\{closure}(Object(Illuminate\\Http\\Request))
#32 C:\\xampp\\htdocs\\language\\vendor\\laravel\\framework\\src\\Illuminate\\Pipeline\\Pipeline.php(167): Illuminate\\Foundation\\Http\\Middleware\\PreventRequestsDuringMaintenance->handle(Object(Illuminate\\Http\\Request), Object(Closure))
#33 C:\\xampp\\htdocs\\language\\vendor\\laravel\\framework\\src\\Illuminate\\Pipeline\\Pipeline.php(103): Illuminate\\Pipeline\\Pipeline->Illuminate\\Pipeline\\{closure}(Object(Illuminate\\Http\\Request))
#34 C:\\xampp\\htdocs\\language\\vendor\\laravel\\framework\\src\\Illuminate\\Foundation\\Http\\Kernel.php(142): Illuminate\\Pipeline\\Pipeline->then(Object(Closure))
#35 C:\\xampp\\htdocs\\language\\vendor\\laravel\\framework\\src\\Illuminate\\Foundation\\Http\\Kernel.php(111): Illuminate\\Foundation\\Http\\Kernel->sendRequestThroughRouter(Object(Illuminate\\Http\\Request))
#36 C:\\xampp\\htdocs\\language\\public\\index.php(59): Illuminate\\Foundation\\Http\\Kernel->handle(Object(Illuminate\\Http\\Request))
#37 C:\\xampp\\htdocs\\language\\server.php(19): require_once('C:\\\\xampp\\\\htdocs...')
#38 {main}
"} 
[28-07-24 22:03:42] local.INFO: menuController - index  
[28-07-24 22:03:43] local.INFO: Menu Item Labels: {"labels":["Blogs","BUY COURSES","Bundles","Forums","Contact","COURSE","About Margies"]} 
[28-07-24 22:03:43] local.INFO: Menu Data: {"menu_data":null} 
[28-07-24 22:05:58] local.ERROR: Undefined index: class {"userId":1,"exception":"[object] (ErrorException(code: 0): Undefined index: class at C:\\xampp\\htdocs\\language\\vendor\\harimayco\\laravel-menu\\src\\Controllers\\MenuController.php:46)
[stacktrace]
#0 C:\\xampp\\htdocs\\language\\vendor\\harimayco\\laravel-menu\\src\\Controllers\\MenuController.php(46): Illuminate\\Foundation\\Bootstrap\\HandleExceptions->handleError(8, 'Undefined index...', 'C:\\\\xampp\\\\htdocs...', 46, Array)
#1 C:\\xampp\\htdocs\\language\\vendor\\laravel\\framework\\src\\Illuminate\\Routing\\Controller.php(54): Harimayco\\Menu\\Controllers\\MenuController->updateitem()
#2 C:\\xampp\\htdocs\\language\\vendor\\laravel\\framework\\src\\Illuminate\\Routing\\ControllerDispatcher.php(45): Illuminate\\Routing\\Controller->callAction('updateitem', Array)
#3 C:\\xampp\\htdocs\\language\\vendor\\laravel\\framework\\src\\Illuminate\\Routing\\Route.php(262): Illuminate\\Routing\\ControllerDispatcher->dispatch(Object(Illuminate\\Routing\\Route), Object(Harimayco\\Menu\\Controllers\\MenuController), 'updateitem')
#4 C:\\xampp\\htdocs\\language\\vendor\\laravel\\framework\\src\\Illuminate\\Routing\\Route.php(205): Illuminate\\Routing\\Route->runController()
#5 C:\\xampp\\htdocs\\language\\vendor\\laravel\\framework\\src\\Illuminate\\Routing\\Router.php(721): Illuminate\\Routing\\Route->run()
#6 C:\\xampp\\htdocs\\language\\vendor\\laravel\\framework\\src\\Illuminate\\Pipeline\\Pipeline.php(128): Illuminate\\Routing\\Router->Illuminate\\Routing\\{closure}(Object(Illuminate\\Http\\Request))
#7 C:\\xampp\\htdocs\\language\\vendor\\laravel\\framework\\src\\Illuminate\\Pipeline\\Pipeline.php(103): Illuminate\\Pipeline\\Pipeline->Illuminate\\Pipeline\\{closure}(Object(Illuminate\\Http\\Request))
#8 C:\\xampp\\htdocs\\language\\vendor\\laravel\\framework\\src\\Illuminate\\Routing\\Router.php(723): Illuminate\\Pipeline\\Pipeline->then(Object(Closure))
#9 C:\\xampp\\htdocs\\language\\vendor\\laravel\\framework\\src\\Illuminate\\Routing\\Router.php(698): Illuminate\\Routing\\Router->runRouteWithinStack(Object(Illuminate\\Routing\\Route), Object(Illuminate\\Http\\Request))
#10 C:\\xampp\\htdocs\\language\\vendor\\laravel\\framework\\src\\Illuminate\\Routing\\Router.php(662): Illuminate\\Routing\\Router->runRoute(Object(Illuminate\\Http\\Request), Object(Illuminate\\Routing\\Route))
#11 C:\\xampp\\htdocs\\language\\vendor\\laravel\\framework\\src\\Illuminate\\Routing\\Router.php(651): Illuminate\\Routing\\Router->dispatchToRoute(Object(Illuminate\\Http\\Request))
#12 C:\\xampp\\htdocs\\language\\vendor\\laravel\\framework\\src\\Illuminate\\Foundation\\Http\\Kernel.php(167): Illuminate\\Routing\\Router->dispatch(Object(Illuminate\\Http\\Request))
#13 C:\\xampp\\htdocs\\language\\vendor\\laravel\\framework\\src\\Illuminate\\Pipeline\\Pipeline.php(128): Illuminate\\Foundation\\Http\\Kernel->Illuminate\\Foundation\\Http\\{closure}(Object(Illuminate\\Http\\Request))
#14 C:\\xampp\\htdocs\\language\\vendor\\barryvdh\\laravel-debugbar\\src\\Middleware\\InjectDebugbar.php(59): Illuminate\\Pipeline\\Pipeline->Illuminate\\Pipeline\\{closure}(Object(Illuminate\\Http\\Request))
#15 C:\\xampp\\htdocs\\language\\vendor\\laravel\\framework\\src\\Illuminate\\Pipeline\\Pipeline.php(167): Barryvdh\\Debugbar\\Middleware\\InjectDebugbar->handle(Object(Illuminate\\Http\\Request), Object(Closure))
#16 C:\\xampp\\htdocs\\language\\vendor\\laravel\\framework\\src\\Illuminate\\View\\Middleware\\ShareErrorsFromSession.php(49): Illuminate\\Pipeline\\Pipeline->Illuminate\\Pipeline\\{closure}(Object(Illuminate\\Http\\Request))
#17 C:\\xampp\\htdocs\\language\\vendor\\laravel\\framework\\src\\Illuminate\\Pipeline\\Pipeline.php(167): Illuminate\\View\\Middleware\\ShareErrorsFromSession->handle(Object(Illuminate\\Http\\Request), Object(Closure))
#18 C:\\xampp\\htdocs\\language\\vendor\\laravel\\framework\\src\\Illuminate\\Session\\Middleware\\StartSession.php(121): Illuminate\\Pipeline\\Pipeline->Illuminate\\Pipeline\\{closure}(Object(Illuminate\\Http\\Request))
#19 C:\\xampp\\htdocs\\language\\vendor\\laravel\\framework\\src\\Illuminate\\Session\\Middleware\\StartSession.php(64): Illuminate\\Session\\Middleware\\StartSession->handleStatefulRequest(Object(Illuminate\\Http\\Request), Object(Illuminate\\Session\\Store), Object(Closure))
#20 C:\\xampp\\htdocs\\language\\vendor\\laravel\\framework\\src\\Illuminate\\Pipeline\\Pipeline.php(167): Illuminate\\Session\\Middleware\\StartSession->handle(Object(Illuminate\\Http\\Request), Object(Closure))
#21 C:\\xampp\\htdocs\\language\\vendor\\fideloper\\proxy\\src\\TrustProxies.php(57): Illuminate\\Pipeline\\Pipeline->Illuminate\\Pipeline\\{closure}(Object(Illuminate\\Http\\Request))
#22 C:\\xampp\\htdocs\\language\\vendor\\laravel\\framework\\src\\Illuminate\\Pipeline\\Pipeline.php(167): Fideloper\\Proxy\\TrustProxies->handle(Object(Illuminate\\Http\\Request), Object(Closure))
#23 C:\\xampp\\htdocs\\language\\vendor\\laravel\\framework\\src\\Illuminate\\Foundation\\Http\\Middleware\\TransformsRequest.php(21): Illuminate\\Pipeline\\Pipeline->Illuminate\\Pipeline\\{closure}(Object(Illuminate\\Http\\Request))
#24 C:\\xampp\\htdocs\\language\\vendor\\laravel\\framework\\src\\Illuminate\\Foundation\\Http\\Middleware\\ConvertEmptyStringsToNull.php(31): Illuminate\\Foundation\\Http\\Middleware\\TransformsRequest->handle(Object(Illuminate\\Http\\Request), Object(Closure))
#25 C:\\xampp\\htdocs\\language\\vendor\\laravel\\framework\\src\\Illuminate\\Pipeline\\Pipeline.php(167): Illuminate\\Foundation\\Http\\Middleware\\ConvertEmptyStringsToNull->handle(Object(Illuminate\\Http\\Request), Object(Closure))
#26 C:\\xampp\\htdocs\\language\\vendor\\laravel\\framework\\src\\Illuminate\\Foundation\\Http\\Middleware\\TransformsRequest.php(21): Illuminate\\Pipeline\\Pipeline->Illuminate\\Pipeline\\{closure}(Object(Illuminate\\Http\\Request))
#27 C:\\xampp\\htdocs\\language\\vendor\\laravel\\framework\\src\\Illuminate\\Foundation\\Http\\Middleware\\TrimStrings.php(40): Illuminate\\Foundation\\Http\\Middleware\\TransformsRequest->handle(Object(Illuminate\\Http\\Request), Object(Closure))
#28 C:\\xampp\\htdocs\\language\\vendor\\laravel\\framework\\src\\Illuminate\\Pipeline\\Pipeline.php(167): Illuminate\\Foundation\\Http\\Middleware\\TrimStrings->handle(Object(Illuminate\\Http\\Request), Object(Closure))
#29 C:\\xampp\\htdocs\\language\\vendor\\laravel\\framework\\src\\Illuminate\\Foundation\\Http\\Middleware\\ValidatePostSize.php(27): Illuminate\\Pipeline\\Pipeline->Illuminate\\Pipeline\\{closure}(Object(Illuminate\\Http\\Request))
#30 C:\\xampp\\htdocs\\language\\vendor\\laravel\\framework\\src\\Illuminate\\Pipeline\\Pipeline.php(167): Illuminate\\Foundation\\Http\\Middleware\\ValidatePostSize->handle(Object(Illuminate\\Http\\Request), Object(Closure))
#31 C:\\xampp\\htdocs\\language\\vendor\\laravel\\framework\\src\\Illuminate\\Foundation\\Http\\Middleware\\PreventRequestsDuringMaintenance.php(86): Illuminate\\Pipeline\\Pipeline->Illuminate\\Pipeline\\{closure}(Object(Illuminate\\Http\\Request))
#32 C:\\xampp\\htdocs\\language\\vendor\\laravel\\framework\\src\\Illuminate\\Pipeline\\Pipeline.php(167): Illuminate\\Foundation\\Http\\Middleware\\PreventRequestsDuringMaintenance->handle(Object(Illuminate\\Http\\Request), Object(Closure))
#33 C:\\xampp\\htdocs\\language\\vendor\\laravel\\framework\\src\\Illuminate\\Pipeline\\Pipeline.php(103): Illuminate\\Pipeline\\Pipeline->Illuminate\\Pipeline\\{closure}(Object(Illuminate\\Http\\Request))
#34 C:\\xampp\\htdocs\\language\\vendor\\laravel\\framework\\src\\Illuminate\\Foundation\\Http\\Kernel.php(142): Illuminate\\Pipeline\\Pipeline->then(Object(Closure))
#35 C:\\xampp\\htdocs\\language\\vendor\\laravel\\framework\\src\\Illuminate\\Foundation\\Http\\Kernel.php(111): Illuminate\\Foundation\\Http\\Kernel->sendRequestThroughRouter(Object(Illuminate\\Http\\Request))
#36 C:\\xampp\\htdocs\\language\\public\\index.php(59): Illuminate\\Foundation\\Http\\Kernel->handle(Object(Illuminate\\Http\\Request))
#37 C:\\xampp\\htdocs\\language\\server.php(19): require_once('C:\\\\xampp\\\\htdocs...')
#38 {main}
"} 
[28-07-24 22:06:06] local.ERROR: Undefined index: class {"userId":1,"exception":"[object] (ErrorException(code: 0): Undefined index: class at C:\\xampp\\htdocs\\language\\vendor\\harimayco\\laravel-menu\\src\\Controllers\\MenuController.php:46)
[stacktrace]
#0 C:\\xampp\\htdocs\\language\\vendor\\harimayco\\laravel-menu\\src\\Controllers\\MenuController.php(46): Illuminate\\Foundation\\Bootstrap\\HandleExceptions->handleError(8, 'Undefined index...', 'C:\\\\xampp\\\\htdocs...', 46, Array)
#1 C:\\xampp\\htdocs\\language\\vendor\\laravel\\framework\\src\\Illuminate\\Routing\\Controller.php(54): Harimayco\\Menu\\Controllers\\MenuController->updateitem()
#2 C:\\xampp\\htdocs\\language\\vendor\\laravel\\framework\\src\\Illuminate\\Routing\\ControllerDispatcher.php(45): Illuminate\\Routing\\Controller->callAction('updateitem', Array)
#3 C:\\xampp\\htdocs\\language\\vendor\\laravel\\framework\\src\\Illuminate\\Routing\\Route.php(262): Illuminate\\Routing\\ControllerDispatcher->dispatch(Object(Illuminate\\Routing\\Route), Object(Harimayco\\Menu\\Controllers\\MenuController), 'updateitem')
#4 C:\\xampp\\htdocs\\language\\vendor\\laravel\\framework\\src\\Illuminate\\Routing\\Route.php(205): Illuminate\\Routing\\Route->runController()
#5 C:\\xampp\\htdocs\\language\\vendor\\laravel\\framework\\src\\Illuminate\\Routing\\Router.php(721): Illuminate\\Routing\\Route->run()
#6 C:\\xampp\\htdocs\\language\\vendor\\laravel\\framework\\src\\Illuminate\\Pipeline\\Pipeline.php(128): Illuminate\\Routing\\Router->Illuminate\\Routing\\{closure}(Object(Illuminate\\Http\\Request))
#7 C:\\xampp\\htdocs\\language\\vendor\\laravel\\framework\\src\\Illuminate\\Pipeline\\Pipeline.php(103): Illuminate\\Pipeline\\Pipeline->Illuminate\\Pipeline\\{closure}(Object(Illuminate\\Http\\Request))
#8 C:\\xampp\\htdocs\\language\\vendor\\laravel\\framework\\src\\Illuminate\\Routing\\Router.php(723): Illuminate\\Pipeline\\Pipeline->then(Object(Closure))
#9 C:\\xampp\\htdocs\\language\\vendor\\laravel\\framework\\src\\Illuminate\\Routing\\Router.php(698): Illuminate\\Routing\\Router->runRouteWithinStack(Object(Illuminate\\Routing\\Route), Object(Illuminate\\Http\\Request))
#10 C:\\xampp\\htdocs\\language\\vendor\\laravel\\framework\\src\\Illuminate\\Routing\\Router.php(662): Illuminate\\Routing\\Router->runRoute(Object(Illuminate\\Http\\Request), Object(Illuminate\\Routing\\Route))
#11 C:\\xampp\\htdocs\\language\\vendor\\laravel\\framework\\src\\Illuminate\\Routing\\Router.php(651): Illuminate\\Routing\\Router->dispatchToRoute(Object(Illuminate\\Http\\Request))
#12 C:\\xampp\\htdocs\\language\\vendor\\laravel\\framework\\src\\Illuminate\\Foundation\\Http\\Kernel.php(167): Illuminate\\Routing\\Router->dispatch(Object(Illuminate\\Http\\Request))
#13 C:\\xampp\\htdocs\\language\\vendor\\laravel\\framework\\src\\Illuminate\\Pipeline\\Pipeline.php(128): Illuminate\\Foundation\\Http\\Kernel->Illuminate\\Foundation\\Http\\{closure}(Object(Illuminate\\Http\\Request))
#14 C:\\xampp\\htdocs\\language\\vendor\\barryvdh\\laravel-debugbar\\src\\Middleware\\InjectDebugbar.php(59): Illuminate\\Pipeline\\Pipeline->Illuminate\\Pipeline\\{closure}(Object(Illuminate\\Http\\Request))
#15 C:\\xampp\\htdocs\\language\\vendor\\laravel\\framework\\src\\Illuminate\\Pipeline\\Pipeline.php(167): Barryvdh\\Debugbar\\Middleware\\InjectDebugbar->handle(Object(Illuminate\\Http\\Request), Object(Closure))
#16 C:\\xampp\\htdocs\\language\\vendor\\laravel\\framework\\src\\Illuminate\\View\\Middleware\\ShareErrorsFromSession.php(49): Illuminate\\Pipeline\\Pipeline->Illuminate\\Pipeline\\{closure}(Object(Illuminate\\Http\\Request))
#17 C:\\xampp\\htdocs\\language\\vendor\\laravel\\framework\\src\\Illuminate\\Pipeline\\Pipeline.php(167): Illuminate\\View\\Middleware\\ShareErrorsFromSession->handle(Object(Illuminate\\Http\\Request), Object(Closure))
#18 C:\\xampp\\htdocs\\language\\vendor\\laravel\\framework\\src\\Illuminate\\Session\\Middleware\\StartSession.php(121): Illuminate\\Pipeline\\Pipeline->Illuminate\\Pipeline\\{closure}(Object(Illuminate\\Http\\Request))
#19 C:\\xampp\\htdocs\\language\\vendor\\laravel\\framework\\src\\Illuminate\\Session\\Middleware\\StartSession.php(64): Illuminate\\Session\\Middleware\\StartSession->handleStatefulRequest(Object(Illuminate\\Http\\Request), Object(Illuminate\\Session\\Store), Object(Closure))
#20 C:\\xampp\\htdocs\\language\\vendor\\laravel\\framework\\src\\Illuminate\\Pipeline\\Pipeline.php(167): Illuminate\\Session\\Middleware\\StartSession->handle(Object(Illuminate\\Http\\Request), Object(Closure))
#21 C:\\xampp\\htdocs\\language\\vendor\\fideloper\\proxy\\src\\TrustProxies.php(57): Illuminate\\Pipeline\\Pipeline->Illuminate\\Pipeline\\{closure}(Object(Illuminate\\Http\\Request))
#22 C:\\xampp\\htdocs\\language\\vendor\\laravel\\framework\\src\\Illuminate\\Pipeline\\Pipeline.php(167): Fideloper\\Proxy\\TrustProxies->handle(Object(Illuminate\\Http\\Request), Object(Closure))
#23 C:\\xampp\\htdocs\\language\\vendor\\laravel\\framework\\src\\Illuminate\\Foundation\\Http\\Middleware\\TransformsRequest.php(21): Illuminate\\Pipeline\\Pipeline->Illuminate\\Pipeline\\{closure}(Object(Illuminate\\Http\\Request))
#24 C:\\xampp\\htdocs\\language\\vendor\\laravel\\framework\\src\\Illuminate\\Foundation\\Http\\Middleware\\ConvertEmptyStringsToNull.php(31): Illuminate\\Foundation\\Http\\Middleware\\TransformsRequest->handle(Object(Illuminate\\Http\\Request), Object(Closure))
#25 C:\\xampp\\htdocs\\language\\vendor\\laravel\\framework\\src\\Illuminate\\Pipeline\\Pipeline.php(167): Illuminate\\Foundation\\Http\\Middleware\\ConvertEmptyStringsToNull->handle(Object(Illuminate\\Http\\Request), Object(Closure))
#26 C:\\xampp\\htdocs\\language\\vendor\\laravel\\framework\\src\\Illuminate\\Foundation\\Http\\Middleware\\TransformsRequest.php(21): Illuminate\\Pipeline\\Pipeline->Illuminate\\Pipeline\\{closure}(Object(Illuminate\\Http\\Request))
#27 C:\\xampp\\htdocs\\language\\vendor\\laravel\\framework\\src\\Illuminate\\Foundation\\Http\\Middleware\\TrimStrings.php(40): Illuminate\\Foundation\\Http\\Middleware\\TransformsRequest->handle(Object(Illuminate\\Http\\Request), Object(Closure))
#28 C:\\xampp\\htdocs\\language\\vendor\\laravel\\framework\\src\\Illuminate\\Pipeline\\Pipeline.php(167): Illuminate\\Foundation\\Http\\Middleware\\TrimStrings->handle(Object(Illuminate\\Http\\Request), Object(Closure))
#29 C:\\xampp\\htdocs\\language\\vendor\\laravel\\framework\\src\\Illuminate\\Foundation\\Http\\Middleware\\ValidatePostSize.php(27): Illuminate\\Pipeline\\Pipeline->Illuminate\\Pipeline\\{closure}(Object(Illuminate\\Http\\Request))
#30 C:\\xampp\\htdocs\\language\\vendor\\laravel\\framework\\src\\Illuminate\\Pipeline\\Pipeline.php(167): Illuminate\\Foundation\\Http\\Middleware\\ValidatePostSize->handle(Object(Illuminate\\Http\\Request), Object(Closure))
#31 C:\\xampp\\htdocs\\language\\vendor\\laravel\\framework\\src\\Illuminate\\Foundation\\Http\\Middleware\\PreventRequestsDuringMaintenance.php(86): Illuminate\\Pipeline\\Pipeline->Illuminate\\Pipeline\\{closure}(Object(Illuminate\\Http\\Request))
#32 C:\\xampp\\htdocs\\language\\vendor\\laravel\\framework\\src\\Illuminate\\Pipeline\\Pipeline.php(167): Illuminate\\Foundation\\Http\\Middleware\\PreventRequestsDuringMaintenance->handle(Object(Illuminate\\Http\\Request), Object(Closure))
#33 C:\\xampp\\htdocs\\language\\vendor\\laravel\\framework\\src\\Illuminate\\Pipeline\\Pipeline.php(103): Illuminate\\Pipeline\\Pipeline->Illuminate\\Pipeline\\{closure}(Object(Illuminate\\Http\\Request))
#34 C:\\xampp\\htdocs\\language\\vendor\\laravel\\framework\\src\\Illuminate\\Foundation\\Http\\Kernel.php(142): Illuminate\\Pipeline\\Pipeline->then(Object(Closure))
#35 C:\\xampp\\htdocs\\language\\vendor\\laravel\\framework\\src\\Illuminate\\Foundation\\Http\\Kernel.php(111): Illuminate\\Foundation\\Http\\Kernel->sendRequestThroughRouter(Object(Illuminate\\Http\\Request))
#36 C:\\xampp\\htdocs\\language\\public\\index.php(59): Illuminate\\Foundation\\Http\\Kernel->handle(Object(Illuminate\\Http\\Request))
#37 C:\\xampp\\htdocs\\language\\server.php(19): require_once('C:\\\\xampp\\\\htdocs...')
#38 {main}
"} 
[28-07-24 22:06:10] local.INFO: menuController - index  
[28-07-24 22:06:10] local.INFO: Menu Item Labels: {"labels":["Blogs","BUY COURSES","Bundles","Forums","Contact","COURSE","About Margies"]} 
[28-07-24 22:06:10] local.INFO: Menu Data: {"menu_data":null} 
[28-07-24 22:06:14] local.INFO: menuController - index  
[28-07-24 22:06:15] local.INFO: Menu Item Labels: {"labels":["Blogs","BUY COURSES","Bundles","Forums","Contact","COURSE","About Margies"]} 
[28-07-24 22:06:15] local.INFO: Menu Data: {"menu_data":null} 
[28-07-24 23:02:35] local.INFO: menuController - index  
[28-07-24 23:02:35] local.INFO: Menu Item Labels: {"labels":["Blogs","BUY COURSES","Bundles","Forums","Contact","COURSE","About Margies"]} 
[28-07-24 23:02:46] local.INFO: menuController - index  
[28-07-24 23:02:46] local.INFO: Menu Item Labels: {"labels":["Blogs","BUY COURSES","Bundles","Forums","Contact","COURSE","About Margies"]} 
[28-07-24 23:02:46] local.INFO: Menu Data: {"menu_data":null} 
[28-07-24 23:03:12] local.INFO: menuController - index  
[28-07-24 23:03:12] local.INFO: Menu Item Labels: {"labels":["About margies","BUY COURSES","Bundles","Forums","Contact","COURSE","About Margies"]} 
[28-07-24 23:03:12] local.INFO: Menu Data: {"menu_data":null} 
[28-07-24 23:03:22] local.INFO: menuController - index  
[28-07-24 23:03:22] local.INFO: Menu Item Labels: {"labels":["About margies","BUY COURSES","Bundles","Forums","Contact","COURSE","About Margies"]} 
[28-07-24 23:03:35] local.INFO: menuController - index  
[28-07-24 23:03:35] local.INFO: Menu Item Labels: {"labels":["About margies","BUY COURSES","Bundles","Forums","Contact","COURSE","About Margies"]} 
[28-07-24 23:03:35] local.INFO: Menu Data: {"menu_data":null} 
[28-07-24 23:03:45] local.INFO: menuController - index  
[28-07-24 23:03:45] local.INFO: Menu Item Labels: {"labels":["About margies","BUY COURSES","Bundles","Forums","Contact","COURSE","About Margies"]} 
[28-07-24 23:04:24] local.INFO: menuController - index  
[28-07-24 23:04:24] local.INFO: Menu Item Labels: {"labels":["About margies","BUY COURSES","Bundles","Forums","Contact","COURSE","About Margies"]} 
[28-07-24 23:04:24] local.INFO: Menu Data: {"menu_data":null} 
[28-07-24 23:04:34] local.INFO: menuController - index  
[28-07-24 23:04:34] local.INFO: Menu Item Labels: {"labels":["About margies","BUY COURSES","Bundles","Forums","Contact","COURSE","About Margies"]} 
[28-07-24 23:04:51] local.INFO: menuController - index  
[28-07-24 23:04:51] local.INFO: Menu Item Labels: {"labels":["About margies","BUY COURSES","Bundles","Forums","Contact","COURSE","About Margies"]} 
[28-07-24 23:04:51] local.INFO: Menu Data: {"menu_data":null} 
[28-07-24 23:05:01] local.INFO: menuController - index  
[28-07-24 23:05:01] local.INFO: Menu Item Labels: {"labels":["About margies","BUY COURSES","Bundles","Forums","Contact","COURSE","About Margies"]} 
[28-07-24 23:05:41] local.INFO: User Logged Out: Admin Istrator  
[28-07-24 23:09:15] local.INFO: menuController - index  
[28-07-24 23:09:15] local.INFO: Menu Item Labels: {"labels":["About margies","BUY COURSES","Bundles","Forums","Contact","COURSE","About Margies"]} 
[28-07-24 23:09:32] local.INFO: menuController - index  
[28-07-24 23:09:32] local.INFO: Menu Item Labels: {"labels":["About margies","BUY COURSES","Bundles","Forums","Contact","COURSE","About Margies"]} 
[28-07-24 23:09:32] local.INFO: Menu Data: {"menu_data":null} 
[28-07-24 23:11:00] local.INFO: menuController - index  
[28-07-24 23:11:00] local.INFO: Menu Item Labels: {"labels":["About margies","BUY COURSES","Bundles","Forums","Contact","COURSE","About Margies"]} 
[28-07-24 23:11:00] local.INFO: Menu Data: {"menu_data":null} 
[28-07-24 23:11:12] local.ERROR: Undefined index: class {"userId":1,"exception":"[object] (ErrorException(code: 0): Undefined index: class at C:\\xampp\\htdocs\\language\\vendor\\harimayco\\laravel-menu\\src\\Controllers\\MenuController.php:46)
[stacktrace]
#0 C:\\xampp\\htdocs\\language\\vendor\\harimayco\\laravel-menu\\src\\Controllers\\MenuController.php(46): Illuminate\\Foundation\\Bootstrap\\HandleExceptions->handleError(8, 'Undefined index...', 'C:\\\\xampp\\\\htdocs...', 46, Array)
#1 C:\\xampp\\htdocs\\language\\vendor\\laravel\\framework\\src\\Illuminate\\Routing\\Controller.php(54): Harimayco\\Menu\\Controllers\\MenuController->updateitem()
#2 C:\\xampp\\htdocs\\language\\vendor\\laravel\\framework\\src\\Illuminate\\Routing\\ControllerDispatcher.php(45): Illuminate\\Routing\\Controller->callAction('updateitem', Array)
#3 C:\\xampp\\htdocs\\language\\vendor\\laravel\\framework\\src\\Illuminate\\Routing\\Route.php(262): Illuminate\\Routing\\ControllerDispatcher->dispatch(Object(Illuminate\\Routing\\Route), Object(Harimayco\\Menu\\Controllers\\MenuController), 'updateitem')
#4 C:\\xampp\\htdocs\\language\\vendor\\laravel\\framework\\src\\Illuminate\\Routing\\Route.php(205): Illuminate\\Routing\\Route->runController()
#5 C:\\xampp\\htdocs\\language\\vendor\\laravel\\framework\\src\\Illuminate\\Routing\\Router.php(721): Illuminate\\Routing\\Route->run()
#6 C:\\xampp\\htdocs\\language\\vendor\\laravel\\framework\\src\\Illuminate\\Pipeline\\Pipeline.php(128): Illuminate\\Routing\\Router->Illuminate\\Routing\\{closure}(Object(Illuminate\\Http\\Request))
#7 C:\\xampp\\htdocs\\language\\vendor\\laravel\\framework\\src\\Illuminate\\Pipeline\\Pipeline.php(103): Illuminate\\Pipeline\\Pipeline->Illuminate\\Pipeline\\{closure}(Object(Illuminate\\Http\\Request))
#8 C:\\xampp\\htdocs\\language\\vendor\\laravel\\framework\\src\\Illuminate\\Routing\\Router.php(723): Illuminate\\Pipeline\\Pipeline->then(Object(Closure))
#9 C:\\xampp\\htdocs\\language\\vendor\\laravel\\framework\\src\\Illuminate\\Routing\\Router.php(698): Illuminate\\Routing\\Router->runRouteWithinStack(Object(Illuminate\\Routing\\Route), Object(Illuminate\\Http\\Request))
#10 C:\\xampp\\htdocs\\language\\vendor\\laravel\\framework\\src\\Illuminate\\Routing\\Router.php(662): Illuminate\\Routing\\Router->runRoute(Object(Illuminate\\Http\\Request), Object(Illuminate\\Routing\\Route))
#11 C:\\xampp\\htdocs\\language\\vendor\\laravel\\framework\\src\\Illuminate\\Routing\\Router.php(651): Illuminate\\Routing\\Router->dispatchToRoute(Object(Illuminate\\Http\\Request))
#12 C:\\xampp\\htdocs\\language\\vendor\\laravel\\framework\\src\\Illuminate\\Foundation\\Http\\Kernel.php(167): Illuminate\\Routing\\Router->dispatch(Object(Illuminate\\Http\\Request))
#13 C:\\xampp\\htdocs\\language\\vendor\\laravel\\framework\\src\\Illuminate\\Pipeline\\Pipeline.php(128): Illuminate\\Foundation\\Http\\Kernel->Illuminate\\Foundation\\Http\\{closure}(Object(Illuminate\\Http\\Request))
#14 C:\\xampp\\htdocs\\language\\vendor\\barryvdh\\laravel-debugbar\\src\\Middleware\\InjectDebugbar.php(59): Illuminate\\Pipeline\\Pipeline->Illuminate\\Pipeline\\{closure}(Object(Illuminate\\Http\\Request))
#15 C:\\xampp\\htdocs\\language\\vendor\\laravel\\framework\\src\\Illuminate\\Pipeline\\Pipeline.php(167): Barryvdh\\Debugbar\\Middleware\\InjectDebugbar->handle(Object(Illuminate\\Http\\Request), Object(Closure))
#16 C:\\xampp\\htdocs\\language\\vendor\\laravel\\framework\\src\\Illuminate\\View\\Middleware\\ShareErrorsFromSession.php(49): Illuminate\\Pipeline\\Pipeline->Illuminate\\Pipeline\\{closure}(Object(Illuminate\\Http\\Request))
#17 C:\\xampp\\htdocs\\language\\vendor\\laravel\\framework\\src\\Illuminate\\Pipeline\\Pipeline.php(167): Illuminate\\View\\Middleware\\ShareErrorsFromSession->handle(Object(Illuminate\\Http\\Request), Object(Closure))
#18 C:\\xampp\\htdocs\\language\\vendor\\laravel\\framework\\src\\Illuminate\\Session\\Middleware\\StartSession.php(121): Illuminate\\Pipeline\\Pipeline->Illuminate\\Pipeline\\{closure}(Object(Illuminate\\Http\\Request))
#19 C:\\xampp\\htdocs\\language\\vendor\\laravel\\framework\\src\\Illuminate\\Session\\Middleware\\StartSession.php(64): Illuminate\\Session\\Middleware\\StartSession->handleStatefulRequest(Object(Illuminate\\Http\\Request), Object(Illuminate\\Session\\Store), Object(Closure))
#20 C:\\xampp\\htdocs\\language\\vendor\\laravel\\framework\\src\\Illuminate\\Pipeline\\Pipeline.php(167): Illuminate\\Session\\Middleware\\StartSession->handle(Object(Illuminate\\Http\\Request), Object(Closure))
#21 C:\\xampp\\htdocs\\language\\vendor\\fideloper\\proxy\\src\\TrustProxies.php(57): Illuminate\\Pipeline\\Pipeline->Illuminate\\Pipeline\\{closure}(Object(Illuminate\\Http\\Request))
#22 C:\\xampp\\htdocs\\language\\vendor\\laravel\\framework\\src\\Illuminate\\Pipeline\\Pipeline.php(167): Fideloper\\Proxy\\TrustProxies->handle(Object(Illuminate\\Http\\Request), Object(Closure))
#23 C:\\xampp\\htdocs\\language\\vendor\\laravel\\framework\\src\\Illuminate\\Foundation\\Http\\Middleware\\TransformsRequest.php(21): Illuminate\\Pipeline\\Pipeline->Illuminate\\Pipeline\\{closure}(Object(Illuminate\\Http\\Request))
#24 C:\\xampp\\htdocs\\language\\vendor\\laravel\\framework\\src\\Illuminate\\Foundation\\Http\\Middleware\\ConvertEmptyStringsToNull.php(31): Illuminate\\Foundation\\Http\\Middleware\\TransformsRequest->handle(Object(Illuminate\\Http\\Request), Object(Closure))
#25 C:\\xampp\\htdocs\\language\\vendor\\laravel\\framework\\src\\Illuminate\\Pipeline\\Pipeline.php(167): Illuminate\\Foundation\\Http\\Middleware\\ConvertEmptyStringsToNull->handle(Object(Illuminate\\Http\\Request), Object(Closure))
#26 C:\\xampp\\htdocs\\language\\vendor\\laravel\\framework\\src\\Illuminate\\Foundation\\Http\\Middleware\\TransformsRequest.php(21): Illuminate\\Pipeline\\Pipeline->Illuminate\\Pipeline\\{closure}(Object(Illuminate\\Http\\Request))
#27 C:\\xampp\\htdocs\\language\\vendor\\laravel\\framework\\src\\Illuminate\\Foundation\\Http\\Middleware\\TrimStrings.php(40): Illuminate\\Foundation\\Http\\Middleware\\TransformsRequest->handle(Object(Illuminate\\Http\\Request), Object(Closure))
#28 C:\\xampp\\htdocs\\language\\vendor\\laravel\\framework\\src\\Illuminate\\Pipeline\\Pipeline.php(167): Illuminate\\Foundation\\Http\\Middleware\\TrimStrings->handle(Object(Illuminate\\Http\\Request), Object(Closure))
#29 C:\\xampp\\htdocs\\language\\vendor\\laravel\\framework\\src\\Illuminate\\Foundation\\Http\\Middleware\\ValidatePostSize.php(27): Illuminate\\Pipeline\\Pipeline->Illuminate\\Pipeline\\{closure}(Object(Illuminate\\Http\\Request))
#30 C:\\xampp\\htdocs\\language\\vendor\\laravel\\framework\\src\\Illuminate\\Pipeline\\Pipeline.php(167): Illuminate\\Foundation\\Http\\Middleware\\ValidatePostSize->handle(Object(Illuminate\\Http\\Request), Object(Closure))
#31 C:\\xampp\\htdocs\\language\\vendor\\laravel\\framework\\src\\Illuminate\\Foundation\\Http\\Middleware\\PreventRequestsDuringMaintenance.php(86): Illuminate\\Pipeline\\Pipeline->Illuminate\\Pipeline\\{closure}(Object(Illuminate\\Http\\Request))
#32 C:\\xampp\\htdocs\\language\\vendor\\laravel\\framework\\src\\Illuminate\\Pipeline\\Pipeline.php(167): Illuminate\\Foundation\\Http\\Middleware\\PreventRequestsDuringMaintenance->handle(Object(Illuminate\\Http\\Request), Object(Closure))
#33 C:\\xampp\\htdocs\\language\\vendor\\laravel\\framework\\src\\Illuminate\\Pipeline\\Pipeline.php(103): Illuminate\\Pipeline\\Pipeline->Illuminate\\Pipeline\\{closure}(Object(Illuminate\\Http\\Request))
#34 C:\\xampp\\htdocs\\language\\vendor\\laravel\\framework\\src\\Illuminate\\Foundation\\Http\\Kernel.php(142): Illuminate\\Pipeline\\Pipeline->then(Object(Closure))
#35 C:\\xampp\\htdocs\\language\\vendor\\laravel\\framework\\src\\Illuminate\\Foundation\\Http\\Kernel.php(111): Illuminate\\Foundation\\Http\\Kernel->sendRequestThroughRouter(Object(Illuminate\\Http\\Request))
#36 C:\\xampp\\htdocs\\language\\public\\index.php(59): Illuminate\\Foundation\\Http\\Kernel->handle(Object(Illuminate\\Http\\Request))
#37 C:\\xampp\\htdocs\\language\\server.php(19): require_once('C:\\\\xampp\\\\htdocs...')
#38 {main}
"} 
[28-07-24 23:11:18] local.INFO: menuController - index  
[28-07-24 23:11:18] local.INFO: Menu Item Labels: {"labels":["About margies","BUY COURSES","Bundles","Forums","Contact","COURSE","About Margies"]} 
[28-07-24 23:11:18] local.INFO: Menu Data: {"menu_data":null} 
[28-07-24 23:11:22] local.ERROR: Undefined index: class {"userId":1,"exception":"[object] (ErrorException(code: 0): Undefined index: class at C:\\xampp\\htdocs\\language\\vendor\\harimayco\\laravel-menu\\src\\Controllers\\MenuController.php:46)
[stacktrace]
#0 C:\\xampp\\htdocs\\language\\vendor\\harimayco\\laravel-menu\\src\\Controllers\\MenuController.php(46): Illuminate\\Foundation\\Bootstrap\\HandleExceptions->handleError(8, 'Undefined index...', 'C:\\\\xampp\\\\htdocs...', 46, Array)
#1 C:\\xampp\\htdocs\\language\\vendor\\laravel\\framework\\src\\Illuminate\\Routing\\Controller.php(54): Harimayco\\Menu\\Controllers\\MenuController->updateitem()
#2 C:\\xampp\\htdocs\\language\\vendor\\laravel\\framework\\src\\Illuminate\\Routing\\ControllerDispatcher.php(45): Illuminate\\Routing\\Controller->callAction('updateitem', Array)
#3 C:\\xampp\\htdocs\\language\\vendor\\laravel\\framework\\src\\Illuminate\\Routing\\Route.php(262): Illuminate\\Routing\\ControllerDispatcher->dispatch(Object(Illuminate\\Routing\\Route), Object(Harimayco\\Menu\\Controllers\\MenuController), 'updateitem')
#4 C:\\xampp\\htdocs\\language\\vendor\\laravel\\framework\\src\\Illuminate\\Routing\\Route.php(205): Illuminate\\Routing\\Route->runController()
#5 C:\\xampp\\htdocs\\language\\vendor\\laravel\\framework\\src\\Illuminate\\Routing\\Router.php(721): Illuminate\\Routing\\Route->run()
#6 C:\\xampp\\htdocs\\language\\vendor\\laravel\\framework\\src\\Illuminate\\Pipeline\\Pipeline.php(128): Illuminate\\Routing\\Router->Illuminate\\Routing\\{closure}(Object(Illuminate\\Http\\Request))
#7 C:\\xampp\\htdocs\\language\\vendor\\laravel\\framework\\src\\Illuminate\\Pipeline\\Pipeline.php(103): Illuminate\\Pipeline\\Pipeline->Illuminate\\Pipeline\\{closure}(Object(Illuminate\\Http\\Request))
#8 C:\\xampp\\htdocs\\language\\vendor\\laravel\\framework\\src\\Illuminate\\Routing\\Router.php(723): Illuminate\\Pipeline\\Pipeline->then(Object(Closure))
#9 C:\\xampp\\htdocs\\language\\vendor\\laravel\\framework\\src\\Illuminate\\Routing\\Router.php(698): Illuminate\\Routing\\Router->runRouteWithinStack(Object(Illuminate\\Routing\\Route), Object(Illuminate\\Http\\Request))
#10 C:\\xampp\\htdocs\\language\\vendor\\laravel\\framework\\src\\Illuminate\\Routing\\Router.php(662): Illuminate\\Routing\\Router->runRoute(Object(Illuminate\\Http\\Request), Object(Illuminate\\Routing\\Route))
#11 C:\\xampp\\htdocs\\language\\vendor\\laravel\\framework\\src\\Illuminate\\Routing\\Router.php(651): Illuminate\\Routing\\Router->dispatchToRoute(Object(Illuminate\\Http\\Request))
#12 C:\\xampp\\htdocs\\language\\vendor\\laravel\\framework\\src\\Illuminate\\Foundation\\Http\\Kernel.php(167): Illuminate\\Routing\\Router->dispatch(Object(Illuminate\\Http\\Request))
#13 C:\\xampp\\htdocs\\language\\vendor\\laravel\\framework\\src\\Illuminate\\Pipeline\\Pipeline.php(128): Illuminate\\Foundation\\Http\\Kernel->Illuminate\\Foundation\\Http\\{closure}(Object(Illuminate\\Http\\Request))
#14 C:\\xampp\\htdocs\\language\\vendor\\barryvdh\\laravel-debugbar\\src\\Middleware\\InjectDebugbar.php(59): Illuminate\\Pipeline\\Pipeline->Illuminate\\Pipeline\\{closure}(Object(Illuminate\\Http\\Request))
#15 C:\\xampp\\htdocs\\language\\vendor\\laravel\\framework\\src\\Illuminate\\Pipeline\\Pipeline.php(167): Barryvdh\\Debugbar\\Middleware\\InjectDebugbar->handle(Object(Illuminate\\Http\\Request), Object(Closure))
#16 C:\\xampp\\htdocs\\language\\vendor\\laravel\\framework\\src\\Illuminate\\View\\Middleware\\ShareErrorsFromSession.php(49): Illuminate\\Pipeline\\Pipeline->Illuminate\\Pipeline\\{closure}(Object(Illuminate\\Http\\Request))
#17 C:\\xampp\\htdocs\\language\\vendor\\laravel\\framework\\src\\Illuminate\\Pipeline\\Pipeline.php(167): Illuminate\\View\\Middleware\\ShareErrorsFromSession->handle(Object(Illuminate\\Http\\Request), Object(Closure))
#18 C:\\xampp\\htdocs\\language\\vendor\\laravel\\framework\\src\\Illuminate\\Session\\Middleware\\StartSession.php(121): Illuminate\\Pipeline\\Pipeline->Illuminate\\Pipeline\\{closure}(Object(Illuminate\\Http\\Request))
#19 C:\\xampp\\htdocs\\language\\vendor\\laravel\\framework\\src\\Illuminate\\Session\\Middleware\\StartSession.php(64): Illuminate\\Session\\Middleware\\StartSession->handleStatefulRequest(Object(Illuminate\\Http\\Request), Object(Illuminate\\Session\\Store), Object(Closure))
#20 C:\\xampp\\htdocs\\language\\vendor\\laravel\\framework\\src\\Illuminate\\Pipeline\\Pipeline.php(167): Illuminate\\Session\\Middleware\\StartSession->handle(Object(Illuminate\\Http\\Request), Object(Closure))
#21 C:\\xampp\\htdocs\\language\\vendor\\fideloper\\proxy\\src\\TrustProxies.php(57): Illuminate\\Pipeline\\Pipeline->Illuminate\\Pipeline\\{closure}(Object(Illuminate\\Http\\Request))
#22 C:\\xampp\\htdocs\\language\\vendor\\laravel\\framework\\src\\Illuminate\\Pipeline\\Pipeline.php(167): Fideloper\\Proxy\\TrustProxies->handle(Object(Illuminate\\Http\\Request), Object(Closure))
#23 C:\\xampp\\htdocs\\language\\vendor\\laravel\\framework\\src\\Illuminate\\Foundation\\Http\\Middleware\\TransformsRequest.php(21): Illuminate\\Pipeline\\Pipeline->Illuminate\\Pipeline\\{closure}(Object(Illuminate\\Http\\Request))
#24 C:\\xampp\\htdocs\\language\\vendor\\laravel\\framework\\src\\Illuminate\\Foundation\\Http\\Middleware\\ConvertEmptyStringsToNull.php(31): Illuminate\\Foundation\\Http\\Middleware\\TransformsRequest->handle(Object(Illuminate\\Http\\Request), Object(Closure))
#25 C:\\xampp\\htdocs\\language\\vendor\\laravel\\framework\\src\\Illuminate\\Pipeline\\Pipeline.php(167): Illuminate\\Foundation\\Http\\Middleware\\ConvertEmptyStringsToNull->handle(Object(Illuminate\\Http\\Request), Object(Closure))
#26 C:\\xampp\\htdocs\\language\\vendor\\laravel\\framework\\src\\Illuminate\\Foundation\\Http\\Middleware\\TransformsRequest.php(21): Illuminate\\Pipeline\\Pipeline->Illuminate\\Pipeline\\{closure}(Object(Illuminate\\Http\\Request))
#27 C:\\xampp\\htdocs\\language\\vendor\\laravel\\framework\\src\\Illuminate\\Foundation\\Http\\Middleware\\TrimStrings.php(40): Illuminate\\Foundation\\Http\\Middleware\\TransformsRequest->handle(Object(Illuminate\\Http\\Request), Object(Closure))
#28 C:\\xampp\\htdocs\\language\\vendor\\laravel\\framework\\src\\Illuminate\\Pipeline\\Pipeline.php(167): Illuminate\\Foundation\\Http\\Middleware\\TrimStrings->handle(Object(Illuminate\\Http\\Request), Object(Closure))
#29 C:\\xampp\\htdocs\\language\\vendor\\laravel\\framework\\src\\Illuminate\\Foundation\\Http\\Middleware\\ValidatePostSize.php(27): Illuminate\\Pipeline\\Pipeline->Illuminate\\Pipeline\\{closure}(Object(Illuminate\\Http\\Request))
#30 C:\\xampp\\htdocs\\language\\vendor\\laravel\\framework\\src\\Illuminate\\Pipeline\\Pipeline.php(167): Illuminate\\Foundation\\Http\\Middleware\\ValidatePostSize->handle(Object(Illuminate\\Http\\Request), Object(Closure))
#31 C:\\xampp\\htdocs\\language\\vendor\\laravel\\framework\\src\\Illuminate\\Foundation\\Http\\Middleware\\PreventRequestsDuringMaintenance.php(86): Illuminate\\Pipeline\\Pipeline->Illuminate\\Pipeline\\{closure}(Object(Illuminate\\Http\\Request))
#32 C:\\xampp\\htdocs\\language\\vendor\\laravel\\framework\\src\\Illuminate\\Pipeline\\Pipeline.php(167): Illuminate\\Foundation\\Http\\Middleware\\PreventRequestsDuringMaintenance->handle(Object(Illuminate\\Http\\Request), Object(Closure))
#33 C:\\xampp\\htdocs\\language\\vendor\\laravel\\framework\\src\\Illuminate\\Pipeline\\Pipeline.php(103): Illuminate\\Pipeline\\Pipeline->Illuminate\\Pipeline\\{closure}(Object(Illuminate\\Http\\Request))
#34 C:\\xampp\\htdocs\\language\\vendor\\laravel\\framework\\src\\Illuminate\\Foundation\\Http\\Kernel.php(142): Illuminate\\Pipeline\\Pipeline->then(Object(Closure))
#35 C:\\xampp\\htdocs\\language\\vendor\\laravel\\framework\\src\\Illuminate\\Foundation\\Http\\Kernel.php(111): Illuminate\\Foundation\\Http\\Kernel->sendRequestThroughRouter(Object(Illuminate\\Http\\Request))
#36 C:\\xampp\\htdocs\\language\\public\\index.php(59): Illuminate\\Foundation\\Http\\Kernel->handle(Object(Illuminate\\Http\\Request))
#37 C:\\xampp\\htdocs\\language\\server.php(19): require_once('C:\\\\xampp\\\\htdocs...')
#38 {main}
"} 
[28-07-24 23:16:37] local.INFO: menuController - index  
[28-07-24 23:16:37] local.INFO: Menu Item Labels: {"labels":["About margies","BUY COURSES","Bundles","Forums","Contact","COURSE","About Margies"]} 
[28-07-24 23:16:44] local.INFO: menuController - index  
[28-07-24 23:16:44] local.INFO: Menu Item Labels: {"labels":["About margies","BUY COURSES","Bundles","Forums","Contact","COURSE","About Margies"]} 
[28-07-24 23:16:44] local.INFO: Menu Data: {"menu_data":null} 
[28-07-24 23:16:53] local.INFO: menuController - index  
[28-07-24 23:16:53] local.INFO: Menu Item Labels: {"labels":["About margies","BUY COURSES","Bundles","Forums","Contact","COURSE","About Margies"]} 
[28-07-24 23:17:02] local.INFO: menuController - index  
[28-07-24 23:17:02] local.INFO: Menu Item Labels: {"labels":["About margies","BUY COURSES","Bundles","Forums","Contact","COURSE","About Margies"]} 
[28-07-24 23:17:02] local.INFO: Menu Data: {"menu_data":null} 
[28-07-24 23:18:03] local.INFO: menuController - index  
[28-07-24 23:18:03] local.INFO: Menu Item Labels: {"labels":["About margies","BUY COURSES","Bundles","Forums","Contact","COURSE"]} 
[28-07-24 23:18:03] local.INFO: Menu Data: {"menu_data":null} 
[28-07-24 23:19:02] local.ERROR: Undefined index: class {"userId":1,"exception":"[object] (ErrorException(code: 0): Undefined index: class at C:\\xampp\\htdocs\\language\\vendor\\harimayco\\laravel-menu\\src\\Controllers\\MenuController.php:46)
[stacktrace]
#0 C:\\xampp\\htdocs\\language\\vendor\\harimayco\\laravel-menu\\src\\Controllers\\MenuController.php(46): Illuminate\\Foundation\\Bootstrap\\HandleExceptions->handleError(8, 'Undefined index...', 'C:\\\\xampp\\\\htdocs...', 46, Array)
#1 C:\\xampp\\htdocs\\language\\vendor\\laravel\\framework\\src\\Illuminate\\Routing\\Controller.php(54): Harimayco\\Menu\\Controllers\\MenuController->updateitem()
#2 C:\\xampp\\htdocs\\language\\vendor\\laravel\\framework\\src\\Illuminate\\Routing\\ControllerDispatcher.php(45): Illuminate\\Routing\\Controller->callAction('updateitem', Array)
#3 C:\\xampp\\htdocs\\language\\vendor\\laravel\\framework\\src\\Illuminate\\Routing\\Route.php(262): Illuminate\\Routing\\ControllerDispatcher->dispatch(Object(Illuminate\\Routing\\Route), Object(Harimayco\\Menu\\Controllers\\MenuController), 'updateitem')
#4 C:\\xampp\\htdocs\\language\\vendor\\laravel\\framework\\src\\Illuminate\\Routing\\Route.php(205): Illuminate\\Routing\\Route->runController()
#5 C:\\xampp\\htdocs\\language\\vendor\\laravel\\framework\\src\\Illuminate\\Routing\\Router.php(721): Illuminate\\Routing\\Route->run()
#6 C:\\xampp\\htdocs\\language\\vendor\\laravel\\framework\\src\\Illuminate\\Pipeline\\Pipeline.php(128): Illuminate\\Routing\\Router->Illuminate\\Routing\\{closure}(Object(Illuminate\\Http\\Request))
#7 C:\\xampp\\htdocs\\language\\vendor\\laravel\\framework\\src\\Illuminate\\Pipeline\\Pipeline.php(103): Illuminate\\Pipeline\\Pipeline->Illuminate\\Pipeline\\{closure}(Object(Illuminate\\Http\\Request))
#8 C:\\xampp\\htdocs\\language\\vendor\\laravel\\framework\\src\\Illuminate\\Routing\\Router.php(723): Illuminate\\Pipeline\\Pipeline->then(Object(Closure))
#9 C:\\xampp\\htdocs\\language\\vendor\\laravel\\framework\\src\\Illuminate\\Routing\\Router.php(698): Illuminate\\Routing\\Router->runRouteWithinStack(Object(Illuminate\\Routing\\Route), Object(Illuminate\\Http\\Request))
#10 C:\\xampp\\htdocs\\language\\vendor\\laravel\\framework\\src\\Illuminate\\Routing\\Router.php(662): Illuminate\\Routing\\Router->runRoute(Object(Illuminate\\Http\\Request), Object(Illuminate\\Routing\\Route))
#11 C:\\xampp\\htdocs\\language\\vendor\\laravel\\framework\\src\\Illuminate\\Routing\\Router.php(651): Illuminate\\Routing\\Router->dispatchToRoute(Object(Illuminate\\Http\\Request))
#12 C:\\xampp\\htdocs\\language\\vendor\\laravel\\framework\\src\\Illuminate\\Foundation\\Http\\Kernel.php(167): Illuminate\\Routing\\Router->dispatch(Object(Illuminate\\Http\\Request))
#13 C:\\xampp\\htdocs\\language\\vendor\\laravel\\framework\\src\\Illuminate\\Pipeline\\Pipeline.php(128): Illuminate\\Foundation\\Http\\Kernel->Illuminate\\Foundation\\Http\\{closure}(Object(Illuminate\\Http\\Request))
#14 C:\\xampp\\htdocs\\language\\vendor\\barryvdh\\laravel-debugbar\\src\\Middleware\\InjectDebugbar.php(59): Illuminate\\Pipeline\\Pipeline->Illuminate\\Pipeline\\{closure}(Object(Illuminate\\Http\\Request))
#15 C:\\xampp\\htdocs\\language\\vendor\\laravel\\framework\\src\\Illuminate\\Pipeline\\Pipeline.php(167): Barryvdh\\Debugbar\\Middleware\\InjectDebugbar->handle(Object(Illuminate\\Http\\Request), Object(Closure))
#16 C:\\xampp\\htdocs\\language\\vendor\\laravel\\framework\\src\\Illuminate\\View\\Middleware\\ShareErrorsFromSession.php(49): Illuminate\\Pipeline\\Pipeline->Illuminate\\Pipeline\\{closure}(Object(Illuminate\\Http\\Request))
#17 C:\\xampp\\htdocs\\language\\vendor\\laravel\\framework\\src\\Illuminate\\Pipeline\\Pipeline.php(167): Illuminate\\View\\Middleware\\ShareErrorsFromSession->handle(Object(Illuminate\\Http\\Request), Object(Closure))
#18 C:\\xampp\\htdocs\\language\\vendor\\laravel\\framework\\src\\Illuminate\\Session\\Middleware\\StartSession.php(121): Illuminate\\Pipeline\\Pipeline->Illuminate\\Pipeline\\{closure}(Object(Illuminate\\Http\\Request))
#19 C:\\xampp\\htdocs\\language\\vendor\\laravel\\framework\\src\\Illuminate\\Session\\Middleware\\StartSession.php(64): Illuminate\\Session\\Middleware\\StartSession->handleStatefulRequest(Object(Illuminate\\Http\\Request), Object(Illuminate\\Session\\Store), Object(Closure))
#20 C:\\xampp\\htdocs\\language\\vendor\\laravel\\framework\\src\\Illuminate\\Pipeline\\Pipeline.php(167): Illuminate\\Session\\Middleware\\StartSession->handle(Object(Illuminate\\Http\\Request), Object(Closure))
#21 C:\\xampp\\htdocs\\language\\vendor\\fideloper\\proxy\\src\\TrustProxies.php(57): Illuminate\\Pipeline\\Pipeline->Illuminate\\Pipeline\\{closure}(Object(Illuminate\\Http\\Request))
#22 C:\\xampp\\htdocs\\language\\vendor\\laravel\\framework\\src\\Illuminate\\Pipeline\\Pipeline.php(167): Fideloper\\Proxy\\TrustProxies->handle(Object(Illuminate\\Http\\Request), Object(Closure))
#23 C:\\xampp\\htdocs\\language\\vendor\\laravel\\framework\\src\\Illuminate\\Foundation\\Http\\Middleware\\TransformsRequest.php(21): Illuminate\\Pipeline\\Pipeline->Illuminate\\Pipeline\\{closure}(Object(Illuminate\\Http\\Request))
#24 C:\\xampp\\htdocs\\language\\vendor\\laravel\\framework\\src\\Illuminate\\Foundation\\Http\\Middleware\\ConvertEmptyStringsToNull.php(31): Illuminate\\Foundation\\Http\\Middleware\\TransformsRequest->handle(Object(Illuminate\\Http\\Request), Object(Closure))
#25 C:\\xampp\\htdocs\\language\\vendor\\laravel\\framework\\src\\Illuminate\\Pipeline\\Pipeline.php(167): Illuminate\\Foundation\\Http\\Middleware\\ConvertEmptyStringsToNull->handle(Object(Illuminate\\Http\\Request), Object(Closure))
#26 C:\\xampp\\htdocs\\language\\vendor\\laravel\\framework\\src\\Illuminate\\Foundation\\Http\\Middleware\\TransformsRequest.php(21): Illuminate\\Pipeline\\Pipeline->Illuminate\\Pipeline\\{closure}(Object(Illuminate\\Http\\Request))
#27 C:\\xampp\\htdocs\\language\\vendor\\laravel\\framework\\src\\Illuminate\\Foundation\\Http\\Middleware\\TrimStrings.php(40): Illuminate\\Foundation\\Http\\Middleware\\TransformsRequest->handle(Object(Illuminate\\Http\\Request), Object(Closure))
#28 C:\\xampp\\htdocs\\language\\vendor\\laravel\\framework\\src\\Illuminate\\Pipeline\\Pipeline.php(167): Illuminate\\Foundation\\Http\\Middleware\\TrimStrings->handle(Object(Illuminate\\Http\\Request), Object(Closure))
#29 C:\\xampp\\htdocs\\language\\vendor\\laravel\\framework\\src\\Illuminate\\Foundation\\Http\\Middleware\\ValidatePostSize.php(27): Illuminate\\Pipeline\\Pipeline->Illuminate\\Pipeline\\{closure}(Object(Illuminate\\Http\\Request))
#30 C:\\xampp\\htdocs\\language\\vendor\\laravel\\framework\\src\\Illuminate\\Pipeline\\Pipeline.php(167): Illuminate\\Foundation\\Http\\Middleware\\ValidatePostSize->handle(Object(Illuminate\\Http\\Request), Object(Closure))
#31 C:\\xampp\\htdocs\\language\\vendor\\laravel\\framework\\src\\Illuminate\\Foundation\\Http\\Middleware\\PreventRequestsDuringMaintenance.php(86): Illuminate\\Pipeline\\Pipeline->Illuminate\\Pipeline\\{closure}(Object(Illuminate\\Http\\Request))
#32 C:\\xampp\\htdocs\\language\\vendor\\laravel\\framework\\src\\Illuminate\\Pipeline\\Pipeline.php(167): Illuminate\\Foundation\\Http\\Middleware\\PreventRequestsDuringMaintenance->handle(Object(Illuminate\\Http\\Request), Object(Closure))
#33 C:\\xampp\\htdocs\\language\\vendor\\laravel\\framework\\src\\Illuminate\\Pipeline\\Pipeline.php(103): Illuminate\\Pipeline\\Pipeline->Illuminate\\Pipeline\\{closure}(Object(Illuminate\\Http\\Request))
#34 C:\\xampp\\htdocs\\language\\vendor\\laravel\\framework\\src\\Illuminate\\Foundation\\Http\\Kernel.php(142): Illuminate\\Pipeline\\Pipeline->then(Object(Closure))
#35 C:\\xampp\\htdocs\\language\\vendor\\laravel\\framework\\src\\Illuminate\\Foundation\\Http\\Kernel.php(111): Illuminate\\Foundation\\Http\\Kernel->sendRequestThroughRouter(Object(Illuminate\\Http\\Request))
#36 C:\\xampp\\htdocs\\language\\public\\index.php(59): Illuminate\\Foundation\\Http\\Kernel->handle(Object(Illuminate\\Http\\Request))
#37 C:\\xampp\\htdocs\\language\\server.php(19): require_once('C:\\\\xampp\\\\htdocs...')
#38 {main}
"} 
[28-07-24 23:19:08] local.INFO: menuController - index  
[28-07-24 23:19:08] local.INFO: Menu Item Labels: {"labels":["About margies","BUY COURSES","Bundles","Forums","Contact","COURSE"]} 
[28-07-24 23:19:08] local.INFO: Menu Data: {"menu_data":null} 
[28-07-24 23:25:50] local.ERROR: SQLSTATE[23000]: Integrity constraint violation: 1062 Duplicate entry '0' for key 'PRIMARY' (SQL: insert into `pages` (`title`, `slug`, `content`, `user_id`, `image`, `meta_title`, `meta_keywords`, `meta_description`, `published`, `sidebar`, `updated_at`, `created_at`) values (Courses & Lessons, courses-lessons, <h2><strong>Courses</strong><p>Lorem ipsum dolor sit amet, consectetur adipiscing elit, sed do eiusmod tempor incididunt ut labore et dolore magna aliqua. Ut enim ad minim veniam, quis nostrud exercitation ullamco laboris nisi ut aliquip ex ea commodo consequat. Duis aute irure dolor in reprehenderit in voluptate velit esse cillum dolore eu fugiat nulla pariatur. Excepteur sint occaecat cupidatat non proident, sunt in culpa qui officia deserunt mollit anim id est laborum.</p><h2><strong>Lessons</strong></h2><p>Lorem ipsum dolor sit amet, consectetur adipiscing elit, sed do eiusmod tempor incididunt ut labore et dolore magna aliqua. Ut enim ad minim veniam, quis nostrud exercitation ullamco laboris nisi ut aliquip ex ea commodo consequat. Duis aute irure dolor in reprehenderit in voluptate velit esse cillum dolore eu fugiat nulla pariatur. Excepteur sint occaecat cupidatat non proident, sunt in culpa qui officia deserunt mollit anim id est laborum.</p></h2>
, 1, ?, ?, ?, ?, 1, 0, 2024-07-28T23:25, 2024-07-28T23:25)) {"userId":1,"exception":"[object] (Illuminate\\Database\\QueryException(code: 23000): SQLSTATE[23000]: Integrity constraint violation: 1062 Duplicate entry '0' for key 'PRIMARY' (SQL: insert into `pages` (`title`, `slug`, `content`, `user_id`, `image`, `meta_title`, `meta_keywords`, `meta_description`, `published`, `sidebar`, `updated_at`, `created_at`) values (Courses & Lessons, courses-lessons, <h2><strong>Courses</strong><p>Lorem ipsum dolor sit amet, consectetur adipiscing elit, sed do eiusmod tempor incididunt ut labore et dolore magna aliqua. Ut enim ad minim veniam, quis nostrud exercitation ullamco laboris nisi ut aliquip ex ea commodo consequat. Duis aute irure dolor in reprehenderit in voluptate velit esse cillum dolore eu fugiat nulla pariatur. Excepteur sint occaecat cupidatat non proident, sunt in culpa qui officia deserunt mollit anim id est laborum.</p><h2><strong>Lessons</strong></h2><p>Lorem ipsum dolor sit amet, consectetur adipiscing elit, sed do eiusmod tempor incididunt ut labore et dolore magna aliqua. Ut enim ad minim veniam, quis nostrud exercitation ullamco laboris nisi ut aliquip ex ea commodo consequat. Duis aute irure dolor in reprehenderit in voluptate velit esse cillum dolore eu fugiat nulla pariatur. Excepteur sint occaecat cupidatat non proident, sunt in culpa qui officia deserunt mollit anim id est laborum.</p></h2>
, 1, ?, ?, ?, ?, 1, 0, 2024-07-28T23:25, 2024-07-28T23:25)) at C:\\xampp\\htdocs\\language\\vendor\\laravel\\framework\\src\\Illuminate\\Database\\Connection.php:712)
[stacktrace]
#0 C:\\xampp\\htdocs\\language\\vendor\\laravel\\framework\\src\\Illuminate\\Database\\Connection.php(672): Illuminate\\Database\\Connection->runQueryCallback('insert into `pa...', Array, Object(Closure))
#1 C:\\xampp\\htdocs\\language\\vendor\\laravel\\framework\\src\\Illuminate\\Database\\Connection.php(502): Illuminate\\Database\\Connection->run('insert into `pa...', Array, Object(Closure))
#2 C:\\xampp\\htdocs\\language\\vendor\\laravel\\framework\\src\\Illuminate\\Database\\Connection.php(454): Illuminate\\Database\\Connection->statement('insert into `pa...', Array)
#3 C:\\xampp\\htdocs\\language\\vendor\\laravel\\framework\\src\\Illuminate\\Database\\Query\\Processors\\Processor.php(32): Illuminate\\Database\\Connection->insert('insert into `pa...', Array)
#4 C:\\xampp\\htdocs\\language\\vendor\\laravel\\framework\\src\\Illuminate\\Database\\Query\\Builder.php(3028): Illuminate\\Database\\Query\\Processors\\Processor->processInsertGetId(Object(Illuminate\\Database\\Query\\Builder), 'insert into `pa...', Array, 'id')
#5 C:\\xampp\\htdocs\\language\\vendor\\laravel\\framework\\src\\Illuminate\\Database\\Eloquent\\Builder.php(1657): Illuminate\\Database\\Query\\Builder->insertGetId(Array, 'id')
#6 C:\\xampp\\htdocs\\language\\vendor\\laravel\\framework\\src\\Illuminate\\Database\\Eloquent\\Model.php(1188): Illuminate\\Database\\Eloquent\\Builder->__call('insertGetId', Array)
#7 C:\\xampp\\htdocs\\language\\vendor\\laravel\\framework\\src\\Illuminate\\Database\\Eloquent\\Model.php(1153): Illuminate\\Database\\Eloquent\\Model->insertAndSetId(Object(Illuminate\\Database\\Eloquent\\Builder), Array)
#8 C:\\xampp\\htdocs\\language\\vendor\\laravel\\framework\\src\\Illuminate\\Database\\Eloquent\\Model.php(994): Illuminate\\Database\\Eloquent\\Model->performInsert(Object(Illuminate\\Database\\Eloquent\\Builder))
#9 C:\\xampp\\htdocs\\language\\app\\Http\\Controllers\\Backend\\Admin\\PageController.php(168): Illuminate\\Database\\Eloquent\\Model->save()
#10 C:\\xampp\\htdocs\\language\\vendor\\laravel\\framework\\src\\Illuminate\\Routing\\Controller.php(54): App\\Http\\Controllers\\Backend\\Admin\\PageController->store(Object(App\\Http\\Requests\\Admin\\StorePagesRequest))
#11 C:\\xampp\\htdocs\\language\\vendor\\laravel\\framework\\src\\Illuminate\\Routing\\ControllerDispatcher.php(45): Illuminate\\Routing\\Controller->callAction('store', Array)
#12 C:\\xampp\\htdocs\\language\\vendor\\laravel\\framework\\src\\Illuminate\\Routing\\Route.php(262): Illuminate\\Routing\\ControllerDispatcher->dispatch(Object(Illuminate\\Routing\\Route), Object(App\\Http\\Controllers\\Backend\\Admin\\PageController), 'store')
#13 C:\\xampp\\htdocs\\language\\vendor\\laravel\\framework\\src\\Illuminate\\Routing\\Route.php(205): Illuminate\\Routing\\Route->runController()
#14 C:\\xampp\\htdocs\\language\\vendor\\laravel\\framework\\src\\Illuminate\\Routing\\Router.php(721): Illuminate\\Routing\\Route->run()
#15 C:\\xampp\\htdocs\\language\\vendor\\laravel\\framework\\src\\Illuminate\\Pipeline\\Pipeline.php(128): Illuminate\\Routing\\Router->Illuminate\\Routing\\{closure}(Object(Illuminate\\Http\\Request))
#16 C:\\xampp\\htdocs\\language\\vendor\\spatie\\laravel-permission\\src\\Middlewares\\PermissionMiddleware.php(22): Illuminate\\Pipeline\\Pipeline->Illuminate\\Pipeline\\{closure}(Object(Illuminate\\Http\\Request))
#17 C:\\xampp\\htdocs\\language\\vendor\\laravel\\framework\\src\\Illuminate\\Pipeline\\Pipeline.php(167): Spatie\\Permission\\Middlewares\\PermissionMiddleware->handle(Object(Illuminate\\Http\\Request), Object(Closure), 'view backend')
#18 C:\\xampp\\htdocs\\language\\app\\Http\\Middleware\\PasswordExpires.php(31): Illuminate\\Pipeline\\Pipeline->Illuminate\\Pipeline\\{closure}(Object(Illuminate\\Http\\Request))
#19 C:\\xampp\\htdocs\\language\\vendor\\laravel\\framework\\src\\Illuminate\\Pipeline\\Pipeline.php(167): App\\Http\\Middleware\\PasswordExpires->handle(Object(Illuminate\\Http\\Request), Object(Closure))
#20 C:\\xampp\\htdocs\\language\\app\\Http\\Middleware\\LocaleMiddleware.php(58): Illuminate\\Pipeline\\Pipeline->Illuminate\\Pipeline\\{closure}(Object(Illuminate\\Http\\Request))
#21 C:\\xampp\\htdocs\\language\\vendor\\laravel\\framework\\src\\Illuminate\\Pipeline\\Pipeline.php(167): App\\Http\\Middleware\\LocaleMiddleware->handle(Object(Illuminate\\Http\\Request), Object(Closure))
#22 C:\\xampp\\htdocs\\language\\vendor\\laravel\\framework\\src\\Illuminate\\Routing\\Middleware\\SubstituteBindings.php(50): Illuminate\\Pipeline\\Pipeline->Illuminate\\Pipeline\\{closure}(Object(Illuminate\\Http\\Request))
#23 C:\\xampp\\htdocs\\language\\vendor\\laravel\\framework\\src\\Illuminate\\Pipeline\\Pipeline.php(167): Illuminate\\Routing\\Middleware\\SubstituteBindings->handle(Object(Illuminate\\Http\\Request), Object(Closure))
#24 C:\\xampp\\htdocs\\language\\vendor\\laravel\\framework\\src\\Illuminate\\Auth\\Middleware\\Authenticate.php(44): Illuminate\\Pipeline\\Pipeline->Illuminate\\Pipeline\\{closure}(Object(Illuminate\\Http\\Request))
#25 C:\\xampp\\htdocs\\language\\vendor\\laravel\\framework\\src\\Illuminate\\Pipeline\\Pipeline.php(167): Illuminate\\Auth\\Middleware\\Authenticate->handle(Object(Illuminate\\Http\\Request), Object(Closure))
#26 C:\\xampp\\htdocs\\language\\vendor\\laravel\\framework\\src\\Illuminate\\Foundation\\Http\\Middleware\\VerifyCsrfToken.php(78): Illuminate\\Pipeline\\Pipeline->Illuminate\\Pipeline\\{closure}(Object(Illuminate\\Http\\Request))
#27 C:\\xampp\\htdocs\\language\\vendor\\laravel\\framework\\src\\Illuminate\\Pipeline\\Pipeline.php(167): Illuminate\\Foundation\\Http\\Middleware\\VerifyCsrfToken->handle(Object(Illuminate\\Http\\Request), Object(Closure))
#28 C:\\xampp\\htdocs\\language\\vendor\\laravel\\framework\\src\\Illuminate\\Cookie\\Middleware\\AddQueuedCookiesToResponse.php(37): Illuminate\\Pipeline\\Pipeline->Illuminate\\Pipeline\\{closure}(Object(Illuminate\\Http\\Request))
#29 C:\\xampp\\htdocs\\language\\vendor\\laravel\\framework\\src\\Illuminate\\Pipeline\\Pipeline.php(167): Illuminate\\Cookie\\Middleware\\AddQueuedCookiesToResponse->handle(Object(Illuminate\\Http\\Request), Object(Closure))
#30 C:\\xampp\\htdocs\\language\\vendor\\laravel\\framework\\src\\Illuminate\\Cookie\\Middleware\\EncryptCookies.php(67): Illuminate\\Pipeline\\Pipeline->Illuminate\\Pipeline\\{closure}(Object(Illuminate\\Http\\Request))
#31 C:\\xampp\\htdocs\\language\\vendor\\laravel\\framework\\src\\Illuminate\\Pipeline\\Pipeline.php(167): Illuminate\\Cookie\\Middleware\\EncryptCookies->handle(Object(Illuminate\\Http\\Request), Object(Closure))
#32 C:\\xampp\\htdocs\\language\\vendor\\laravel\\framework\\src\\Illuminate\\Pipeline\\Pipeline.php(103): Illuminate\\Pipeline\\Pipeline->Illuminate\\Pipeline\\{closure}(Object(Illuminate\\Http\\Request))
#33 C:\\xampp\\htdocs\\language\\vendor\\laravel\\framework\\src\\Illuminate\\Routing\\Router.php(723): Illuminate\\Pipeline\\Pipeline->then(Object(Closure))
#34 C:\\xampp\\htdocs\\language\\vendor\\laravel\\framework\\src\\Illuminate\\Routing\\Router.php(698): Illuminate\\Routing\\Router->runRouteWithinStack(Object(Illuminate\\Routing\\Route), Object(Illuminate\\Http\\Request))
#35 C:\\xampp\\htdocs\\language\\vendor\\laravel\\framework\\src\\Illuminate\\Routing\\Router.php(662): Illuminate\\Routing\\Router->runRoute(Object(Illuminate\\Http\\Request), Object(Illuminate\\Routing\\Route))
#36 C:\\xampp\\htdocs\\language\\vendor\\laravel\\framework\\src\\Illuminate\\Routing\\Router.php(651): Illuminate\\Routing\\Router->dispatchToRoute(Object(Illuminate\\Http\\Request))
#37 C:\\xampp\\htdocs\\language\\vendor\\laravel\\framework\\src\\Illuminate\\Foundation\\Http\\Kernel.php(167): Illuminate\\Routing\\Router->dispatch(Object(Illuminate\\Http\\Request))
#38 C:\\xampp\\htdocs\\language\\vendor\\laravel\\framework\\src\\Illuminate\\Pipeline\\Pipeline.php(128): Illuminate\\Foundation\\Http\\Kernel->Illuminate\\Foundation\\Http\\{closure}(Object(Illuminate\\Http\\Request))
#39 C:\\xampp\\htdocs\\language\\vendor\\barryvdh\\laravel-debugbar\\src\\Middleware\\InjectDebugbar.php(59): Illuminate\\Pipeline\\Pipeline->Illuminate\\Pipeline\\{closure}(Object(Illuminate\\Http\\Request))
#40 C:\\xampp\\htdocs\\language\\vendor\\laravel\\framework\\src\\Illuminate\\Pipeline\\Pipeline.php(167): Barryvdh\\Debugbar\\Middleware\\InjectDebugbar->handle(Object(Illuminate\\Http\\Request), Object(Closure))
#41 C:\\xampp\\htdocs\\language\\vendor\\laravel\\framework\\src\\Illuminate\\View\\Middleware\\ShareErrorsFromSession.php(49): Illuminate\\Pipeline\\Pipeline->Illuminate\\Pipeline\\{closure}(Object(Illuminate\\Http\\Request))
#42 C:\\xampp\\htdocs\\language\\vendor\\laravel\\framework\\src\\Illuminate\\Pipeline\\Pipeline.php(167): Illuminate\\View\\Middleware\\ShareErrorsFromSession->handle(Object(Illuminate\\Http\\Request), Object(Closure))
#43 C:\\xampp\\htdocs\\language\\vendor\\laravel\\framework\\src\\Illuminate\\Session\\Middleware\\StartSession.php(121): Illuminate\\Pipeline\\Pipeline->Illuminate\\Pipeline\\{closure}(Object(Illuminate\\Http\\Request))
#44 C:\\xampp\\htdocs\\language\\vendor\\laravel\\framework\\src\\Illuminate\\Session\\Middleware\\StartSession.php(64): Illuminate\\Session\\Middleware\\StartSession->handleStatefulRequest(Object(Illuminate\\Http\\Request), Object(Illuminate\\Session\\Store), Object(Closure))
#45 C:\\xampp\\htdocs\\language\\vendor\\laravel\\framework\\src\\Illuminate\\Pipeline\\Pipeline.php(167): Illuminate\\Session\\Middleware\\StartSession->handle(Object(Illuminate\\Http\\Request), Object(Closure))
#46 C:\\xampp\\htdocs\\language\\vendor\\fideloper\\proxy\\src\\TrustProxies.php(57): Illuminate\\Pipeline\\Pipeline->Illuminate\\Pipeline\\{closure}(Object(Illuminate\\Http\\Request))
#47 C:\\xampp\\htdocs\\language\\vendor\\laravel\\framework\\src\\Illuminate\\Pipeline\\Pipeline.php(167): Fideloper\\Proxy\\TrustProxies->handle(Object(Illuminate\\Http\\Request), Object(Closure))
#48 C:\\xampp\\htdocs\\language\\vendor\\laravel\\framework\\src\\Illuminate\\Foundation\\Http\\Middleware\\TransformsRequest.php(21): Illuminate\\Pipeline\\Pipeline->Illuminate\\Pipeline\\{closure}(Object(Illuminate\\Http\\Request))
#49 C:\\xampp\\htdocs\\language\\vendor\\laravel\\framework\\src\\Illuminate\\Foundation\\Http\\Middleware\\ConvertEmptyStringsToNull.php(31): Illuminate\\Foundation\\Http\\Middleware\\TransformsRequest->handle(Object(Illuminate\\Http\\Request), Object(Closure))
#50 C:\\xampp\\htdocs\\language\\vendor\\laravel\\framework\\src\\Illuminate\\Pipeline\\Pipeline.php(167): Illuminate\\Foundation\\Http\\Middleware\\ConvertEmptyStringsToNull->handle(Object(Illuminate\\Http\\Request), Object(Closure))
#51 C:\\xampp\\htdocs\\language\\vendor\\laravel\\framework\\src\\Illuminate\\Foundation\\Http\\Middleware\\TransformsRequest.php(21): Illuminate\\Pipeline\\Pipeline->Illuminate\\Pipeline\\{closure}(Object(Illuminate\\Http\\Request))
#52 C:\\xampp\\htdocs\\language\\vendor\\laravel\\framework\\src\\Illuminate\\Foundation\\Http\\Middleware\\TrimStrings.php(40): Illuminate\\Foundation\\Http\\Middleware\\TransformsRequest->handle(Object(Illuminate\\Http\\Request), Object(Closure))
#53 C:\\xampp\\htdocs\\language\\vendor\\laravel\\framework\\src\\Illuminate\\Pipeline\\Pipeline.php(167): Illuminate\\Foundation\\Http\\Middleware\\TrimStrings->handle(Object(Illuminate\\Http\\Request), Object(Closure))
#54 C:\\xampp\\htdocs\\language\\vendor\\laravel\\framework\\src\\Illuminate\\Foundation\\Http\\Middleware\\ValidatePostSize.php(27): Illuminate\\Pipeline\\Pipeline->Illuminate\\Pipeline\\{closure}(Object(Illuminate\\Http\\Request))
#55 C:\\xampp\\htdocs\\language\\vendor\\laravel\\framework\\src\\Illuminate\\Pipeline\\Pipeline.php(167): Illuminate\\Foundation\\Http\\Middleware\\ValidatePostSize->handle(Object(Illuminate\\Http\\Request), Object(Closure))
#56 C:\\xampp\\htdocs\\language\\vendor\\laravel\\framework\\src\\Illuminate\\Foundation\\Http\\Middleware\\PreventRequestsDuringMaintenance.php(86): Illuminate\\Pipeline\\Pipeline->Illuminate\\Pipeline\\{closure}(Object(Illuminate\\Http\\Request))
#57 C:\\xampp\\htdocs\\language\\vendor\\laravel\\framework\\src\\Illuminate\\Pipeline\\Pipeline.php(167): Illuminate\\Foundation\\Http\\Middleware\\PreventRequestsDuringMaintenance->handle(Object(Illuminate\\Http\\Request), Object(Closure))
#58 C:\\xampp\\htdocs\\language\\vendor\\laravel\\framework\\src\\Illuminate\\Pipeline\\Pipeline.php(103): Illuminate\\Pipeline\\Pipeline->Illuminate\\Pipeline\\{closure}(Object(Illuminate\\Http\\Request))
#59 C:\\xampp\\htdocs\\language\\vendor\\laravel\\framework\\src\\Illuminate\\Foundation\\Http\\Kernel.php(142): Illuminate\\Pipeline\\Pipeline->then(Object(Closure))
#60 C:\\xampp\\htdocs\\language\\vendor\\laravel\\framework\\src\\Illuminate\\Foundation\\Http\\Kernel.php(111): Illuminate\\Foundation\\Http\\Kernel->sendRequestThroughRouter(Object(Illuminate\\Http\\Request))
#61 C:\\xampp\\htdocs\\language\\public\\index.php(59): Illuminate\\Foundation\\Http\\Kernel->handle(Object(Illuminate\\Http\\Request))
#62 C:\\xampp\\htdocs\\language\\server.php(19): require_once('C:\\\\xampp\\\\htdocs...')
#63 {main}

[previous exception] [object] (Doctrine\\DBAL\\Driver\\PDO\\Exception(code: 23000): SQLSTATE[23000]: Integrity constraint violation: 1062 Duplicate entry '0' for key 'PRIMARY' at C:\\xampp\\htdocs\\language\\vendor\\doctrine\\dbal\\lib\\Doctrine\\DBAL\\Driver\\PDO\\Exception.php:18)
[stacktrace]
#0 C:\\xampp\\htdocs\\language\\vendor\\doctrine\\dbal\\lib\\Doctrine\\DBAL\\Driver\\PDOStatement.php(102): Doctrine\\DBAL\\Driver\\PDO\\Exception::new(Object(PDOException))
#1 C:\\xampp\\htdocs\\language\\vendor\\laravel\\framework\\src\\Illuminate\\Database\\Connection.php(501): Doctrine\\DBAL\\Driver\\PDOStatement->execute()
#2 C:\\xampp\\htdocs\\language\\vendor\\laravel\\framework\\src\\Illuminate\\Database\\Connection.php(705): Illuminate\\Database\\Connection->Illuminate\\Database\\{closure}('insert into `pa...', Array)
#3 C:\\xampp\\htdocs\\language\\vendor\\laravel\\framework\\src\\Illuminate\\Database\\Connection.php(672): Illuminate\\Database\\Connection->runQueryCallback('insert into `pa...', Array, Object(Closure))
#4 C:\\xampp\\htdocs\\language\\vendor\\laravel\\framework\\src\\Illuminate\\Database\\Connection.php(502): Illuminate\\Database\\Connection->run('insert into `pa...', Array, Object(Closure))
#5 C:\\xampp\\htdocs\\language\\vendor\\laravel\\framework\\src\\Illuminate\\Database\\Connection.php(454): Illuminate\\Database\\Connection->statement('insert into `pa...', Array)
#6 C:\\xampp\\htdocs\\language\\vendor\\laravel\\framework\\src\\Illuminate\\Database\\Query\\Processors\\Processor.php(32): Illuminate\\Database\\Connection->insert('insert into `pa...', Array)
#7 C:\\xampp\\htdocs\\language\\vendor\\laravel\\framework\\src\\Illuminate\\Database\\Query\\Builder.php(3028): Illuminate\\Database\\Query\\Processors\\Processor->processInsertGetId(Object(Illuminate\\Database\\Query\\Builder), 'insert into `pa...', Array, 'id')
#8 C:\\xampp\\htdocs\\language\\vendor\\laravel\\framework\\src\\Illuminate\\Database\\Eloquent\\Builder.php(1657): Illuminate\\Database\\Query\\Builder->insertGetId(Array, 'id')
#9 C:\\xampp\\htdocs\\language\\vendor\\laravel\\framework\\src\\Illuminate\\Database\\Eloquent\\Model.php(1188): Illuminate\\Database\\Eloquent\\Builder->__call('insertGetId', Array)
#10 C:\\xampp\\htdocs\\language\\vendor\\laravel\\framework\\src\\Illuminate\\Database\\Eloquent\\Model.php(1153): Illuminate\\Database\\Eloquent\\Model->insertAndSetId(Object(Illuminate\\Database\\Eloquent\\Builder), Array)
#11 C:\\xampp\\htdocs\\language\\vendor\\laravel\\framework\\src\\Illuminate\\Database\\Eloquent\\Model.php(994): Illuminate\\Database\\Eloquent\\Model->performInsert(Object(Illuminate\\Database\\Eloquent\\Builder))
#12 C:\\xampp\\htdocs\\language\\app\\Http\\Controllers\\Backend\\Admin\\PageController.php(168): Illuminate\\Database\\Eloquent\\Model->save()
#13 C:\\xampp\\htdocs\\language\\vendor\\laravel\\framework\\src\\Illuminate\\Routing\\Controller.php(54): App\\Http\\Controllers\\Backend\\Admin\\PageController->store(Object(App\\Http\\Requests\\Admin\\StorePagesRequest))
#14 C:\\xampp\\htdocs\\language\\vendor\\laravel\\framework\\src\\Illuminate\\Routing\\ControllerDispatcher.php(45): Illuminate\\Routing\\Controller->callAction('store', Array)
#15 C:\\xampp\\htdocs\\language\\vendor\\laravel\\framework\\src\\Illuminate\\Routing\\Route.php(262): Illuminate\\Routing\\ControllerDispatcher->dispatch(Object(Illuminate\\Routing\\Route), Object(App\\Http\\Controllers\\Backend\\Admin\\PageController), 'store')
#16 C:\\xampp\\htdocs\\language\\vendor\\laravel\\framework\\src\\Illuminate\\Routing\\Route.php(205): Illuminate\\Routing\\Route->runController()
#17 C:\\xampp\\htdocs\\language\\vendor\\laravel\\framework\\src\\Illuminate\\Routing\\Router.php(721): Illuminate\\Routing\\Route->run()
#18 C:\\xampp\\htdocs\\language\\vendor\\laravel\\framework\\src\\Illuminate\\Pipeline\\Pipeline.php(128): Illuminate\\Routing\\Router->Illuminate\\Routing\\{closure}(Object(Illuminate\\Http\\Request))
#19 C:\\xampp\\htdocs\\language\\vendor\\spatie\\laravel-permission\\src\\Middlewares\\PermissionMiddleware.php(22): Illuminate\\Pipeline\\Pipeline->Illuminate\\Pipeline\\{closure}(Object(Illuminate\\Http\\Request))
#20 C:\\xampp\\htdocs\\language\\vendor\\laravel\\framework\\src\\Illuminate\\Pipeline\\Pipeline.php(167): Spatie\\Permission\\Middlewares\\PermissionMiddleware->handle(Object(Illuminate\\Http\\Request), Object(Closure), 'view backend')
#21 C:\\xampp\\htdocs\\language\\app\\Http\\Middleware\\PasswordExpires.php(31): Illuminate\\Pipeline\\Pipeline->Illuminate\\Pipeline\\{closure}(Object(Illuminate\\Http\\Request))
#22 C:\\xampp\\htdocs\\language\\vendor\\laravel\\framework\\src\\Illuminate\\Pipeline\\Pipeline.php(167): App\\Http\\Middleware\\PasswordExpires->handle(Object(Illuminate\\Http\\Request), Object(Closure))
#23 C:\\xampp\\htdocs\\language\\app\\Http\\Middleware\\LocaleMiddleware.php(58): Illuminate\\Pipeline\\Pipeline->Illuminate\\Pipeline\\{closure}(Object(Illuminate\\Http\\Request))
#24 C:\\xampp\\htdocs\\language\\vendor\\laravel\\framework\\src\\Illuminate\\Pipeline\\Pipeline.php(167): App\\Http\\Middleware\\LocaleMiddleware->handle(Object(Illuminate\\Http\\Request), Object(Closure))
#25 C:\\xampp\\htdocs\\language\\vendor\\laravel\\framework\\src\\Illuminate\\Routing\\Middleware\\SubstituteBindings.php(50): Illuminate\\Pipeline\\Pipeline->Illuminate\\Pipeline\\{closure}(Object(Illuminate\\Http\\Request))
#26 C:\\xampp\\htdocs\\language\\vendor\\laravel\\framework\\src\\Illuminate\\Pipeline\\Pipeline.php(167): Illuminate\\Routing\\Middleware\\SubstituteBindings->handle(Object(Illuminate\\Http\\Request), Object(Closure))
#27 C:\\xampp\\htdocs\\language\\vendor\\laravel\\framework\\src\\Illuminate\\Auth\\Middleware\\Authenticate.php(44): Illuminate\\Pipeline\\Pipeline->Illuminate\\Pipeline\\{closure}(Object(Illuminate\\Http\\Request))
#28 C:\\xampp\\htdocs\\language\\vendor\\laravel\\framework\\src\\Illuminate\\Pipeline\\Pipeline.php(167): Illuminate\\Auth\\Middleware\\Authenticate->handle(Object(Illuminate\\Http\\Request), Object(Closure))
#29 C:\\xampp\\htdocs\\language\\vendor\\laravel\\framework\\src\\Illuminate\\Foundation\\Http\\Middleware\\VerifyCsrfToken.php(78): Illuminate\\Pipeline\\Pipeline->Illuminate\\Pipeline\\{closure}(Object(Illuminate\\Http\\Request))
#30 C:\\xampp\\htdocs\\language\\vendor\\laravel\\framework\\src\\Illuminate\\Pipeline\\Pipeline.php(167): Illuminate\\Foundation\\Http\\Middleware\\VerifyCsrfToken->handle(Object(Illuminate\\Http\\Request), Object(Closure))
#31 C:\\xampp\\htdocs\\language\\vendor\\laravel\\framework\\src\\Illuminate\\Cookie\\Middleware\\AddQueuedCookiesToResponse.php(37): Illuminate\\Pipeline\\Pipeline->Illuminate\\Pipeline\\{closure}(Object(Illuminate\\Http\\Request))
#32 C:\\xampp\\htdocs\\language\\vendor\\laravel\\framework\\src\\Illuminate\\Pipeline\\Pipeline.php(167): Illuminate\\Cookie\\Middleware\\AddQueuedCookiesToResponse->handle(Object(Illuminate\\Http\\Request), Object(Closure))
#33 C:\\xampp\\htdocs\\language\\vendor\\laravel\\framework\\src\\Illuminate\\Cookie\\Middleware\\EncryptCookies.php(67): Illuminate\\Pipeline\\Pipeline->Illuminate\\Pipeline\\{closure}(Object(Illuminate\\Http\\Request))
#34 C:\\xampp\\htdocs\\language\\vendor\\laravel\\framework\\src\\Illuminate\\Pipeline\\Pipeline.php(167): Illuminate\\Cookie\\Middleware\\EncryptCookies->handle(Object(Illuminate\\Http\\Request), Object(Closure))
#35 C:\\xampp\\htdocs\\language\\vendor\\laravel\\framework\\src\\Illuminate\\Pipeline\\Pipeline.php(103): Illuminate\\Pipeline\\Pipeline->Illuminate\\Pipeline\\{closure}(Object(Illuminate\\Http\\Request))
#36 C:\\xampp\\htdocs\\language\\vendor\\laravel\\framework\\src\\Illuminate\\Routing\\Router.php(723): Illuminate\\Pipeline\\Pipeline->then(Object(Closure))
#37 C:\\xampp\\htdocs\\language\\vendor\\laravel\\framework\\src\\Illuminate\\Routing\\Router.php(698): Illuminate\\Routing\\Router->runRouteWithinStack(Object(Illuminate\\Routing\\Route), Object(Illuminate\\Http\\Request))
#38 C:\\xampp\\htdocs\\language\\vendor\\laravel\\framework\\src\\Illuminate\\Routing\\Router.php(662): Illuminate\\Routing\\Router->runRoute(Object(Illuminate\\Http\\Request), Object(Illuminate\\Routing\\Route))
#39 C:\\xampp\\htdocs\\language\\vendor\\laravel\\framework\\src\\Illuminate\\Routing\\Router.php(651): Illuminate\\Routing\\Router->dispatchToRoute(Object(Illuminate\\Http\\Request))
#40 C:\\xampp\\htdocs\\language\\vendor\\laravel\\framework\\src\\Illuminate\\Foundation\\Http\\Kernel.php(167): Illuminate\\Routing\\Router->dispatch(Object(Illuminate\\Http\\Request))
#41 C:\\xampp\\htdocs\\language\\vendor\\laravel\\framework\\src\\Illuminate\\Pipeline\\Pipeline.php(128): Illuminate\\Foundation\\Http\\Kernel->Illuminate\\Foundation\\Http\\{closure}(Object(Illuminate\\Http\\Request))
#42 C:\\xampp\\htdocs\\language\\vendor\\barryvdh\\laravel-debugbar\\src\\Middleware\\InjectDebugbar.php(59): Illuminate\\Pipeline\\Pipeline->Illuminate\\Pipeline\\{closure}(Object(Illuminate\\Http\\Request))
#43 C:\\xampp\\htdocs\\language\\vendor\\laravel\\framework\\src\\Illuminate\\Pipeline\\Pipeline.php(167): Barryvdh\\Debugbar\\Middleware\\InjectDebugbar->handle(Object(Illuminate\\Http\\Request), Object(Closure))
#44 C:\\xampp\\htdocs\\language\\vendor\\laravel\\framework\\src\\Illuminate\\View\\Middleware\\ShareErrorsFromSession.php(49): Illuminate\\Pipeline\\Pipeline->Illuminate\\Pipeline\\{closure}(Object(Illuminate\\Http\\Request))
#45 C:\\xampp\\htdocs\\language\\vendor\\laravel\\framework\\src\\Illuminate\\Pipeline\\Pipeline.php(167): Illuminate\\View\\Middleware\\ShareErrorsFromSession->handle(Object(Illuminate\\Http\\Request), Object(Closure))
#46 C:\\xampp\\htdocs\\language\\vendor\\laravel\\framework\\src\\Illuminate\\Session\\Middleware\\StartSession.php(121): Illuminate\\Pipeline\\Pipeline->Illuminate\\Pipeline\\{closure}(Object(Illuminate\\Http\\Request))
#47 C:\\xampp\\htdocs\\language\\vendor\\laravel\\framework\\src\\Illuminate\\Session\\Middleware\\StartSession.php(64): Illuminate\\Session\\Middleware\\StartSession->handleStatefulRequest(Object(Illuminate\\Http\\Request), Object(Illuminate\\Session\\Store), Object(Closure))
#48 C:\\xampp\\htdocs\\language\\vendor\\laravel\\framework\\src\\Illuminate\\Pipeline\\Pipeline.php(167): Illuminate\\Session\\Middleware\\StartSession->handle(Object(Illuminate\\Http\\Request), Object(Closure))
#49 C:\\xampp\\htdocs\\language\\vendor\\fideloper\\proxy\\src\\TrustProxies.php(57): Illuminate\\Pipeline\\Pipeline->Illuminate\\Pipeline\\{closure}(Object(Illuminate\\Http\\Request))
#50 C:\\xampp\\htdocs\\language\\vendor\\laravel\\framework\\src\\Illuminate\\Pipeline\\Pipeline.php(167): Fideloper\\Proxy\\TrustProxies->handle(Object(Illuminate\\Http\\Request), Object(Closure))
#51 C:\\xampp\\htdocs\\language\\vendor\\laravel\\framework\\src\\Illuminate\\Foundation\\Http\\Middleware\\TransformsRequest.php(21): Illuminate\\Pipeline\\Pipeline->Illuminate\\Pipeline\\{closure}(Object(Illuminate\\Http\\Request))
#52 C:\\xampp\\htdocs\\language\\vendor\\laravel\\framework\\src\\Illuminate\\Foundation\\Http\\Middleware\\ConvertEmptyStringsToNull.php(31): Illuminate\\Foundation\\Http\\Middleware\\TransformsRequest->handle(Object(Illuminate\\Http\\Request), Object(Closure))
#53 C:\\xampp\\htdocs\\language\\vendor\\laravel\\framework\\src\\Illuminate\\Pipeline\\Pipeline.php(167): Illuminate\\Foundation\\Http\\Middleware\\ConvertEmptyStringsToNull->handle(Object(Illuminate\\Http\\Request), Object(Closure))
#54 C:\\xampp\\htdocs\\language\\vendor\\laravel\\framework\\src\\Illuminate\\Foundation\\Http\\Middleware\\TransformsRequest.php(21): Illuminate\\Pipeline\\Pipeline->Illuminate\\Pipeline\\{closure}(Object(Illuminate\\Http\\Request))
#55 C:\\xampp\\htdocs\\language\\vendor\\laravel\\framework\\src\\Illuminate\\Foundation\\Http\\Middleware\\TrimStrings.php(40): Illuminate\\Foundation\\Http\\Middleware\\TransformsRequest->handle(Object(Illuminate\\Http\\Request), Object(Closure))
#56 C:\\xampp\\htdocs\\language\\vendor\\laravel\\framework\\src\\Illuminate\\Pipeline\\Pipeline.php(167): Illuminate\\Foundation\\Http\\Middleware\\TrimStrings->handle(Object(Illuminate\\Http\\Request), Object(Closure))
#57 C:\\xampp\\htdocs\\language\\vendor\\laravel\\framework\\src\\Illuminate\\Foundation\\Http\\Middleware\\ValidatePostSize.php(27): Illuminate\\Pipeline\\Pipeline->Illuminate\\Pipeline\\{closure}(Object(Illuminate\\Http\\Request))
#58 C:\\xampp\\htdocs\\language\\vendor\\laravel\\framework\\src\\Illuminate\\Pipeline\\Pipeline.php(167): Illuminate\\Foundation\\Http\\Middleware\\ValidatePostSize->handle(Object(Illuminate\\Http\\Request), Object(Closure))
#59 C:\\xampp\\htdocs\\language\\vendor\\laravel\\framework\\src\\Illuminate\\Foundation\\Http\\Middleware\\PreventRequestsDuringMaintenance.php(86): Illuminate\\Pipeline\\Pipeline->Illuminate\\Pipeline\\{closure}(Object(Illuminate\\Http\\Request))
#60 C:\\xampp\\htdocs\\language\\vendor\\laravel\\framework\\src\\Illuminate\\Pipeline\\Pipeline.php(167): Illuminate\\Foundation\\Http\\Middleware\\PreventRequestsDuringMaintenance->handle(Object(Illuminate\\Http\\Request), Object(Closure))
#61 C:\\xampp\\htdocs\\language\\vendor\\laravel\\framework\\src\\Illuminate\\Pipeline\\Pipeline.php(103): Illuminate\\Pipeline\\Pipeline->Illuminate\\Pipeline\\{closure}(Object(Illuminate\\Http\\Request))
#62 C:\\xampp\\htdocs\\language\\vendor\\laravel\\framework\\src\\Illuminate\\Foundation\\Http\\Kernel.php(142): Illuminate\\Pipeline\\Pipeline->then(Object(Closure))
#63 C:\\xampp\\htdocs\\language\\vendor\\laravel\\framework\\src\\Illuminate\\Foundation\\Http\\Kernel.php(111): Illuminate\\Foundation\\Http\\Kernel->sendRequestThroughRouter(Object(Illuminate\\Http\\Request))
#64 C:\\xampp\\htdocs\\language\\public\\index.php(59): Illuminate\\Foundation\\Http\\Kernel->handle(Object(Illuminate\\Http\\Request))
#65 C:\\xampp\\htdocs\\language\\server.php(19): require_once('C:\\\\xampp\\\\htdocs...')
#66 {main}

[previous exception] [object] (PDOException(code: 23000): SQLSTATE[23000]: Integrity constraint violation: 1062 Duplicate entry '0' for key 'PRIMARY' at C:\\xampp\\htdocs\\language\\vendor\\doctrine\\dbal\\lib\\Doctrine\\DBAL\\Driver\\PDOStatement.php:100)
[stacktrace]
#0 C:\\xampp\\htdocs\\language\\vendor\\doctrine\\dbal\\lib\\Doctrine\\DBAL\\Driver\\PDOStatement.php(100): PDOStatement->execute(NULL)
#1 C:\\xampp\\htdocs\\language\\vendor\\laravel\\framework\\src\\Illuminate\\Database\\Connection.php(501): Doctrine\\DBAL\\Driver\\PDOStatement->execute()
#2 C:\\xampp\\htdocs\\language\\vendor\\laravel\\framework\\src\\Illuminate\\Database\\Connection.php(705): Illuminate\\Database\\Connection->Illuminate\\Database\\{closure}('insert into `pa...', Array)
#3 C:\\xampp\\htdocs\\language\\vendor\\laravel\\framework\\src\\Illuminate\\Database\\Connection.php(672): Illuminate\\Database\\Connection->runQueryCallback('insert into `pa...', Array, Object(Closure))
#4 C:\\xampp\\htdocs\\language\\vendor\\laravel\\framework\\src\\Illuminate\\Database\\Connection.php(502): Illuminate\\Database\\Connection->run('insert into `pa...', Array, Object(Closure))
#5 C:\\xampp\\htdocs\\language\\vendor\\laravel\\framework\\src\\Illuminate\\Database\\Connection.php(454): Illuminate\\Database\\Connection->statement('insert into `pa...', Array)
#6 C:\\xampp\\htdocs\\language\\vendor\\laravel\\framework\\src\\Illuminate\\Database\\Query\\Processors\\Processor.php(32): Illuminate\\Database\\Connection->insert('insert into `pa...', Array)
#7 C:\\xampp\\htdocs\\language\\vendor\\laravel\\framework\\src\\Illuminate\\Database\\Query\\Builder.php(3028): Illuminate\\Database\\Query\\Processors\\Processor->processInsertGetId(Object(Illuminate\\Database\\Query\\Builder), 'insert into `pa...', Array, 'id')
#8 C:\\xampp\\htdocs\\language\\vendor\\laravel\\framework\\src\\Illuminate\\Database\\Eloquent\\Builder.php(1657): Illuminate\\Database\\Query\\Builder->insertGetId(Array, 'id')
#9 C:\\xampp\\htdocs\\language\\vendor\\laravel\\framework\\src\\Illuminate\\Database\\Eloquent\\Model.php(1188): Illuminate\\Database\\Eloquent\\Builder->__call('insertGetId', Array)
#10 C:\\xampp\\htdocs\\language\\vendor\\laravel\\framework\\src\\Illuminate\\Database\\Eloquent\\Model.php(1153): Illuminate\\Database\\Eloquent\\Model->insertAndSetId(Object(Illuminate\\Database\\Eloquent\\Builder), Array)
#11 C:\\xampp\\htdocs\\language\\vendor\\laravel\\framework\\src\\Illuminate\\Database\\Eloquent\\Model.php(994): Illuminate\\Database\\Eloquent\\Model->performInsert(Object(Illuminate\\Database\\Eloquent\\Builder))
#12 C:\\xampp\\htdocs\\language\\app\\Http\\Controllers\\Backend\\Admin\\PageController.php(168): Illuminate\\Database\\Eloquent\\Model->save()
#13 C:\\xampp\\htdocs\\language\\vendor\\laravel\\framework\\src\\Illuminate\\Routing\\Controller.php(54): App\\Http\\Controllers\\Backend\\Admin\\PageController->store(Object(App\\Http\\Requests\\Admin\\StorePagesRequest))
#14 C:\\xampp\\htdocs\\language\\vendor\\laravel\\framework\\src\\Illuminate\\Routing\\ControllerDispatcher.php(45): Illuminate\\Routing\\Controller->callAction('store', Array)
#15 C:\\xampp\\htdocs\\language\\vendor\\laravel\\framework\\src\\Illuminate\\Routing\\Route.php(262): Illuminate\\Routing\\ControllerDispatcher->dispatch(Object(Illuminate\\Routing\\Route), Object(App\\Http\\Controllers\\Backend\\Admin\\PageController), 'store')
#16 C:\\xampp\\htdocs\\language\\vendor\\laravel\\framework\\src\\Illuminate\\Routing\\Route.php(205): Illuminate\\Routing\\Route->runController()
#17 C:\\xampp\\htdocs\\language\\vendor\\laravel\\framework\\src\\Illuminate\\Routing\\Router.php(721): Illuminate\\Routing\\Route->run()
#18 C:\\xampp\\htdocs\\language\\vendor\\laravel\\framework\\src\\Illuminate\\Pipeline\\Pipeline.php(128): Illuminate\\Routing\\Router->Illuminate\\Routing\\{closure}(Object(Illuminate\\Http\\Request))
#19 C:\\xampp\\htdocs\\language\\vendor\\spatie\\laravel-permission\\src\\Middlewares\\PermissionMiddleware.php(22): Illuminate\\Pipeline\\Pipeline->Illuminate\\Pipeline\\{closure}(Object(Illuminate\\Http\\Request))
#20 C:\\xampp\\htdocs\\language\\vendor\\laravel\\framework\\src\\Illuminate\\Pipeline\\Pipeline.php(167): Spatie\\Permission\\Middlewares\\PermissionMiddleware->handle(Object(Illuminate\\Http\\Request), Object(Closure), 'view backend')
#21 C:\\xampp\\htdocs\\language\\app\\Http\\Middleware\\PasswordExpires.php(31): Illuminate\\Pipeline\\Pipeline->Illuminate\\Pipeline\\{closure}(Object(Illuminate\\Http\\Request))
#22 C:\\xampp\\htdocs\\language\\vendor\\laravel\\framework\\src\\Illuminate\\Pipeline\\Pipeline.php(167): App\\Http\\Middleware\\PasswordExpires->handle(Object(Illuminate\\Http\\Request), Object(Closure))
#23 C:\\xampp\\htdocs\\language\\app\\Http\\Middleware\\LocaleMiddleware.php(58): Illuminate\\Pipeline\\Pipeline->Illuminate\\Pipeline\\{closure}(Object(Illuminate\\Http\\Request))
#24 C:\\xampp\\htdocs\\language\\vendor\\laravel\\framework\\src\\Illuminate\\Pipeline\\Pipeline.php(167): App\\Http\\Middleware\\LocaleMiddleware->handle(Object(Illuminate\\Http\\Request), Object(Closure))
#25 C:\\xampp\\htdocs\\language\\vendor\\laravel\\framework\\src\\Illuminate\\Routing\\Middleware\\SubstituteBindings.php(50): Illuminate\\Pipeline\\Pipeline->Illuminate\\Pipeline\\{closure}(Object(Illuminate\\Http\\Request))
#26 C:\\xampp\\htdocs\\language\\vendor\\laravel\\framework\\src\\Illuminate\\Pipeline\\Pipeline.php(167): Illuminate\\Routing\\Middleware\\SubstituteBindings->handle(Object(Illuminate\\Http\\Request), Object(Closure))
#27 C:\\xampp\\htdocs\\language\\vendor\\laravel\\framework\\src\\Illuminate\\Auth\\Middleware\\Authenticate.php(44): Illuminate\\Pipeline\\Pipeline->Illuminate\\Pipeline\\{closure}(Object(Illuminate\\Http\\Request))
#28 C:\\xampp\\htdocs\\language\\vendor\\laravel\\framework\\src\\Illuminate\\Pipeline\\Pipeline.php(167): Illuminate\\Auth\\Middleware\\Authenticate->handle(Object(Illuminate\\Http\\Request), Object(Closure))
#29 C:\\xampp\\htdocs\\language\\vendor\\laravel\\framework\\src\\Illuminate\\Foundation\\Http\\Middleware\\VerifyCsrfToken.php(78): Illuminate\\Pipeline\\Pipeline->Illuminate\\Pipeline\\{closure}(Object(Illuminate\\Http\\Request))
#30 C:\\xampp\\htdocs\\language\\vendor\\laravel\\framework\\src\\Illuminate\\Pipeline\\Pipeline.php(167): Illuminate\\Foundation\\Http\\Middleware\\VerifyCsrfToken->handle(Object(Illuminate\\Http\\Request), Object(Closure))
#31 C:\\xampp\\htdocs\\language\\vendor\\laravel\\framework\\src\\Illuminate\\Cookie\\Middleware\\AddQueuedCookiesToResponse.php(37): Illuminate\\Pipeline\\Pipeline->Illuminate\\Pipeline\\{closure}(Object(Illuminate\\Http\\Request))
#32 C:\\xampp\\htdocs\\language\\vendor\\laravel\\framework\\src\\Illuminate\\Pipeline\\Pipeline.php(167): Illuminate\\Cookie\\Middleware\\AddQueuedCookiesToResponse->handle(Object(Illuminate\\Http\\Request), Object(Closure))
#33 C:\\xampp\\htdocs\\language\\vendor\\laravel\\framework\\src\\Illuminate\\Cookie\\Middleware\\EncryptCookies.php(67): Illuminate\\Pipeline\\Pipeline->Illuminate\\Pipeline\\{closure}(Object(Illuminate\\Http\\Request))
#34 C:\\xampp\\htdocs\\language\\vendor\\laravel\\framework\\src\\Illuminate\\Pipeline\\Pipeline.php(167): Illuminate\\Cookie\\Middleware\\EncryptCookies->handle(Object(Illuminate\\Http\\Request), Object(Closure))
#35 C:\\xampp\\htdocs\\language\\vendor\\laravel\\framework\\src\\Illuminate\\Pipeline\\Pipeline.php(103): Illuminate\\Pipeline\\Pipeline->Illuminate\\Pipeline\\{closure}(Object(Illuminate\\Http\\Request))
#36 C:\\xampp\\htdocs\\language\\vendor\\laravel\\framework\\src\\Illuminate\\Routing\\Router.php(723): Illuminate\\Pipeline\\Pipeline->then(Object(Closure))
#37 C:\\xampp\\htdocs\\language\\vendor\\laravel\\framework\\src\\Illuminate\\Routing\\Router.php(698): Illuminate\\Routing\\Router->runRouteWithinStack(Object(Illuminate\\Routing\\Route), Object(Illuminate\\Http\\Request))
#38 C:\\xampp\\htdocs\\language\\vendor\\laravel\\framework\\src\\Illuminate\\Routing\\Router.php(662): Illuminate\\Routing\\Router->runRoute(Object(Illuminate\\Http\\Request), Object(Illuminate\\Routing\\Route))
#39 C:\\xampp\\htdocs\\language\\vendor\\laravel\\framework\\src\\Illuminate\\Routing\\Router.php(651): Illuminate\\Routing\\Router->dispatchToRoute(Object(Illuminate\\Http\\Request))
#40 C:\\xampp\\htdocs\\language\\vendor\\laravel\\framework\\src\\Illuminate\\Foundation\\Http\\Kernel.php(167): Illuminate\\Routing\\Router->dispatch(Object(Illuminate\\Http\\Request))
#41 C:\\xampp\\htdocs\\language\\vendor\\laravel\\framework\\src\\Illuminate\\Pipeline\\Pipeline.php(128): Illuminate\\Foundation\\Http\\Kernel->Illuminate\\Foundation\\Http\\{closure}(Object(Illuminate\\Http\\Request))
#42 C:\\xampp\\htdocs\\language\\vendor\\barryvdh\\laravel-debugbar\\src\\Middleware\\InjectDebugbar.php(59): Illuminate\\Pipeline\\Pipeline->Illuminate\\Pipeline\\{closure}(Object(Illuminate\\Http\\Request))
#43 C:\\xampp\\htdocs\\language\\vendor\\laravel\\framework\\src\\Illuminate\\Pipeline\\Pipeline.php(167): Barryvdh\\Debugbar\\Middleware\\InjectDebugbar->handle(Object(Illuminate\\Http\\Request), Object(Closure))
#44 C:\\xampp\\htdocs\\language\\vendor\\laravel\\framework\\src\\Illuminate\\View\\Middleware\\ShareErrorsFromSession.php(49): Illuminate\\Pipeline\\Pipeline->Illuminate\\Pipeline\\{closure}(Object(Illuminate\\Http\\Request))
#45 C:\\xampp\\htdocs\\language\\vendor\\laravel\\framework\\src\\Illuminate\\Pipeline\\Pipeline.php(167): Illuminate\\View\\Middleware\\ShareErrorsFromSession->handle(Object(Illuminate\\Http\\Request), Object(Closure))
#46 C:\\xampp\\htdocs\\language\\vendor\\laravel\\framework\\src\\Illuminate\\Session\\Middleware\\StartSession.php(121): Illuminate\\Pipeline\\Pipeline->Illuminate\\Pipeline\\{closure}(Object(Illuminate\\Http\\Request))
#47 C:\\xampp\\htdocs\\language\\vendor\\laravel\\framework\\src\\Illuminate\\Session\\Middleware\\StartSession.php(64): Illuminate\\Session\\Middleware\\StartSession->handleStatefulRequest(Object(Illuminate\\Http\\Request), Object(Illuminate\\Session\\Store), Object(Closure))
#48 C:\\xampp\\htdocs\\language\\vendor\\laravel\\framework\\src\\Illuminate\\Pipeline\\Pipeline.php(167): Illuminate\\Session\\Middleware\\StartSession->handle(Object(Illuminate\\Http\\Request), Object(Closure))
#49 C:\\xampp\\htdocs\\language\\vendor\\fideloper\\proxy\\src\\TrustProxies.php(57): Illuminate\\Pipeline\\Pipeline->Illuminate\\Pipeline\\{closure}(Object(Illuminate\\Http\\Request))
#50 C:\\xampp\\htdocs\\language\\vendor\\laravel\\framework\\src\\Illuminate\\Pipeline\\Pipeline.php(167): Fideloper\\Proxy\\TrustProxies->handle(Object(Illuminate\\Http\\Request), Object(Closure))
#51 C:\\xampp\\htdocs\\language\\vendor\\laravel\\framework\\src\\Illuminate\\Foundation\\Http\\Middleware\\TransformsRequest.php(21): Illuminate\\Pipeline\\Pipeline->Illuminate\\Pipeline\\{closure}(Object(Illuminate\\Http\\Request))
#52 C:\\xampp\\htdocs\\language\\vendor\\laravel\\framework\\src\\Illuminate\\Foundation\\Http\\Middleware\\ConvertEmptyStringsToNull.php(31): Illuminate\\Foundation\\Http\\Middleware\\TransformsRequest->handle(Object(Illuminate\\Http\\Request), Object(Closure))
#53 C:\\xampp\\htdocs\\language\\vendor\\laravel\\framework\\src\\Illuminate\\Pipeline\\Pipeline.php(167): Illuminate\\Foundation\\Http\\Middleware\\ConvertEmptyStringsToNull->handle(Object(Illuminate\\Http\\Request), Object(Closure))
#54 C:\\xampp\\htdocs\\language\\vendor\\laravel\\framework\\src\\Illuminate\\Foundation\\Http\\Middleware\\TransformsRequest.php(21): Illuminate\\Pipeline\\Pipeline->Illuminate\\Pipeline\\{closure}(Object(Illuminate\\Http\\Request))
#55 C:\\xampp\\htdocs\\language\\vendor\\laravel\\framework\\src\\Illuminate\\Foundation\\Http\\Middleware\\TrimStrings.php(40): Illuminate\\Foundation\\Http\\Middleware\\TransformsRequest->handle(Object(Illuminate\\Http\\Request), Object(Closure))
#56 C:\\xampp\\htdocs\\language\\vendor\\laravel\\framework\\src\\Illuminate\\Pipeline\\Pipeline.php(167): Illuminate\\Foundation\\Http\\Middleware\\TrimStrings->handle(Object(Illuminate\\Http\\Request), Object(Closure))
#57 C:\\xampp\\htdocs\\language\\vendor\\laravel\\framework\\src\\Illuminate\\Foundation\\Http\\Middleware\\ValidatePostSize.php(27): Illuminate\\Pipeline\\Pipeline->Illuminate\\Pipeline\\{closure}(Object(Illuminate\\Http\\Request))
#58 C:\\xampp\\htdocs\\language\\vendor\\laravel\\framework\\src\\Illuminate\\Pipeline\\Pipeline.php(167): Illuminate\\Foundation\\Http\\Middleware\\ValidatePostSize->handle(Object(Illuminate\\Http\\Request), Object(Closure))
#59 C:\\xampp\\htdocs\\language\\vendor\\laravel\\framework\\src\\Illuminate\\Foundation\\Http\\Middleware\\PreventRequestsDuringMaintenance.php(86): Illuminate\\Pipeline\\Pipeline->Illuminate\\Pipeline\\{closure}(Object(Illuminate\\Http\\Request))
#60 C:\\xampp\\htdocs\\language\\vendor\\laravel\\framework\\src\\Illuminate\\Pipeline\\Pipeline.php(167): Illuminate\\Foundation\\Http\\Middleware\\PreventRequestsDuringMaintenance->handle(Object(Illuminate\\Http\\Request), Object(Closure))
#61 C:\\xampp\\htdocs\\language\\vendor\\laravel\\framework\\src\\Illuminate\\Pipeline\\Pipeline.php(103): Illuminate\\Pipeline\\Pipeline->Illuminate\\Pipeline\\{closure}(Object(Illuminate\\Http\\Request))
#62 C:\\xampp\\htdocs\\language\\vendor\\laravel\\framework\\src\\Illuminate\\Foundation\\Http\\Kernel.php(142): Illuminate\\Pipeline\\Pipeline->then(Object(Closure))
#63 C:\\xampp\\htdocs\\language\\vendor\\laravel\\framework\\src\\Illuminate\\Foundation\\Http\\Kernel.php(111): Illuminate\\Foundation\\Http\\Kernel->sendRequestThroughRouter(Object(Illuminate\\Http\\Request))
#64 C:\\xampp\\htdocs\\language\\public\\index.php(59): Illuminate\\Foundation\\Http\\Kernel->handle(Object(Illuminate\\Http\\Request))
#65 C:\\xampp\\htdocs\\language\\server.php(19): require_once('C:\\\\xampp\\\\htdocs...')
#66 {main}
"} 
[28-07-24 23:35:15] local.INFO: menuController - index  
[28-07-24 23:35:15] local.INFO: Menu Item Labels: {"labels":["About margies","BUY COURSES","Bundles","Forums","Contact","COURSE"]} 
[28-07-24 23:35:30] local.INFO: menuController - index  
[28-07-24 23:35:30] local.INFO: Menu Item Labels: {"labels":["About margies","BUY COURSES","Bundles","Forums","Contact","COURSE"]} 
[28-07-24 23:35:30] local.INFO: Menu Data: {"menu_data":null} 
[28-07-24 23:35:47] local.INFO: menuController - index  
[28-07-24 23:35:47] local.INFO: Menu Item Labels: {"labels":["Courses & Lessons","BUY COURSES","Bundles","Forums","Contact","COURSE"]} 
[28-07-24 23:35:47] local.INFO: Menu Data: {"menu_data":null} 
[28-07-24 23:36:04] local.INFO: menuController - index  
[28-07-24 23:36:04] local.INFO: Menu Item Labels: {"labels":["Courses & Lessons","BUY COURSES","Bundles","Forums","Contact","COURSE"]} 
[28-07-24 23:36:04] local.INFO: Menu Data: {"menu_data":null} 
[28-07-24 23:36:48] local.ERROR: Undefined index: class {"userId":1,"exception":"[object] (ErrorException(code: 0): Undefined index: class at C:\\xampp\\htdocs\\language\\vendor\\harimayco\\laravel-menu\\src\\Controllers\\MenuController.php:46)
[stacktrace]
#0 C:\\xampp\\htdocs\\language\\vendor\\harimayco\\laravel-menu\\src\\Controllers\\MenuController.php(46): Illuminate\\Foundation\\Bootstrap\\HandleExceptions->handleError(8, 'Undefined index...', 'C:\\\\xampp\\\\htdocs...', 46, Array)
#1 C:\\xampp\\htdocs\\language\\vendor\\laravel\\framework\\src\\Illuminate\\Routing\\Controller.php(54): Harimayco\\Menu\\Controllers\\MenuController->updateitem()
#2 C:\\xampp\\htdocs\\language\\vendor\\laravel\\framework\\src\\Illuminate\\Routing\\ControllerDispatcher.php(45): Illuminate\\Routing\\Controller->callAction('updateitem', Array)
#3 C:\\xampp\\htdocs\\language\\vendor\\laravel\\framework\\src\\Illuminate\\Routing\\Route.php(262): Illuminate\\Routing\\ControllerDispatcher->dispatch(Object(Illuminate\\Routing\\Route), Object(Harimayco\\Menu\\Controllers\\MenuController), 'updateitem')
#4 C:\\xampp\\htdocs\\language\\vendor\\laravel\\framework\\src\\Illuminate\\Routing\\Route.php(205): Illuminate\\Routing\\Route->runController()
#5 C:\\xampp\\htdocs\\language\\vendor\\laravel\\framework\\src\\Illuminate\\Routing\\Router.php(721): Illuminate\\Routing\\Route->run()
#6 C:\\xampp\\htdocs\\language\\vendor\\laravel\\framework\\src\\Illuminate\\Pipeline\\Pipeline.php(128): Illuminate\\Routing\\Router->Illuminate\\Routing\\{closure}(Object(Illuminate\\Http\\Request))
#7 C:\\xampp\\htdocs\\language\\vendor\\laravel\\framework\\src\\Illuminate\\Pipeline\\Pipeline.php(103): Illuminate\\Pipeline\\Pipeline->Illuminate\\Pipeline\\{closure}(Object(Illuminate\\Http\\Request))
#8 C:\\xampp\\htdocs\\language\\vendor\\laravel\\framework\\src\\Illuminate\\Routing\\Router.php(723): Illuminate\\Pipeline\\Pipeline->then(Object(Closure))
#9 C:\\xampp\\htdocs\\language\\vendor\\laravel\\framework\\src\\Illuminate\\Routing\\Router.php(698): Illuminate\\Routing\\Router->runRouteWithinStack(Object(Illuminate\\Routing\\Route), Object(Illuminate\\Http\\Request))
#10 C:\\xampp\\htdocs\\language\\vendor\\laravel\\framework\\src\\Illuminate\\Routing\\Router.php(662): Illuminate\\Routing\\Router->runRoute(Object(Illuminate\\Http\\Request), Object(Illuminate\\Routing\\Route))
#11 C:\\xampp\\htdocs\\language\\vendor\\laravel\\framework\\src\\Illuminate\\Routing\\Router.php(651): Illuminate\\Routing\\Router->dispatchToRoute(Object(Illuminate\\Http\\Request))
#12 C:\\xampp\\htdocs\\language\\vendor\\laravel\\framework\\src\\Illuminate\\Foundation\\Http\\Kernel.php(167): Illuminate\\Routing\\Router->dispatch(Object(Illuminate\\Http\\Request))
#13 C:\\xampp\\htdocs\\language\\vendor\\laravel\\framework\\src\\Illuminate\\Pipeline\\Pipeline.php(128): Illuminate\\Foundation\\Http\\Kernel->Illuminate\\Foundation\\Http\\{closure}(Object(Illuminate\\Http\\Request))
#14 C:\\xampp\\htdocs\\language\\vendor\\barryvdh\\laravel-debugbar\\src\\Middleware\\InjectDebugbar.php(59): Illuminate\\Pipeline\\Pipeline->Illuminate\\Pipeline\\{closure}(Object(Illuminate\\Http\\Request))
#15 C:\\xampp\\htdocs\\language\\vendor\\laravel\\framework\\src\\Illuminate\\Pipeline\\Pipeline.php(167): Barryvdh\\Debugbar\\Middleware\\InjectDebugbar->handle(Object(Illuminate\\Http\\Request), Object(Closure))
#16 C:\\xampp\\htdocs\\language\\vendor\\laravel\\framework\\src\\Illuminate\\View\\Middleware\\ShareErrorsFromSession.php(49): Illuminate\\Pipeline\\Pipeline->Illuminate\\Pipeline\\{closure}(Object(Illuminate\\Http\\Request))
#17 C:\\xampp\\htdocs\\language\\vendor\\laravel\\framework\\src\\Illuminate\\Pipeline\\Pipeline.php(167): Illuminate\\View\\Middleware\\ShareErrorsFromSession->handle(Object(Illuminate\\Http\\Request), Object(Closure))
#18 C:\\xampp\\htdocs\\language\\vendor\\laravel\\framework\\src\\Illuminate\\Session\\Middleware\\StartSession.php(121): Illuminate\\Pipeline\\Pipeline->Illuminate\\Pipeline\\{closure}(Object(Illuminate\\Http\\Request))
#19 C:\\xampp\\htdocs\\language\\vendor\\laravel\\framework\\src\\Illuminate\\Session\\Middleware\\StartSession.php(64): Illuminate\\Session\\Middleware\\StartSession->handleStatefulRequest(Object(Illuminate\\Http\\Request), Object(Illuminate\\Session\\Store), Object(Closure))
#20 C:\\xampp\\htdocs\\language\\vendor\\laravel\\framework\\src\\Illuminate\\Pipeline\\Pipeline.php(167): Illuminate\\Session\\Middleware\\StartSession->handle(Object(Illuminate\\Http\\Request), Object(Closure))
#21 C:\\xampp\\htdocs\\language\\vendor\\fideloper\\proxy\\src\\TrustProxies.php(57): Illuminate\\Pipeline\\Pipeline->Illuminate\\Pipeline\\{closure}(Object(Illuminate\\Http\\Request))
#22 C:\\xampp\\htdocs\\language\\vendor\\laravel\\framework\\src\\Illuminate\\Pipeline\\Pipeline.php(167): Fideloper\\Proxy\\TrustProxies->handle(Object(Illuminate\\Http\\Request), Object(Closure))
#23 C:\\xampp\\htdocs\\language\\vendor\\laravel\\framework\\src\\Illuminate\\Foundation\\Http\\Middleware\\TransformsRequest.php(21): Illuminate\\Pipeline\\Pipeline->Illuminate\\Pipeline\\{closure}(Object(Illuminate\\Http\\Request))
#24 C:\\xampp\\htdocs\\language\\vendor\\laravel\\framework\\src\\Illuminate\\Foundation\\Http\\Middleware\\ConvertEmptyStringsToNull.php(31): Illuminate\\Foundation\\Http\\Middleware\\TransformsRequest->handle(Object(Illuminate\\Http\\Request), Object(Closure))
#25 C:\\xampp\\htdocs\\language\\vendor\\laravel\\framework\\src\\Illuminate\\Pipeline\\Pipeline.php(167): Illuminate\\Foundation\\Http\\Middleware\\ConvertEmptyStringsToNull->handle(Object(Illuminate\\Http\\Request), Object(Closure))
#26 C:\\xampp\\htdocs\\language\\vendor\\laravel\\framework\\src\\Illuminate\\Foundation\\Http\\Middleware\\TransformsRequest.php(21): Illuminate\\Pipeline\\Pipeline->Illuminate\\Pipeline\\{closure}(Object(Illuminate\\Http\\Request))
#27 C:\\xampp\\htdocs\\language\\vendor\\laravel\\framework\\src\\Illuminate\\Foundation\\Http\\Middleware\\TrimStrings.php(40): Illuminate\\Foundation\\Http\\Middleware\\TransformsRequest->handle(Object(Illuminate\\Http\\Request), Object(Closure))
#28 C:\\xampp\\htdocs\\language\\vendor\\laravel\\framework\\src\\Illuminate\\Pipeline\\Pipeline.php(167): Illuminate\\Foundation\\Http\\Middleware\\TrimStrings->handle(Object(Illuminate\\Http\\Request), Object(Closure))
#29 C:\\xampp\\htdocs\\language\\vendor\\laravel\\framework\\src\\Illuminate\\Foundation\\Http\\Middleware\\ValidatePostSize.php(27): Illuminate\\Pipeline\\Pipeline->Illuminate\\Pipeline\\{closure}(Object(Illuminate\\Http\\Request))
#30 C:\\xampp\\htdocs\\language\\vendor\\laravel\\framework\\src\\Illuminate\\Pipeline\\Pipeline.php(167): Illuminate\\Foundation\\Http\\Middleware\\ValidatePostSize->handle(Object(Illuminate\\Http\\Request), Object(Closure))
#31 C:\\xampp\\htdocs\\language\\vendor\\laravel\\framework\\src\\Illuminate\\Foundation\\Http\\Middleware\\PreventRequestsDuringMaintenance.php(86): Illuminate\\Pipeline\\Pipeline->Illuminate\\Pipeline\\{closure}(Object(Illuminate\\Http\\Request))
#32 C:\\xampp\\htdocs\\language\\vendor\\laravel\\framework\\src\\Illuminate\\Pipeline\\Pipeline.php(167): Illuminate\\Foundation\\Http\\Middleware\\PreventRequestsDuringMaintenance->handle(Object(Illuminate\\Http\\Request), Object(Closure))
#33 C:\\xampp\\htdocs\\language\\vendor\\laravel\\framework\\src\\Illuminate\\Pipeline\\Pipeline.php(103): Illuminate\\Pipeline\\Pipeline->Illuminate\\Pipeline\\{closure}(Object(Illuminate\\Http\\Request))
#34 C:\\xampp\\htdocs\\language\\vendor\\laravel\\framework\\src\\Illuminate\\Foundation\\Http\\Kernel.php(142): Illuminate\\Pipeline\\Pipeline->then(Object(Closure))
#35 C:\\xampp\\htdocs\\language\\vendor\\laravel\\framework\\src\\Illuminate\\Foundation\\Http\\Kernel.php(111): Illuminate\\Foundation\\Http\\Kernel->sendRequestThroughRouter(Object(Illuminate\\Http\\Request))
#36 C:\\xampp\\htdocs\\language\\public\\index.php(59): Illuminate\\Foundation\\Http\\Kernel->handle(Object(Illuminate\\Http\\Request))
#37 C:\\xampp\\htdocs\\language\\server.php(19): require_once('C:\\\\xampp\\\\htdocs...')
#38 {main}
"} 
[28-07-24 23:36:52] local.INFO: menuController - index  
[28-07-24 23:36:53] local.INFO: Menu Item Labels: {"labels":["Courses & Lessons","BUY COURSES","Bundles","Forums","Contact","COURSE"]} 
[28-07-24 23:36:53] local.INFO: Menu Data: {"menu_data":null} 
[28-07-24 23:37:07] local.INFO: menuController - index  
[28-07-24 23:37:07] local.INFO: Menu Item Labels: {"labels":["About margies","BUY COURSES","Bundles","Forums","Contact","COURSE"]} 
[28-07-24 23:37:07] local.INFO: Menu Data: {"menu_data":null} 
[28-07-24 23:37:48] local.INFO: menuController - index  
[28-07-24 23:37:48] local.INFO: Menu Item Labels: {"labels":["Courses & Lessons","BUY COURSES","Bundles","Forums","Contact"]} 
[28-07-24 23:37:48] local.INFO: Menu Data: {"menu_data":null} 
[28-07-24 23:38:44] local.INFO: menuController - index  
[28-07-24 23:38:44] local.INFO: Menu Item Labels: {"labels":["Courses & Lessons","BUY COURSES","Bundles","Forums","Contact","About Margies"]} 
[28-07-24 23:38:44] local.INFO: Menu Data: {"menu_data":null} 
[28-07-24 23:39:03] local.ERROR: Undefined index: class {"userId":1,"exception":"[object] (ErrorException(code: 0): Undefined index: class at C:\\xampp\\htdocs\\language\\vendor\\harimayco\\laravel-menu\\src\\Controllers\\MenuController.php:46)
[stacktrace]
#0 C:\\xampp\\htdocs\\language\\vendor\\harimayco\\laravel-menu\\src\\Controllers\\MenuController.php(46): Illuminate\\Foundation\\Bootstrap\\HandleExceptions->handleError(8, 'Undefined index...', 'C:\\\\xampp\\\\htdocs...', 46, Array)
#1 C:\\xampp\\htdocs\\language\\vendor\\laravel\\framework\\src\\Illuminate\\Routing\\Controller.php(54): Harimayco\\Menu\\Controllers\\MenuController->updateitem()
#2 C:\\xampp\\htdocs\\language\\vendor\\laravel\\framework\\src\\Illuminate\\Routing\\ControllerDispatcher.php(45): Illuminate\\Routing\\Controller->callAction('updateitem', Array)
#3 C:\\xampp\\htdocs\\language\\vendor\\laravel\\framework\\src\\Illuminate\\Routing\\Route.php(262): Illuminate\\Routing\\ControllerDispatcher->dispatch(Object(Illuminate\\Routing\\Route), Object(Harimayco\\Menu\\Controllers\\MenuController), 'updateitem')
#4 C:\\xampp\\htdocs\\language\\vendor\\laravel\\framework\\src\\Illuminate\\Routing\\Route.php(205): Illuminate\\Routing\\Route->runController()
#5 C:\\xampp\\htdocs\\language\\vendor\\laravel\\framework\\src\\Illuminate\\Routing\\Router.php(721): Illuminate\\Routing\\Route->run()
#6 C:\\xampp\\htdocs\\language\\vendor\\laravel\\framework\\src\\Illuminate\\Pipeline\\Pipeline.php(128): Illuminate\\Routing\\Router->Illuminate\\Routing\\{closure}(Object(Illuminate\\Http\\Request))
#7 C:\\xampp\\htdocs\\language\\vendor\\laravel\\framework\\src\\Illuminate\\Pipeline\\Pipeline.php(103): Illuminate\\Pipeline\\Pipeline->Illuminate\\Pipeline\\{closure}(Object(Illuminate\\Http\\Request))
#8 C:\\xampp\\htdocs\\language\\vendor\\laravel\\framework\\src\\Illuminate\\Routing\\Router.php(723): Illuminate\\Pipeline\\Pipeline->then(Object(Closure))
#9 C:\\xampp\\htdocs\\language\\vendor\\laravel\\framework\\src\\Illuminate\\Routing\\Router.php(698): Illuminate\\Routing\\Router->runRouteWithinStack(Object(Illuminate\\Routing\\Route), Object(Illuminate\\Http\\Request))
#10 C:\\xampp\\htdocs\\language\\vendor\\laravel\\framework\\src\\Illuminate\\Routing\\Router.php(662): Illuminate\\Routing\\Router->runRoute(Object(Illuminate\\Http\\Request), Object(Illuminate\\Routing\\Route))
#11 C:\\xampp\\htdocs\\language\\vendor\\laravel\\framework\\src\\Illuminate\\Routing\\Router.php(651): Illuminate\\Routing\\Router->dispatchToRoute(Object(Illuminate\\Http\\Request))
#12 C:\\xampp\\htdocs\\language\\vendor\\laravel\\framework\\src\\Illuminate\\Foundation\\Http\\Kernel.php(167): Illuminate\\Routing\\Router->dispatch(Object(Illuminate\\Http\\Request))
#13 C:\\xampp\\htdocs\\language\\vendor\\laravel\\framework\\src\\Illuminate\\Pipeline\\Pipeline.php(128): Illuminate\\Foundation\\Http\\Kernel->Illuminate\\Foundation\\Http\\{closure}(Object(Illuminate\\Http\\Request))
#14 C:\\xampp\\htdocs\\language\\vendor\\barryvdh\\laravel-debugbar\\src\\Middleware\\InjectDebugbar.php(59): Illuminate\\Pipeline\\Pipeline->Illuminate\\Pipeline\\{closure}(Object(Illuminate\\Http\\Request))
#15 C:\\xampp\\htdocs\\language\\vendor\\laravel\\framework\\src\\Illuminate\\Pipeline\\Pipeline.php(167): Barryvdh\\Debugbar\\Middleware\\InjectDebugbar->handle(Object(Illuminate\\Http\\Request), Object(Closure))
#16 C:\\xampp\\htdocs\\language\\vendor\\laravel\\framework\\src\\Illuminate\\View\\Middleware\\ShareErrorsFromSession.php(49): Illuminate\\Pipeline\\Pipeline->Illuminate\\Pipeline\\{closure}(Object(Illuminate\\Http\\Request))
#17 C:\\xampp\\htdocs\\language\\vendor\\laravel\\framework\\src\\Illuminate\\Pipeline\\Pipeline.php(167): Illuminate\\View\\Middleware\\ShareErrorsFromSession->handle(Object(Illuminate\\Http\\Request), Object(Closure))
#18 C:\\xampp\\htdocs\\language\\vendor\\laravel\\framework\\src\\Illuminate\\Session\\Middleware\\StartSession.php(121): Illuminate\\Pipeline\\Pipeline->Illuminate\\Pipeline\\{closure}(Object(Illuminate\\Http\\Request))
#19 C:\\xampp\\htdocs\\language\\vendor\\laravel\\framework\\src\\Illuminate\\Session\\Middleware\\StartSession.php(64): Illuminate\\Session\\Middleware\\StartSession->handleStatefulRequest(Object(Illuminate\\Http\\Request), Object(Illuminate\\Session\\Store), Object(Closure))
#20 C:\\xampp\\htdocs\\language\\vendor\\laravel\\framework\\src\\Illuminate\\Pipeline\\Pipeline.php(167): Illuminate\\Session\\Middleware\\StartSession->handle(Object(Illuminate\\Http\\Request), Object(Closure))
#21 C:\\xampp\\htdocs\\language\\vendor\\fideloper\\proxy\\src\\TrustProxies.php(57): Illuminate\\Pipeline\\Pipeline->Illuminate\\Pipeline\\{closure}(Object(Illuminate\\Http\\Request))
#22 C:\\xampp\\htdocs\\language\\vendor\\laravel\\framework\\src\\Illuminate\\Pipeline\\Pipeline.php(167): Fideloper\\Proxy\\TrustProxies->handle(Object(Illuminate\\Http\\Request), Object(Closure))
#23 C:\\xampp\\htdocs\\language\\vendor\\laravel\\framework\\src\\Illuminate\\Foundation\\Http\\Middleware\\TransformsRequest.php(21): Illuminate\\Pipeline\\Pipeline->Illuminate\\Pipeline\\{closure}(Object(Illuminate\\Http\\Request))
#24 C:\\xampp\\htdocs\\language\\vendor\\laravel\\framework\\src\\Illuminate\\Foundation\\Http\\Middleware\\ConvertEmptyStringsToNull.php(31): Illuminate\\Foundation\\Http\\Middleware\\TransformsRequest->handle(Object(Illuminate\\Http\\Request), Object(Closure))
#25 C:\\xampp\\htdocs\\language\\vendor\\laravel\\framework\\src\\Illuminate\\Pipeline\\Pipeline.php(167): Illuminate\\Foundation\\Http\\Middleware\\ConvertEmptyStringsToNull->handle(Object(Illuminate\\Http\\Request), Object(Closure))
#26 C:\\xampp\\htdocs\\language\\vendor\\laravel\\framework\\src\\Illuminate\\Foundation\\Http\\Middleware\\TransformsRequest.php(21): Illuminate\\Pipeline\\Pipeline->Illuminate\\Pipeline\\{closure}(Object(Illuminate\\Http\\Request))
#27 C:\\xampp\\htdocs\\language\\vendor\\laravel\\framework\\src\\Illuminate\\Foundation\\Http\\Middleware\\TrimStrings.php(40): Illuminate\\Foundation\\Http\\Middleware\\TransformsRequest->handle(Object(Illuminate\\Http\\Request), Object(Closure))
#28 C:\\xampp\\htdocs\\language\\vendor\\laravel\\framework\\src\\Illuminate\\Pipeline\\Pipeline.php(167): Illuminate\\Foundation\\Http\\Middleware\\TrimStrings->handle(Object(Illuminate\\Http\\Request), Object(Closure))
#29 C:\\xampp\\htdocs\\language\\vendor\\laravel\\framework\\src\\Illuminate\\Foundation\\Http\\Middleware\\ValidatePostSize.php(27): Illuminate\\Pipeline\\Pipeline->Illuminate\\Pipeline\\{closure}(Object(Illuminate\\Http\\Request))
#30 C:\\xampp\\htdocs\\language\\vendor\\laravel\\framework\\src\\Illuminate\\Pipeline\\Pipeline.php(167): Illuminate\\Foundation\\Http\\Middleware\\ValidatePostSize->handle(Object(Illuminate\\Http\\Request), Object(Closure))
#31 C:\\xampp\\htdocs\\language\\vendor\\laravel\\framework\\src\\Illuminate\\Foundation\\Http\\Middleware\\PreventRequestsDuringMaintenance.php(86): Illuminate\\Pipeline\\Pipeline->Illuminate\\Pipeline\\{closure}(Object(Illuminate\\Http\\Request))
#32 C:\\xampp\\htdocs\\language\\vendor\\laravel\\framework\\src\\Illuminate\\Pipeline\\Pipeline.php(167): Illuminate\\Foundation\\Http\\Middleware\\PreventRequestsDuringMaintenance->handle(Object(Illuminate\\Http\\Request), Object(Closure))
#33 C:\\xampp\\htdocs\\language\\vendor\\laravel\\framework\\src\\Illuminate\\Pipeline\\Pipeline.php(103): Illuminate\\Pipeline\\Pipeline->Illuminate\\Pipeline\\{closure}(Object(Illuminate\\Http\\Request))
#34 C:\\xampp\\htdocs\\language\\vendor\\laravel\\framework\\src\\Illuminate\\Foundation\\Http\\Kernel.php(142): Illuminate\\Pipeline\\Pipeline->then(Object(Closure))
#35 C:\\xampp\\htdocs\\language\\vendor\\laravel\\framework\\src\\Illuminate\\Foundation\\Http\\Kernel.php(111): Illuminate\\Foundation\\Http\\Kernel->sendRequestThroughRouter(Object(Illuminate\\Http\\Request))
#36 C:\\xampp\\htdocs\\language\\public\\index.php(59): Illuminate\\Foundation\\Http\\Kernel->handle(Object(Illuminate\\Http\\Request))
#37 C:\\xampp\\htdocs\\language\\server.php(19): require_once('C:\\\\xampp\\\\htdocs...')
#38 {main}
"} 
[28-07-24 23:39:16] local.INFO: menuController - index  
[28-07-24 23:39:17] local.INFO: Menu Item Labels: {"labels":["Courses & Lessons","BUY COURSES","Bundles","Forums","Contact","About Margies"]} 
[28-07-24 23:39:17] local.INFO: Menu Data: {"menu_data":null} 
[28-07-24 23:40:45] local.INFO: menuController - index  
[28-07-24 23:40:45] local.INFO: Menu Item Labels: {"labels":["Courses & Lessons","BUY COURSES","Bundles","Forums","Contact","About Margies"]} 
[28-07-24 23:41:07] local.INFO: menuController - index  
[28-07-24 23:41:07] local.INFO: Menu Item Labels: {"labels":["Courses & Lessons","BUY COURSES","Bundles","Forums","Contact","About Margies"]} 
[28-07-24 23:41:07] local.INFO: Menu Data: {"menu_data":null} 
[28-07-24 23:41:14] local.INFO: menuController - index  
[28-07-24 23:41:14] local.INFO: Menu Item Labels: {"labels":["Courses & Lessons","BUY COURSES","Bundles","Forums","Contact","About Margies"]} 
[28-07-24 23:41:22] local.INFO: menuController - index  
[28-07-24 23:41:22] local.INFO: Menu Item Labels: {"labels":["Courses & Lessons","BUY COURSES","Bundles","Forums","Contact","About Margies"]} 
[28-07-24 23:41:22] local.INFO: Menu Data: {"menu_data":null} 
[28-07-24 23:41:53] local.INFO: menuController - index  
[28-07-24 23:41:53] local.INFO: Menu Item Labels: {"labels":["Courses & Lessons","BUY COURSES","Bundles","Forums","Contact","About Margies"]} 
[28-07-24 23:41:53] local.INFO: Menu Data: {"menu_data":null} 
[28-07-24 23:41:58] local.ERROR: Undefined index: class {"userId":1,"exception":"[object] (ErrorException(code: 0): Undefined index: class at C:\\xampp\\htdocs\\language\\vendor\\harimayco\\laravel-menu\\src\\Controllers\\MenuController.php:46)
[stacktrace]
#0 C:\\xampp\\htdocs\\language\\vendor\\harimayco\\laravel-menu\\src\\Controllers\\MenuController.php(46): Illuminate\\Foundation\\Bootstrap\\HandleExceptions->handleError(8, 'Undefined index...', 'C:\\\\xampp\\\\htdocs...', 46, Array)
#1 C:\\xampp\\htdocs\\language\\vendor\\laravel\\framework\\src\\Illuminate\\Routing\\Controller.php(54): Harimayco\\Menu\\Controllers\\MenuController->updateitem()
#2 C:\\xampp\\htdocs\\language\\vendor\\laravel\\framework\\src\\Illuminate\\Routing\\ControllerDispatcher.php(45): Illuminate\\Routing\\Controller->callAction('updateitem', Array)
#3 C:\\xampp\\htdocs\\language\\vendor\\laravel\\framework\\src\\Illuminate\\Routing\\Route.php(262): Illuminate\\Routing\\ControllerDispatcher->dispatch(Object(Illuminate\\Routing\\Route), Object(Harimayco\\Menu\\Controllers\\MenuController), 'updateitem')
#4 C:\\xampp\\htdocs\\language\\vendor\\laravel\\framework\\src\\Illuminate\\Routing\\Route.php(205): Illuminate\\Routing\\Route->runController()
#5 C:\\xampp\\htdocs\\language\\vendor\\laravel\\framework\\src\\Illuminate\\Routing\\Router.php(721): Illuminate\\Routing\\Route->run()
#6 C:\\xampp\\htdocs\\language\\vendor\\laravel\\framework\\src\\Illuminate\\Pipeline\\Pipeline.php(128): Illuminate\\Routing\\Router->Illuminate\\Routing\\{closure}(Object(Illuminate\\Http\\Request))
#7 C:\\xampp\\htdocs\\language\\vendor\\laravel\\framework\\src\\Illuminate\\Pipeline\\Pipeline.php(103): Illuminate\\Pipeline\\Pipeline->Illuminate\\Pipeline\\{closure}(Object(Illuminate\\Http\\Request))
#8 C:\\xampp\\htdocs\\language\\vendor\\laravel\\framework\\src\\Illuminate\\Routing\\Router.php(723): Illuminate\\Pipeline\\Pipeline->then(Object(Closure))
#9 C:\\xampp\\htdocs\\language\\vendor\\laravel\\framework\\src\\Illuminate\\Routing\\Router.php(698): Illuminate\\Routing\\Router->runRouteWithinStack(Object(Illuminate\\Routing\\Route), Object(Illuminate\\Http\\Request))
#10 C:\\xampp\\htdocs\\language\\vendor\\laravel\\framework\\src\\Illuminate\\Routing\\Router.php(662): Illuminate\\Routing\\Router->runRoute(Object(Illuminate\\Http\\Request), Object(Illuminate\\Routing\\Route))
#11 C:\\xampp\\htdocs\\language\\vendor\\laravel\\framework\\src\\Illuminate\\Routing\\Router.php(651): Illuminate\\Routing\\Router->dispatchToRoute(Object(Illuminate\\Http\\Request))
#12 C:\\xampp\\htdocs\\language\\vendor\\laravel\\framework\\src\\Illuminate\\Foundation\\Http\\Kernel.php(167): Illuminate\\Routing\\Router->dispatch(Object(Illuminate\\Http\\Request))
#13 C:\\xampp\\htdocs\\language\\vendor\\laravel\\framework\\src\\Illuminate\\Pipeline\\Pipeline.php(128): Illuminate\\Foundation\\Http\\Kernel->Illuminate\\Foundation\\Http\\{closure}(Object(Illuminate\\Http\\Request))
#14 C:\\xampp\\htdocs\\language\\vendor\\barryvdh\\laravel-debugbar\\src\\Middleware\\InjectDebugbar.php(59): Illuminate\\Pipeline\\Pipeline->Illuminate\\Pipeline\\{closure}(Object(Illuminate\\Http\\Request))
#15 C:\\xampp\\htdocs\\language\\vendor\\laravel\\framework\\src\\Illuminate\\Pipeline\\Pipeline.php(167): Barryvdh\\Debugbar\\Middleware\\InjectDebugbar->handle(Object(Illuminate\\Http\\Request), Object(Closure))
#16 C:\\xampp\\htdocs\\language\\vendor\\laravel\\framework\\src\\Illuminate\\View\\Middleware\\ShareErrorsFromSession.php(49): Illuminate\\Pipeline\\Pipeline->Illuminate\\Pipeline\\{closure}(Object(Illuminate\\Http\\Request))
#17 C:\\xampp\\htdocs\\language\\vendor\\laravel\\framework\\src\\Illuminate\\Pipeline\\Pipeline.php(167): Illuminate\\View\\Middleware\\ShareErrorsFromSession->handle(Object(Illuminate\\Http\\Request), Object(Closure))
#18 C:\\xampp\\htdocs\\language\\vendor\\laravel\\framework\\src\\Illuminate\\Session\\Middleware\\StartSession.php(121): Illuminate\\Pipeline\\Pipeline->Illuminate\\Pipeline\\{closure}(Object(Illuminate\\Http\\Request))
#19 C:\\xampp\\htdocs\\language\\vendor\\laravel\\framework\\src\\Illuminate\\Session\\Middleware\\StartSession.php(64): Illuminate\\Session\\Middleware\\StartSession->handleStatefulRequest(Object(Illuminate\\Http\\Request), Object(Illuminate\\Session\\Store), Object(Closure))
#20 C:\\xampp\\htdocs\\language\\vendor\\laravel\\framework\\src\\Illuminate\\Pipeline\\Pipeline.php(167): Illuminate\\Session\\Middleware\\StartSession->handle(Object(Illuminate\\Http\\Request), Object(Closure))
#21 C:\\xampp\\htdocs\\language\\vendor\\fideloper\\proxy\\src\\TrustProxies.php(57): Illuminate\\Pipeline\\Pipeline->Illuminate\\Pipeline\\{closure}(Object(Illuminate\\Http\\Request))
#22 C:\\xampp\\htdocs\\language\\vendor\\laravel\\framework\\src\\Illuminate\\Pipeline\\Pipeline.php(167): Fideloper\\Proxy\\TrustProxies->handle(Object(Illuminate\\Http\\Request), Object(Closure))
#23 C:\\xampp\\htdocs\\language\\vendor\\laravel\\framework\\src\\Illuminate\\Foundation\\Http\\Middleware\\TransformsRequest.php(21): Illuminate\\Pipeline\\Pipeline->Illuminate\\Pipeline\\{closure}(Object(Illuminate\\Http\\Request))
#24 C:\\xampp\\htdocs\\language\\vendor\\laravel\\framework\\src\\Illuminate\\Foundation\\Http\\Middleware\\ConvertEmptyStringsToNull.php(31): Illuminate\\Foundation\\Http\\Middleware\\TransformsRequest->handle(Object(Illuminate\\Http\\Request), Object(Closure))
#25 C:\\xampp\\htdocs\\language\\vendor\\laravel\\framework\\src\\Illuminate\\Pipeline\\Pipeline.php(167): Illuminate\\Foundation\\Http\\Middleware\\ConvertEmptyStringsToNull->handle(Object(Illuminate\\Http\\Request), Object(Closure))
#26 C:\\xampp\\htdocs\\language\\vendor\\laravel\\framework\\src\\Illuminate\\Foundation\\Http\\Middleware\\TransformsRequest.php(21): Illuminate\\Pipeline\\Pipeline->Illuminate\\Pipeline\\{closure}(Object(Illuminate\\Http\\Request))
#27 C:\\xampp\\htdocs\\language\\vendor\\laravel\\framework\\src\\Illuminate\\Foundation\\Http\\Middleware\\TrimStrings.php(40): Illuminate\\Foundation\\Http\\Middleware\\TransformsRequest->handle(Object(Illuminate\\Http\\Request), Object(Closure))
#28 C:\\xampp\\htdocs\\language\\vendor\\laravel\\framework\\src\\Illuminate\\Pipeline\\Pipeline.php(167): Illuminate\\Foundation\\Http\\Middleware\\TrimStrings->handle(Object(Illuminate\\Http\\Request), Object(Closure))
#29 C:\\xampp\\htdocs\\language\\vendor\\laravel\\framework\\src\\Illuminate\\Foundation\\Http\\Middleware\\ValidatePostSize.php(27): Illuminate\\Pipeline\\Pipeline->Illuminate\\Pipeline\\{closure}(Object(Illuminate\\Http\\Request))
#30 C:\\xampp\\htdocs\\language\\vendor\\laravel\\framework\\src\\Illuminate\\Pipeline\\Pipeline.php(167): Illuminate\\Foundation\\Http\\Middleware\\ValidatePostSize->handle(Object(Illuminate\\Http\\Request), Object(Closure))
#31 C:\\xampp\\htdocs\\language\\vendor\\laravel\\framework\\src\\Illuminate\\Foundation\\Http\\Middleware\\PreventRequestsDuringMaintenance.php(86): Illuminate\\Pipeline\\Pipeline->Illuminate\\Pipeline\\{closure}(Object(Illuminate\\Http\\Request))
#32 C:\\xampp\\htdocs\\language\\vendor\\laravel\\framework\\src\\Illuminate\\Pipeline\\Pipeline.php(167): Illuminate\\Foundation\\Http\\Middleware\\PreventRequestsDuringMaintenance->handle(Object(Illuminate\\Http\\Request), Object(Closure))
#33 C:\\xampp\\htdocs\\language\\vendor\\laravel\\framework\\src\\Illuminate\\Pipeline\\Pipeline.php(103): Illuminate\\Pipeline\\Pipeline->Illuminate\\Pipeline\\{closure}(Object(Illuminate\\Http\\Request))
#34 C:\\xampp\\htdocs\\language\\vendor\\laravel\\framework\\src\\Illuminate\\Foundation\\Http\\Kernel.php(142): Illuminate\\Pipeline\\Pipeline->then(Object(Closure))
#35 C:\\xampp\\htdocs\\language\\vendor\\laravel\\framework\\src\\Illuminate\\Foundation\\Http\\Kernel.php(111): Illuminate\\Foundation\\Http\\Kernel->sendRequestThroughRouter(Object(Illuminate\\Http\\Request))
#36 C:\\xampp\\htdocs\\language\\public\\index.php(59): Illuminate\\Foundation\\Http\\Kernel->handle(Object(Illuminate\\Http\\Request))
#37 C:\\xampp\\htdocs\\language\\server.php(19): require_once('C:\\\\xampp\\\\htdocs...')
#38 {main}
"} 
[28-07-24 23:42:10] local.INFO: menuController - index  
[28-07-24 23:42:10] local.INFO: Menu Item Labels: {"labels":["Courses & Lessons","BUY COURSES","Bundles","Forums","Contact","About Margies"]} 
[28-07-24 23:42:10] local.INFO: Menu Data: {"menu_data":null} 
[28-07-24 23:44:16] local.ERROR: Undefined index: class {"userId":1,"exception":"[object] (ErrorException(code: 0): Undefined index: class at C:\\xampp\\htdocs\\language\\vendor\\harimayco\\laravel-menu\\src\\Controllers\\MenuController.php:46)
[stacktrace]
#0 C:\\xampp\\htdocs\\language\\vendor\\harimayco\\laravel-menu\\src\\Controllers\\MenuController.php(46): Illuminate\\Foundation\\Bootstrap\\HandleExceptions->handleError(8, 'Undefined index...', 'C:\\\\xampp\\\\htdocs...', 46, Array)
#1 C:\\xampp\\htdocs\\language\\vendor\\laravel\\framework\\src\\Illuminate\\Routing\\Controller.php(54): Harimayco\\Menu\\Controllers\\MenuController->updateitem()
#2 C:\\xampp\\htdocs\\language\\vendor\\laravel\\framework\\src\\Illuminate\\Routing\\ControllerDispatcher.php(45): Illuminate\\Routing\\Controller->callAction('updateitem', Array)
#3 C:\\xampp\\htdocs\\language\\vendor\\laravel\\framework\\src\\Illuminate\\Routing\\Route.php(262): Illuminate\\Routing\\ControllerDispatcher->dispatch(Object(Illuminate\\Routing\\Route), Object(Harimayco\\Menu\\Controllers\\MenuController), 'updateitem')
#4 C:\\xampp\\htdocs\\language\\vendor\\laravel\\framework\\src\\Illuminate\\Routing\\Route.php(205): Illuminate\\Routing\\Route->runController()
#5 C:\\xampp\\htdocs\\language\\vendor\\laravel\\framework\\src\\Illuminate\\Routing\\Router.php(721): Illuminate\\Routing\\Route->run()
#6 C:\\xampp\\htdocs\\language\\vendor\\laravel\\framework\\src\\Illuminate\\Pipeline\\Pipeline.php(128): Illuminate\\Routing\\Router->Illuminate\\Routing\\{closure}(Object(Illuminate\\Http\\Request))
#7 C:\\xampp\\htdocs\\language\\vendor\\laravel\\framework\\src\\Illuminate\\Pipeline\\Pipeline.php(103): Illuminate\\Pipeline\\Pipeline->Illuminate\\Pipeline\\{closure}(Object(Illuminate\\Http\\Request))
#8 C:\\xampp\\htdocs\\language\\vendor\\laravel\\framework\\src\\Illuminate\\Routing\\Router.php(723): Illuminate\\Pipeline\\Pipeline->then(Object(Closure))
#9 C:\\xampp\\htdocs\\language\\vendor\\laravel\\framework\\src\\Illuminate\\Routing\\Router.php(698): Illuminate\\Routing\\Router->runRouteWithinStack(Object(Illuminate\\Routing\\Route), Object(Illuminate\\Http\\Request))
#10 C:\\xampp\\htdocs\\language\\vendor\\laravel\\framework\\src\\Illuminate\\Routing\\Router.php(662): Illuminate\\Routing\\Router->runRoute(Object(Illuminate\\Http\\Request), Object(Illuminate\\Routing\\Route))
#11 C:\\xampp\\htdocs\\language\\vendor\\laravel\\framework\\src\\Illuminate\\Routing\\Router.php(651): Illuminate\\Routing\\Router->dispatchToRoute(Object(Illuminate\\Http\\Request))
#12 C:\\xampp\\htdocs\\language\\vendor\\laravel\\framework\\src\\Illuminate\\Foundation\\Http\\Kernel.php(167): Illuminate\\Routing\\Router->dispatch(Object(Illuminate\\Http\\Request))
#13 C:\\xampp\\htdocs\\language\\vendor\\laravel\\framework\\src\\Illuminate\\Pipeline\\Pipeline.php(128): Illuminate\\Foundation\\Http\\Kernel->Illuminate\\Foundation\\Http\\{closure}(Object(Illuminate\\Http\\Request))
#14 C:\\xampp\\htdocs\\language\\vendor\\barryvdh\\laravel-debugbar\\src\\Middleware\\InjectDebugbar.php(59): Illuminate\\Pipeline\\Pipeline->Illuminate\\Pipeline\\{closure}(Object(Illuminate\\Http\\Request))
#15 C:\\xampp\\htdocs\\language\\vendor\\laravel\\framework\\src\\Illuminate\\Pipeline\\Pipeline.php(167): Barryvdh\\Debugbar\\Middleware\\InjectDebugbar->handle(Object(Illuminate\\Http\\Request), Object(Closure))
#16 C:\\xampp\\htdocs\\language\\vendor\\laravel\\framework\\src\\Illuminate\\View\\Middleware\\ShareErrorsFromSession.php(49): Illuminate\\Pipeline\\Pipeline->Illuminate\\Pipeline\\{closure}(Object(Illuminate\\Http\\Request))
#17 C:\\xampp\\htdocs\\language\\vendor\\laravel\\framework\\src\\Illuminate\\Pipeline\\Pipeline.php(167): Illuminate\\View\\Middleware\\ShareErrorsFromSession->handle(Object(Illuminate\\Http\\Request), Object(Closure))
#18 C:\\xampp\\htdocs\\language\\vendor\\laravel\\framework\\src\\Illuminate\\Session\\Middleware\\StartSession.php(121): Illuminate\\Pipeline\\Pipeline->Illuminate\\Pipeline\\{closure}(Object(Illuminate\\Http\\Request))
#19 C:\\xampp\\htdocs\\language\\vendor\\laravel\\framework\\src\\Illuminate\\Session\\Middleware\\StartSession.php(64): Illuminate\\Session\\Middleware\\StartSession->handleStatefulRequest(Object(Illuminate\\Http\\Request), Object(Illuminate\\Session\\Store), Object(Closure))
#20 C:\\xampp\\htdocs\\language\\vendor\\laravel\\framework\\src\\Illuminate\\Pipeline\\Pipeline.php(167): Illuminate\\Session\\Middleware\\StartSession->handle(Object(Illuminate\\Http\\Request), Object(Closure))
#21 C:\\xampp\\htdocs\\language\\vendor\\fideloper\\proxy\\src\\TrustProxies.php(57): Illuminate\\Pipeline\\Pipeline->Illuminate\\Pipeline\\{closure}(Object(Illuminate\\Http\\Request))
#22 C:\\xampp\\htdocs\\language\\vendor\\laravel\\framework\\src\\Illuminate\\Pipeline\\Pipeline.php(167): Fideloper\\Proxy\\TrustProxies->handle(Object(Illuminate\\Http\\Request), Object(Closure))
#23 C:\\xampp\\htdocs\\language\\vendor\\laravel\\framework\\src\\Illuminate\\Foundation\\Http\\Middleware\\TransformsRequest.php(21): Illuminate\\Pipeline\\Pipeline->Illuminate\\Pipeline\\{closure}(Object(Illuminate\\Http\\Request))
#24 C:\\xampp\\htdocs\\language\\vendor\\laravel\\framework\\src\\Illuminate\\Foundation\\Http\\Middleware\\ConvertEmptyStringsToNull.php(31): Illuminate\\Foundation\\Http\\Middleware\\TransformsRequest->handle(Object(Illuminate\\Http\\Request), Object(Closure))
#25 C:\\xampp\\htdocs\\language\\vendor\\laravel\\framework\\src\\Illuminate\\Pipeline\\Pipeline.php(167): Illuminate\\Foundation\\Http\\Middleware\\ConvertEmptyStringsToNull->handle(Object(Illuminate\\Http\\Request), Object(Closure))
#26 C:\\xampp\\htdocs\\language\\vendor\\laravel\\framework\\src\\Illuminate\\Foundation\\Http\\Middleware\\TransformsRequest.php(21): Illuminate\\Pipeline\\Pipeline->Illuminate\\Pipeline\\{closure}(Object(Illuminate\\Http\\Request))
#27 C:\\xampp\\htdocs\\language\\vendor\\laravel\\framework\\src\\Illuminate\\Foundation\\Http\\Middleware\\TrimStrings.php(40): Illuminate\\Foundation\\Http\\Middleware\\TransformsRequest->handle(Object(Illuminate\\Http\\Request), Object(Closure))
#28 C:\\xampp\\htdocs\\language\\vendor\\laravel\\framework\\src\\Illuminate\\Pipeline\\Pipeline.php(167): Illuminate\\Foundation\\Http\\Middleware\\TrimStrings->handle(Object(Illuminate\\Http\\Request), Object(Closure))
#29 C:\\xampp\\htdocs\\language\\vendor\\laravel\\framework\\src\\Illuminate\\Foundation\\Http\\Middleware\\ValidatePostSize.php(27): Illuminate\\Pipeline\\Pipeline->Illuminate\\Pipeline\\{closure}(Object(Illuminate\\Http\\Request))
#30 C:\\xampp\\htdocs\\language\\vendor\\laravel\\framework\\src\\Illuminate\\Pipeline\\Pipeline.php(167): Illuminate\\Foundation\\Http\\Middleware\\ValidatePostSize->handle(Object(Illuminate\\Http\\Request), Object(Closure))
#31 C:\\xampp\\htdocs\\language\\vendor\\laravel\\framework\\src\\Illuminate\\Foundation\\Http\\Middleware\\PreventRequestsDuringMaintenance.php(86): Illuminate\\Pipeline\\Pipeline->Illuminate\\Pipeline\\{closure}(Object(Illuminate\\Http\\Request))
#32 C:\\xampp\\htdocs\\language\\vendor\\laravel\\framework\\src\\Illuminate\\Pipeline\\Pipeline.php(167): Illuminate\\Foundation\\Http\\Middleware\\PreventRequestsDuringMaintenance->handle(Object(Illuminate\\Http\\Request), Object(Closure))
#33 C:\\xampp\\htdocs\\language\\vendor\\laravel\\framework\\src\\Illuminate\\Pipeline\\Pipeline.php(103): Illuminate\\Pipeline\\Pipeline->Illuminate\\Pipeline\\{closure}(Object(Illuminate\\Http\\Request))
#34 C:\\xampp\\htdocs\\language\\vendor\\laravel\\framework\\src\\Illuminate\\Foundation\\Http\\Kernel.php(142): Illuminate\\Pipeline\\Pipeline->then(Object(Closure))
#35 C:\\xampp\\htdocs\\language\\vendor\\laravel\\framework\\src\\Illuminate\\Foundation\\Http\\Kernel.php(111): Illuminate\\Foundation\\Http\\Kernel->sendRequestThroughRouter(Object(Illuminate\\Http\\Request))
#36 C:\\xampp\\htdocs\\language\\public\\index.php(59): Illuminate\\Foundation\\Http\\Kernel->handle(Object(Illuminate\\Http\\Request))
#37 C:\\xampp\\htdocs\\language\\server.php(19): require_once('C:\\\\xampp\\\\htdocs...')
#38 {main}
"} 
[28-07-24 23:44:21] local.INFO: menuController - index  
[28-07-24 23:44:21] local.INFO: Menu Item Labels: {"labels":["Courses & Lessons","BUY COURSES","Forums","Contact","About Margies"]} 
[28-07-24 23:44:21] local.INFO: Menu Data: {"menu_data":null} 
[28-07-24 23:45:43] local.INFO: menuController - index  
[28-07-24 23:45:43] local.INFO: Menu Item Labels: {"labels":["Courses & Lessons","BUY COURSES","Forums","Contact","About Margies","Blogs"]} 
[28-07-24 23:45:43] local.INFO: Menu Data: {"menu_data":null} 
[28-07-24 23:46:27] local.ERROR: Undefined index: class {"userId":1,"exception":"[object] (ErrorException(code: 0): Undefined index: class at C:\\xampp\\htdocs\\language\\vendor\\harimayco\\laravel-menu\\src\\Controllers\\MenuController.php:46)
[stacktrace]
#0 C:\\xampp\\htdocs\\language\\vendor\\harimayco\\laravel-menu\\src\\Controllers\\MenuController.php(46): Illuminate\\Foundation\\Bootstrap\\HandleExceptions->handleError(8, 'Undefined index...', 'C:\\\\xampp\\\\htdocs...', 46, Array)
#1 C:\\xampp\\htdocs\\language\\vendor\\laravel\\framework\\src\\Illuminate\\Routing\\Controller.php(54): Harimayco\\Menu\\Controllers\\MenuController->updateitem()
#2 C:\\xampp\\htdocs\\language\\vendor\\laravel\\framework\\src\\Illuminate\\Routing\\ControllerDispatcher.php(45): Illuminate\\Routing\\Controller->callAction('updateitem', Array)
#3 C:\\xampp\\htdocs\\language\\vendor\\laravel\\framework\\src\\Illuminate\\Routing\\Route.php(262): Illuminate\\Routing\\ControllerDispatcher->dispatch(Object(Illuminate\\Routing\\Route), Object(Harimayco\\Menu\\Controllers\\MenuController), 'updateitem')
#4 C:\\xampp\\htdocs\\language\\vendor\\laravel\\framework\\src\\Illuminate\\Routing\\Route.php(205): Illuminate\\Routing\\Route->runController()
#5 C:\\xampp\\htdocs\\language\\vendor\\laravel\\framework\\src\\Illuminate\\Routing\\Router.php(721): Illuminate\\Routing\\Route->run()
#6 C:\\xampp\\htdocs\\language\\vendor\\laravel\\framework\\src\\Illuminate\\Pipeline\\Pipeline.php(128): Illuminate\\Routing\\Router->Illuminate\\Routing\\{closure}(Object(Illuminate\\Http\\Request))
#7 C:\\xampp\\htdocs\\language\\vendor\\laravel\\framework\\src\\Illuminate\\Pipeline\\Pipeline.php(103): Illuminate\\Pipeline\\Pipeline->Illuminate\\Pipeline\\{closure}(Object(Illuminate\\Http\\Request))
#8 C:\\xampp\\htdocs\\language\\vendor\\laravel\\framework\\src\\Illuminate\\Routing\\Router.php(723): Illuminate\\Pipeline\\Pipeline->then(Object(Closure))
#9 C:\\xampp\\htdocs\\language\\vendor\\laravel\\framework\\src\\Illuminate\\Routing\\Router.php(698): Illuminate\\Routing\\Router->runRouteWithinStack(Object(Illuminate\\Routing\\Route), Object(Illuminate\\Http\\Request))
#10 C:\\xampp\\htdocs\\language\\vendor\\laravel\\framework\\src\\Illuminate\\Routing\\Router.php(662): Illuminate\\Routing\\Router->runRoute(Object(Illuminate\\Http\\Request), Object(Illuminate\\Routing\\Route))
#11 C:\\xampp\\htdocs\\language\\vendor\\laravel\\framework\\src\\Illuminate\\Routing\\Router.php(651): Illuminate\\Routing\\Router->dispatchToRoute(Object(Illuminate\\Http\\Request))
#12 C:\\xampp\\htdocs\\language\\vendor\\laravel\\framework\\src\\Illuminate\\Foundation\\Http\\Kernel.php(167): Illuminate\\Routing\\Router->dispatch(Object(Illuminate\\Http\\Request))
#13 C:\\xampp\\htdocs\\language\\vendor\\laravel\\framework\\src\\Illuminate\\Pipeline\\Pipeline.php(128): Illuminate\\Foundation\\Http\\Kernel->Illuminate\\Foundation\\Http\\{closure}(Object(Illuminate\\Http\\Request))
#14 C:\\xampp\\htdocs\\language\\vendor\\barryvdh\\laravel-debugbar\\src\\Middleware\\InjectDebugbar.php(59): Illuminate\\Pipeline\\Pipeline->Illuminate\\Pipeline\\{closure}(Object(Illuminate\\Http\\Request))
#15 C:\\xampp\\htdocs\\language\\vendor\\laravel\\framework\\src\\Illuminate\\Pipeline\\Pipeline.php(167): Barryvdh\\Debugbar\\Middleware\\InjectDebugbar->handle(Object(Illuminate\\Http\\Request), Object(Closure))
#16 C:\\xampp\\htdocs\\language\\vendor\\laravel\\framework\\src\\Illuminate\\View\\Middleware\\ShareErrorsFromSession.php(49): Illuminate\\Pipeline\\Pipeline->Illuminate\\Pipeline\\{closure}(Object(Illuminate\\Http\\Request))
#17 C:\\xampp\\htdocs\\language\\vendor\\laravel\\framework\\src\\Illuminate\\Pipeline\\Pipeline.php(167): Illuminate\\View\\Middleware\\ShareErrorsFromSession->handle(Object(Illuminate\\Http\\Request), Object(Closure))
#18 C:\\xampp\\htdocs\\language\\vendor\\laravel\\framework\\src\\Illuminate\\Session\\Middleware\\StartSession.php(121): Illuminate\\Pipeline\\Pipeline->Illuminate\\Pipeline\\{closure}(Object(Illuminate\\Http\\Request))
#19 C:\\xampp\\htdocs\\language\\vendor\\laravel\\framework\\src\\Illuminate\\Session\\Middleware\\StartSession.php(64): Illuminate\\Session\\Middleware\\StartSession->handleStatefulRequest(Object(Illuminate\\Http\\Request), Object(Illuminate\\Session\\Store), Object(Closure))
#20 C:\\xampp\\htdocs\\language\\vendor\\laravel\\framework\\src\\Illuminate\\Pipeline\\Pipeline.php(167): Illuminate\\Session\\Middleware\\StartSession->handle(Object(Illuminate\\Http\\Request), Object(Closure))
#21 C:\\xampp\\htdocs\\language\\vendor\\fideloper\\proxy\\src\\TrustProxies.php(57): Illuminate\\Pipeline\\Pipeline->Illuminate\\Pipeline\\{closure}(Object(Illuminate\\Http\\Request))
#22 C:\\xampp\\htdocs\\language\\vendor\\laravel\\framework\\src\\Illuminate\\Pipeline\\Pipeline.php(167): Fideloper\\Proxy\\TrustProxies->handle(Object(Illuminate\\Http\\Request), Object(Closure))
#23 C:\\xampp\\htdocs\\language\\vendor\\laravel\\framework\\src\\Illuminate\\Foundation\\Http\\Middleware\\TransformsRequest.php(21): Illuminate\\Pipeline\\Pipeline->Illuminate\\Pipeline\\{closure}(Object(Illuminate\\Http\\Request))
#24 C:\\xampp\\htdocs\\language\\vendor\\laravel\\framework\\src\\Illuminate\\Foundation\\Http\\Middleware\\ConvertEmptyStringsToNull.php(31): Illuminate\\Foundation\\Http\\Middleware\\TransformsRequest->handle(Object(Illuminate\\Http\\Request), Object(Closure))
#25 C:\\xampp\\htdocs\\language\\vendor\\laravel\\framework\\src\\Illuminate\\Pipeline\\Pipeline.php(167): Illuminate\\Foundation\\Http\\Middleware\\ConvertEmptyStringsToNull->handle(Object(Illuminate\\Http\\Request), Object(Closure))
#26 C:\\xampp\\htdocs\\language\\vendor\\laravel\\framework\\src\\Illuminate\\Foundation\\Http\\Middleware\\TransformsRequest.php(21): Illuminate\\Pipeline\\Pipeline->Illuminate\\Pipeline\\{closure}(Object(Illuminate\\Http\\Request))
#27 C:\\xampp\\htdocs\\language\\vendor\\laravel\\framework\\src\\Illuminate\\Foundation\\Http\\Middleware\\TrimStrings.php(40): Illuminate\\Foundation\\Http\\Middleware\\TransformsRequest->handle(Object(Illuminate\\Http\\Request), Object(Closure))
#28 C:\\xampp\\htdocs\\language\\vendor\\laravel\\framework\\src\\Illuminate\\Pipeline\\Pipeline.php(167): Illuminate\\Foundation\\Http\\Middleware\\TrimStrings->handle(Object(Illuminate\\Http\\Request), Object(Closure))
#29 C:\\xampp\\htdocs\\language\\vendor\\laravel\\framework\\src\\Illuminate\\Foundation\\Http\\Middleware\\ValidatePostSize.php(27): Illuminate\\Pipeline\\Pipeline->Illuminate\\Pipeline\\{closure}(Object(Illuminate\\Http\\Request))
#30 C:\\xampp\\htdocs\\language\\vendor\\laravel\\framework\\src\\Illuminate\\Pipeline\\Pipeline.php(167): Illuminate\\Foundation\\Http\\Middleware\\ValidatePostSize->handle(Object(Illuminate\\Http\\Request), Object(Closure))
#31 C:\\xampp\\htdocs\\language\\vendor\\laravel\\framework\\src\\Illuminate\\Foundation\\Http\\Middleware\\PreventRequestsDuringMaintenance.php(86): Illuminate\\Pipeline\\Pipeline->Illuminate\\Pipeline\\{closure}(Object(Illuminate\\Http\\Request))
#32 C:\\xampp\\htdocs\\language\\vendor\\laravel\\framework\\src\\Illuminate\\Pipeline\\Pipeline.php(167): Illuminate\\Foundation\\Http\\Middleware\\PreventRequestsDuringMaintenance->handle(Object(Illuminate\\Http\\Request), Object(Closure))
#33 C:\\xampp\\htdocs\\language\\vendor\\laravel\\framework\\src\\Illuminate\\Pipeline\\Pipeline.php(103): Illuminate\\Pipeline\\Pipeline->Illuminate\\Pipeline\\{closure}(Object(Illuminate\\Http\\Request))
#34 C:\\xampp\\htdocs\\language\\vendor\\laravel\\framework\\src\\Illuminate\\Foundation\\Http\\Kernel.php(142): Illuminate\\Pipeline\\Pipeline->then(Object(Closure))
#35 C:\\xampp\\htdocs\\language\\vendor\\laravel\\framework\\src\\Illuminate\\Foundation\\Http\\Kernel.php(111): Illuminate\\Foundation\\Http\\Kernel->sendRequestThroughRouter(Object(Illuminate\\Http\\Request))
#36 C:\\xampp\\htdocs\\language\\public\\index.php(59): Illuminate\\Foundation\\Http\\Kernel->handle(Object(Illuminate\\Http\\Request))
#37 C:\\xampp\\htdocs\\language\\server.php(19): require_once('C:\\\\xampp\\\\htdocs...')
#38 {main}
"} 
[28-07-24 23:46:32] local.INFO: menuController - index  
[28-07-24 23:46:32] local.INFO: Menu Item Labels: {"labels":["Courses & Lessons","BUY COURSES","Forums","Contact","About Margies","Blogs"]} 
[28-07-24 23:46:32] local.INFO: Menu Data: {"menu_data":null} 
[28-07-24 23:46:45] local.ERROR: Undefined index: class {"userId":1,"exception":"[object] (ErrorException(code: 0): Undefined index: class at C:\\xampp\\htdocs\\language\\vendor\\harimayco\\laravel-menu\\src\\Controllers\\MenuController.php:46)
[stacktrace]
#0 C:\\xampp\\htdocs\\language\\vendor\\harimayco\\laravel-menu\\src\\Controllers\\MenuController.php(46): Illuminate\\Foundation\\Bootstrap\\HandleExceptions->handleError(8, 'Undefined index...', 'C:\\\\xampp\\\\htdocs...', 46, Array)
#1 C:\\xampp\\htdocs\\language\\vendor\\laravel\\framework\\src\\Illuminate\\Routing\\Controller.php(54): Harimayco\\Menu\\Controllers\\MenuController->updateitem()
#2 C:\\xampp\\htdocs\\language\\vendor\\laravel\\framework\\src\\Illuminate\\Routing\\ControllerDispatcher.php(45): Illuminate\\Routing\\Controller->callAction('updateitem', Array)
#3 C:\\xampp\\htdocs\\language\\vendor\\laravel\\framework\\src\\Illuminate\\Routing\\Route.php(262): Illuminate\\Routing\\ControllerDispatcher->dispatch(Object(Illuminate\\Routing\\Route), Object(Harimayco\\Menu\\Controllers\\MenuController), 'updateitem')
#4 C:\\xampp\\htdocs\\language\\vendor\\laravel\\framework\\src\\Illuminate\\Routing\\Route.php(205): Illuminate\\Routing\\Route->runController()
#5 C:\\xampp\\htdocs\\language\\vendor\\laravel\\framework\\src\\Illuminate\\Routing\\Router.php(721): Illuminate\\Routing\\Route->run()
#6 C:\\xampp\\htdocs\\language\\vendor\\laravel\\framework\\src\\Illuminate\\Pipeline\\Pipeline.php(128): Illuminate\\Routing\\Router->Illuminate\\Routing\\{closure}(Object(Illuminate\\Http\\Request))
#7 C:\\xampp\\htdocs\\language\\vendor\\laravel\\framework\\src\\Illuminate\\Pipeline\\Pipeline.php(103): Illuminate\\Pipeline\\Pipeline->Illuminate\\Pipeline\\{closure}(Object(Illuminate\\Http\\Request))
#8 C:\\xampp\\htdocs\\language\\vendor\\laravel\\framework\\src\\Illuminate\\Routing\\Router.php(723): Illuminate\\Pipeline\\Pipeline->then(Object(Closure))
#9 C:\\xampp\\htdocs\\language\\vendor\\laravel\\framework\\src\\Illuminate\\Routing\\Router.php(698): Illuminate\\Routing\\Router->runRouteWithinStack(Object(Illuminate\\Routing\\Route), Object(Illuminate\\Http\\Request))
#10 C:\\xampp\\htdocs\\language\\vendor\\laravel\\framework\\src\\Illuminate\\Routing\\Router.php(662): Illuminate\\Routing\\Router->runRoute(Object(Illuminate\\Http\\Request), Object(Illuminate\\Routing\\Route))
#11 C:\\xampp\\htdocs\\language\\vendor\\laravel\\framework\\src\\Illuminate\\Routing\\Router.php(651): Illuminate\\Routing\\Router->dispatchToRoute(Object(Illuminate\\Http\\Request))
#12 C:\\xampp\\htdocs\\language\\vendor\\laravel\\framework\\src\\Illuminate\\Foundation\\Http\\Kernel.php(167): Illuminate\\Routing\\Router->dispatch(Object(Illuminate\\Http\\Request))
#13 C:\\xampp\\htdocs\\language\\vendor\\laravel\\framework\\src\\Illuminate\\Pipeline\\Pipeline.php(128): Illuminate\\Foundation\\Http\\Kernel->Illuminate\\Foundation\\Http\\{closure}(Object(Illuminate\\Http\\Request))
#14 C:\\xampp\\htdocs\\language\\vendor\\barryvdh\\laravel-debugbar\\src\\Middleware\\InjectDebugbar.php(59): Illuminate\\Pipeline\\Pipeline->Illuminate\\Pipeline\\{closure}(Object(Illuminate\\Http\\Request))
#15 C:\\xampp\\htdocs\\language\\vendor\\laravel\\framework\\src\\Illuminate\\Pipeline\\Pipeline.php(167): Barryvdh\\Debugbar\\Middleware\\InjectDebugbar->handle(Object(Illuminate\\Http\\Request), Object(Closure))
#16 C:\\xampp\\htdocs\\language\\vendor\\laravel\\framework\\src\\Illuminate\\View\\Middleware\\ShareErrorsFromSession.php(49): Illuminate\\Pipeline\\Pipeline->Illuminate\\Pipeline\\{closure}(Object(Illuminate\\Http\\Request))
#17 C:\\xampp\\htdocs\\language\\vendor\\laravel\\framework\\src\\Illuminate\\Pipeline\\Pipeline.php(167): Illuminate\\View\\Middleware\\ShareErrorsFromSession->handle(Object(Illuminate\\Http\\Request), Object(Closure))
#18 C:\\xampp\\htdocs\\language\\vendor\\laravel\\framework\\src\\Illuminate\\Session\\Middleware\\StartSession.php(121): Illuminate\\Pipeline\\Pipeline->Illuminate\\Pipeline\\{closure}(Object(Illuminate\\Http\\Request))
#19 C:\\xampp\\htdocs\\language\\vendor\\laravel\\framework\\src\\Illuminate\\Session\\Middleware\\StartSession.php(64): Illuminate\\Session\\Middleware\\StartSession->handleStatefulRequest(Object(Illuminate\\Http\\Request), Object(Illuminate\\Session\\Store), Object(Closure))
#20 C:\\xampp\\htdocs\\language\\vendor\\laravel\\framework\\src\\Illuminate\\Pipeline\\Pipeline.php(167): Illuminate\\Session\\Middleware\\StartSession->handle(Object(Illuminate\\Http\\Request), Object(Closure))
#21 C:\\xampp\\htdocs\\language\\vendor\\fideloper\\proxy\\src\\TrustProxies.php(57): Illuminate\\Pipeline\\Pipeline->Illuminate\\Pipeline\\{closure}(Object(Illuminate\\Http\\Request))
#22 C:\\xampp\\htdocs\\language\\vendor\\laravel\\framework\\src\\Illuminate\\Pipeline\\Pipeline.php(167): Fideloper\\Proxy\\TrustProxies->handle(Object(Illuminate\\Http\\Request), Object(Closure))
#23 C:\\xampp\\htdocs\\language\\vendor\\laravel\\framework\\src\\Illuminate\\Foundation\\Http\\Middleware\\TransformsRequest.php(21): Illuminate\\Pipeline\\Pipeline->Illuminate\\Pipeline\\{closure}(Object(Illuminate\\Http\\Request))
#24 C:\\xampp\\htdocs\\language\\vendor\\laravel\\framework\\src\\Illuminate\\Foundation\\Http\\Middleware\\ConvertEmptyStringsToNull.php(31): Illuminate\\Foundation\\Http\\Middleware\\TransformsRequest->handle(Object(Illuminate\\Http\\Request), Object(Closure))
#25 C:\\xampp\\htdocs\\language\\vendor\\laravel\\framework\\src\\Illuminate\\Pipeline\\Pipeline.php(167): Illuminate\\Foundation\\Http\\Middleware\\ConvertEmptyStringsToNull->handle(Object(Illuminate\\Http\\Request), Object(Closure))
#26 C:\\xampp\\htdocs\\language\\vendor\\laravel\\framework\\src\\Illuminate\\Foundation\\Http\\Middleware\\TransformsRequest.php(21): Illuminate\\Pipeline\\Pipeline->Illuminate\\Pipeline\\{closure}(Object(Illuminate\\Http\\Request))
#27 C:\\xampp\\htdocs\\language\\vendor\\laravel\\framework\\src\\Illuminate\\Foundation\\Http\\Middleware\\TrimStrings.php(40): Illuminate\\Foundation\\Http\\Middleware\\TransformsRequest->handle(Object(Illuminate\\Http\\Request), Object(Closure))
#28 C:\\xampp\\htdocs\\language\\vendor\\laravel\\framework\\src\\Illuminate\\Pipeline\\Pipeline.php(167): Illuminate\\Foundation\\Http\\Middleware\\TrimStrings->handle(Object(Illuminate\\Http\\Request), Object(Closure))
#29 C:\\xampp\\htdocs\\language\\vendor\\laravel\\framework\\src\\Illuminate\\Foundation\\Http\\Middleware\\ValidatePostSize.php(27): Illuminate\\Pipeline\\Pipeline->Illuminate\\Pipeline\\{closure}(Object(Illuminate\\Http\\Request))
#30 C:\\xampp\\htdocs\\language\\vendor\\laravel\\framework\\src\\Illuminate\\Pipeline\\Pipeline.php(167): Illuminate\\Foundation\\Http\\Middleware\\ValidatePostSize->handle(Object(Illuminate\\Http\\Request), Object(Closure))
#31 C:\\xampp\\htdocs\\language\\vendor\\laravel\\framework\\src\\Illuminate\\Foundation\\Http\\Middleware\\PreventRequestsDuringMaintenance.php(86): Illuminate\\Pipeline\\Pipeline->Illuminate\\Pipeline\\{closure}(Object(Illuminate\\Http\\Request))
#32 C:\\xampp\\htdocs\\language\\vendor\\laravel\\framework\\src\\Illuminate\\Pipeline\\Pipeline.php(167): Illuminate\\Foundation\\Http\\Middleware\\PreventRequestsDuringMaintenance->handle(Object(Illuminate\\Http\\Request), Object(Closure))
#33 C:\\xampp\\htdocs\\language\\vendor\\laravel\\framework\\src\\Illuminate\\Pipeline\\Pipeline.php(103): Illuminate\\Pipeline\\Pipeline->Illuminate\\Pipeline\\{closure}(Object(Illuminate\\Http\\Request))
#34 C:\\xampp\\htdocs\\language\\vendor\\laravel\\framework\\src\\Illuminate\\Foundation\\Http\\Kernel.php(142): Illuminate\\Pipeline\\Pipeline->then(Object(Closure))
#35 C:\\xampp\\htdocs\\language\\vendor\\laravel\\framework\\src\\Illuminate\\Foundation\\Http\\Kernel.php(111): Illuminate\\Foundation\\Http\\Kernel->sendRequestThroughRouter(Object(Illuminate\\Http\\Request))
#36 C:\\xampp\\htdocs\\language\\public\\index.php(59): Illuminate\\Foundation\\Http\\Kernel->handle(Object(Illuminate\\Http\\Request))
#37 C:\\xampp\\htdocs\\language\\server.php(19): require_once('C:\\\\xampp\\\\htdocs...')
#38 {main}
"} 
[28-07-24 23:46:50] local.INFO: menuController - index  
[28-07-24 23:46:50] local.INFO: Menu Item Labels: {"labels":["Courses & Lessons","BUY COURSES","Forums","Contact","About Margies","Blogs"]} 
[28-07-24 23:46:50] local.INFO: Menu Data: {"menu_data":null} 
[28-07-24 23:47:00] local.ERROR: Undefined index: class {"userId":1,"exception":"[object] (ErrorException(code: 0): Undefined index: class at C:\\xampp\\htdocs\\language\\vendor\\harimayco\\laravel-menu\\src\\Controllers\\MenuController.php:46)
[stacktrace]
#0 C:\\xampp\\htdocs\\language\\vendor\\harimayco\\laravel-menu\\src\\Controllers\\MenuController.php(46): Illuminate\\Foundation\\Bootstrap\\HandleExceptions->handleError(8, 'Undefined index...', 'C:\\\\xampp\\\\htdocs...', 46, Array)
#1 C:\\xampp\\htdocs\\language\\vendor\\laravel\\framework\\src\\Illuminate\\Routing\\Controller.php(54): Harimayco\\Menu\\Controllers\\MenuController->updateitem()
#2 C:\\xampp\\htdocs\\language\\vendor\\laravel\\framework\\src\\Illuminate\\Routing\\ControllerDispatcher.php(45): Illuminate\\Routing\\Controller->callAction('updateitem', Array)
#3 C:\\xampp\\htdocs\\language\\vendor\\laravel\\framework\\src\\Illuminate\\Routing\\Route.php(262): Illuminate\\Routing\\ControllerDispatcher->dispatch(Object(Illuminate\\Routing\\Route), Object(Harimayco\\Menu\\Controllers\\MenuController), 'updateitem')
#4 C:\\xampp\\htdocs\\language\\vendor\\laravel\\framework\\src\\Illuminate\\Routing\\Route.php(205): Illuminate\\Routing\\Route->runController()
#5 C:\\xampp\\htdocs\\language\\vendor\\laravel\\framework\\src\\Illuminate\\Routing\\Router.php(721): Illuminate\\Routing\\Route->run()
#6 C:\\xampp\\htdocs\\language\\vendor\\laravel\\framework\\src\\Illuminate\\Pipeline\\Pipeline.php(128): Illuminate\\Routing\\Router->Illuminate\\Routing\\{closure}(Object(Illuminate\\Http\\Request))
#7 C:\\xampp\\htdocs\\language\\vendor\\laravel\\framework\\src\\Illuminate\\Pipeline\\Pipeline.php(103): Illuminate\\Pipeline\\Pipeline->Illuminate\\Pipeline\\{closure}(Object(Illuminate\\Http\\Request))
#8 C:\\xampp\\htdocs\\language\\vendor\\laravel\\framework\\src\\Illuminate\\Routing\\Router.php(723): Illuminate\\Pipeline\\Pipeline->then(Object(Closure))
#9 C:\\xampp\\htdocs\\language\\vendor\\laravel\\framework\\src\\Illuminate\\Routing\\Router.php(698): Illuminate\\Routing\\Router->runRouteWithinStack(Object(Illuminate\\Routing\\Route), Object(Illuminate\\Http\\Request))
#10 C:\\xampp\\htdocs\\language\\vendor\\laravel\\framework\\src\\Illuminate\\Routing\\Router.php(662): Illuminate\\Routing\\Router->runRoute(Object(Illuminate\\Http\\Request), Object(Illuminate\\Routing\\Route))
#11 C:\\xampp\\htdocs\\language\\vendor\\laravel\\framework\\src\\Illuminate\\Routing\\Router.php(651): Illuminate\\Routing\\Router->dispatchToRoute(Object(Illuminate\\Http\\Request))
#12 C:\\xampp\\htdocs\\language\\vendor\\laravel\\framework\\src\\Illuminate\\Foundation\\Http\\Kernel.php(167): Illuminate\\Routing\\Router->dispatch(Object(Illuminate\\Http\\Request))
#13 C:\\xampp\\htdocs\\language\\vendor\\laravel\\framework\\src\\Illuminate\\Pipeline\\Pipeline.php(128): Illuminate\\Foundation\\Http\\Kernel->Illuminate\\Foundation\\Http\\{closure}(Object(Illuminate\\Http\\Request))
#14 C:\\xampp\\htdocs\\language\\vendor\\barryvdh\\laravel-debugbar\\src\\Middleware\\InjectDebugbar.php(59): Illuminate\\Pipeline\\Pipeline->Illuminate\\Pipeline\\{closure}(Object(Illuminate\\Http\\Request))
#15 C:\\xampp\\htdocs\\language\\vendor\\laravel\\framework\\src\\Illuminate\\Pipeline\\Pipeline.php(167): Barryvdh\\Debugbar\\Middleware\\InjectDebugbar->handle(Object(Illuminate\\Http\\Request), Object(Closure))
#16 C:\\xampp\\htdocs\\language\\vendor\\laravel\\framework\\src\\Illuminate\\View\\Middleware\\ShareErrorsFromSession.php(49): Illuminate\\Pipeline\\Pipeline->Illuminate\\Pipeline\\{closure}(Object(Illuminate\\Http\\Request))
#17 C:\\xampp\\htdocs\\language\\vendor\\laravel\\framework\\src\\Illuminate\\Pipeline\\Pipeline.php(167): Illuminate\\View\\Middleware\\ShareErrorsFromSession->handle(Object(Illuminate\\Http\\Request), Object(Closure))
#18 C:\\xampp\\htdocs\\language\\vendor\\laravel\\framework\\src\\Illuminate\\Session\\Middleware\\StartSession.php(121): Illuminate\\Pipeline\\Pipeline->Illuminate\\Pipeline\\{closure}(Object(Illuminate\\Http\\Request))
#19 C:\\xampp\\htdocs\\language\\vendor\\laravel\\framework\\src\\Illuminate\\Session\\Middleware\\StartSession.php(64): Illuminate\\Session\\Middleware\\StartSession->handleStatefulRequest(Object(Illuminate\\Http\\Request), Object(Illuminate\\Session\\Store), Object(Closure))
#20 C:\\xampp\\htdocs\\language\\vendor\\laravel\\framework\\src\\Illuminate\\Pipeline\\Pipeline.php(167): Illuminate\\Session\\Middleware\\StartSession->handle(Object(Illuminate\\Http\\Request), Object(Closure))
#21 C:\\xampp\\htdocs\\language\\vendor\\fideloper\\proxy\\src\\TrustProxies.php(57): Illuminate\\Pipeline\\Pipeline->Illuminate\\Pipeline\\{closure}(Object(Illuminate\\Http\\Request))
#22 C:\\xampp\\htdocs\\language\\vendor\\laravel\\framework\\src\\Illuminate\\Pipeline\\Pipeline.php(167): Fideloper\\Proxy\\TrustProxies->handle(Object(Illuminate\\Http\\Request), Object(Closure))
#23 C:\\xampp\\htdocs\\language\\vendor\\laravel\\framework\\src\\Illuminate\\Foundation\\Http\\Middleware\\TransformsRequest.php(21): Illuminate\\Pipeline\\Pipeline->Illuminate\\Pipeline\\{closure}(Object(Illuminate\\Http\\Request))
#24 C:\\xampp\\htdocs\\language\\vendor\\laravel\\framework\\src\\Illuminate\\Foundation\\Http\\Middleware\\ConvertEmptyStringsToNull.php(31): Illuminate\\Foundation\\Http\\Middleware\\TransformsRequest->handle(Object(Illuminate\\Http\\Request), Object(Closure))
#25 C:\\xampp\\htdocs\\language\\vendor\\laravel\\framework\\src\\Illuminate\\Pipeline\\Pipeline.php(167): Illuminate\\Foundation\\Http\\Middleware\\ConvertEmptyStringsToNull->handle(Object(Illuminate\\Http\\Request), Object(Closure))
#26 C:\\xampp\\htdocs\\language\\vendor\\laravel\\framework\\src\\Illuminate\\Foundation\\Http\\Middleware\\TransformsRequest.php(21): Illuminate\\Pipeline\\Pipeline->Illuminate\\Pipeline\\{closure}(Object(Illuminate\\Http\\Request))
#27 C:\\xampp\\htdocs\\language\\vendor\\laravel\\framework\\src\\Illuminate\\Foundation\\Http\\Middleware\\TrimStrings.php(40): Illuminate\\Foundation\\Http\\Middleware\\TransformsRequest->handle(Object(Illuminate\\Http\\Request), Object(Closure))
#28 C:\\xampp\\htdocs\\language\\vendor\\laravel\\framework\\src\\Illuminate\\Pipeline\\Pipeline.php(167): Illuminate\\Foundation\\Http\\Middleware\\TrimStrings->handle(Object(Illuminate\\Http\\Request), Object(Closure))
#29 C:\\xampp\\htdocs\\language\\vendor\\laravel\\framework\\src\\Illuminate\\Foundation\\Http\\Middleware\\ValidatePostSize.php(27): Illuminate\\Pipeline\\Pipeline->Illuminate\\Pipeline\\{closure}(Object(Illuminate\\Http\\Request))
#30 C:\\xampp\\htdocs\\language\\vendor\\laravel\\framework\\src\\Illuminate\\Pipeline\\Pipeline.php(167): Illuminate\\Foundation\\Http\\Middleware\\ValidatePostSize->handle(Object(Illuminate\\Http\\Request), Object(Closure))
#31 C:\\xampp\\htdocs\\language\\vendor\\laravel\\framework\\src\\Illuminate\\Foundation\\Http\\Middleware\\PreventRequestsDuringMaintenance.php(86): Illuminate\\Pipeline\\Pipeline->Illuminate\\Pipeline\\{closure}(Object(Illuminate\\Http\\Request))
#32 C:\\xampp\\htdocs\\language\\vendor\\laravel\\framework\\src\\Illuminate\\Pipeline\\Pipeline.php(167): Illuminate\\Foundation\\Http\\Middleware\\PreventRequestsDuringMaintenance->handle(Object(Illuminate\\Http\\Request), Object(Closure))
#33 C:\\xampp\\htdocs\\language\\vendor\\laravel\\framework\\src\\Illuminate\\Pipeline\\Pipeline.php(103): Illuminate\\Pipeline\\Pipeline->Illuminate\\Pipeline\\{closure}(Object(Illuminate\\Http\\Request))
#34 C:\\xampp\\htdocs\\language\\vendor\\laravel\\framework\\src\\Illuminate\\Foundation\\Http\\Kernel.php(142): Illuminate\\Pipeline\\Pipeline->then(Object(Closure))
#35 C:\\xampp\\htdocs\\language\\vendor\\laravel\\framework\\src\\Illuminate\\Foundation\\Http\\Kernel.php(111): Illuminate\\Foundation\\Http\\Kernel->sendRequestThroughRouter(Object(Illuminate\\Http\\Request))
#36 C:\\xampp\\htdocs\\language\\public\\index.php(59): Illuminate\\Foundation\\Http\\Kernel->handle(Object(Illuminate\\Http\\Request))
#37 C:\\xampp\\htdocs\\language\\server.php(19): require_once('C:\\\\xampp\\\\htdocs...')
#38 {main}
"} 
